Total Number of Aligned Reads:	355521	Total Number of Mapped Genomes:	23545
Genome	Final Guess	Final Best Hit	Final Best Hit Read Numbers	Final High Confidence Hits	Final Low Confidence Hits	Initial Guess	Initial Best Hit	Initial Best Hit Read Numbers	Initial High Confidence Hits	Initial Low Confidence Hits
NZ_BMRF01000063.1	0.3136308925613471	0.1291119230650229	45902.0	0.1291119230650229	0.0	0.11833292063735892	0.04679281330155219	16635.827777781135	0.04603947446142422	0.07227139887657831
NZ_CP032621.1	0.2580569331509512	0.1136247929095609	40396.0	0.11356009912213343	6.469378742746561e-05	0.01666399533948663	0.008481694166128198	3015.420391636063	0.0003094050703052703	0.06383307877734368
NZ_BMRF01000072.1	0.08898178008179579	0.05705992051102467	20286.0	0.05705992051102467	0.0	0.042988421404240876	0.02467917975778189	8773.966666666374	0.021818683003254378	0.024479566607879703
NZ_CP035288.1	0.030442177890289773	0.010997943862669153	3910.0	0.010997943862669153	0.0	0.011210598867097264	0.004823671508162395	1714.9165182534027	0.002950599261365714	0.007152882670784567
NZ_BHXD01000053.1	0.018681095055790728	0.009270901015692463	3296.0	0.009270901015692463	0.0	0.01868109505579066	0.0092315221885627	3282.0	0.0092315221885627	0.0
NZ_BMRF01000099.1	0.01855800225687722	0.009082445200142888	3229.0	0.009082445200142888	0.0	0.00947233694925645	0.00519706759000639	1847.6666666666617	0.005507410251433811	0.003555345535144197
NZ_BMIV01000059.1	0.017606514813691777	0.012424019959439809	4417.0	0.012424019959439809	0.0	0.04067755329217537	0.030321301762229882	10779.85952380973	0.029078451061962586	0.011017633276234035
NZ_BNBF01000074.1	0.016065658081086336	0.006199352499571052	2204.0	0.006199352499571052	0.0	0.01241156666501119	0.005048928192708729	1795.0	0.006188101406105406	0.0
NZ_CP012400.2	0.015215063873522817	0.005234571234891891	1861.0	0.005234571234891891	0.0	0.0012481061776223109	0.0008352507625918971	296.94918636743387	0.00014907698841981206	0.004475122425960773
NZ_BMRF01000083.1	0.014639029547299747	0.007045997282860928	2505.0	0.007045997282860928	0.0	0.006195379786409176	0.0027180766630757395	966.33333333335	0.0027171390719535555	0.004025078687334926
NZ_JADBEH010000002.1	0.011352932926129216	0.0063343656211588065	2252.0	0.0063343656211588065	0.0	0.0030965494758572877	0.0018938409711273972	673.3002358961834	0.0004331670984273784	0.004919540617853798
NZ_LS483383.1	0.011144371637280402	0.0054202142770750535	1927.0	0.005417401503708641	2.812773366411548e-06	0.007758013844490366	0.003486785248658061	1239.6253783881625	0.0016454724193507555	0.019236557052888577
NZ_BHXD01000057.1	0.010512817586075446	0.005048928192708729	1795.0	0.005048928192708729	0.0	0.010512817586075446	0.005048928192708729	1795.0	0.005048928192708729	0.0
NZ_BNBF01000096.1	0.010230860036613054	0.003330323665831273	1184.0	0.003330323665831273	0.0	0.010230860036613054	0.003330323665831273	1184.0	0.003330323665831273	0.0
NZ_JADKPO010000068.1	0.009514605105722251	0.005588980679059746	1987.0	0.005588980679059746	0.0	0.0016861718576503047	0.0010973076000220605	390.11589526744297	0.0006919422481372409	0.004778901949533221
NZ_JACBZL010000001.1	0.009099025334485958	0.004582007813884412	1629.0	0.004582007813884412	0.0	0.0038202825136776763	0.002088624870968046	742.5500027514306	0.0012123053209233772	0.0021377077584727767
NZ_BMRF01000125.1	0.008563288164375139	0.004514501253090534	1605.0	0.004514501253090534	0.0	0.005206670014977816	0.0028744199826920753	1021.9166666666692	0.0028605905136405443	0.0016173446856866402
NZ_RRUE01000006.1	0.008217281745918563	0.003949133806441813	1404.0	0.003949133806441813	0.0	0.000851876891289873	0.00040717235489615546	144.75832278503609	1.406386683205774e-05	0.0039125677526784634
NZ_QPLJ01000067.1	0.008016871907198159	0.006230293006601579	2215.0	0.006230293006601579	0.0	0.002763586690119436	0.0021893880043609656	778.3734126984149	0.001170113720427204	0.004989859952014087
NZ_BMIV01000078.1	0.007942794851865198	0.00419665786268603	1492.0	0.00419665786268603	0.0	0.01093530094016234	0.005995895226067116	2131.666666666607	0.004449807465663069	0.004562318400319531
NZ_WJPN01000037.1	0.007614961488524249	0.002880279927205425	1024.0	0.002880279927205425	0.0	0.0009126512103098034	0.00042459243119745546	150.95152573175056	2.812773366411548e-06	0.004511688479724123
NZ_BNBF01000107.1	0.0069471346774075664	0.0032768809718694536	1165.0	0.0032768809718694536	0.0	0.006947134674030735	0.0032712554251366306	1163.0	0.003274068198503042	0.0
NZ_QPLJ01000097.1	0.005478509454877523	0.005670551106685681	2016.0	0.005670551106685681	0.0	0.002858068630578014	0.0028409011000757175	1010.0000000000192	0.002222090959465123	0.0017382939404423368
NZ_JVGP01000023.1	0.0054227185832528115	0.0039238188461441096	1395.0	0.003915380526044875	8.438320099234645e-06	0.004254049058685807	0.002320590792437115	825.0187591180356	0.0003037795235724472	0.01724230073610279
NZ_BMVC01000047.1	0.005238755526627082	0.0017186045268774558	611.0	0.0017186045268774558	0.0	0.004035100456922076	0.0017486074427858459	621.6666666666667	0.0012544969214195504	0.002247405919762827
NZ_BMRF01000161.1	0.005187179373137156	0.002899969340770306	1031.0	0.002899969340770306	0.0	0.0051871793665599865	0.0028929374073542774	1028.5	0.002894343794037483	0.0
NC_006085.1	0.004440347077745951	0.0025061810694726894	891.0	0.0024780533358085737	2.812773366411548e-05	0.003479215269403288	0.002047214002929829	727.8275695356157	0.0018648687419308564	0.00037691163109914745
NC_000913.3	0.003995635206717193	0.0020702011976788995	736.0	0.0020702011976788995	0.0	0.0008988136358273537	0.0005160254606881789	183.45788780932207	0.00017720472208392754	0.0016398468726179325
NZ_MUYK01000052.1	0.003950987152901663	0.0018958092489613834	674.0	0.0018958092489613834	0.0	0.003950987152901663	0.0018958092489613834	674.0	0.0018958092489613834	0.0
NZ_BMIV01000076.1	0.0034581780549856923	0.0014345144168698895	510.0	0.0014345144168698895	0.0	0.0724491121476434	0.027445167327199614	9757.333333333334	0.04262195482123419	0.00046410760545790544
NZ_PKJQ01000001.1	0.0029083214564102956	0.0011447987601295002	407.0	0.0011447987601295002	0.0	0.00042049681850758465	0.00019751602389089378	70.22109432971445	6.469378742746561e-05	0.000703193341602887
NZ_BHXD01000040.1	0.0020044280890869144	0.002073013971045311	737.0	0.002073013971045311	0.0	0.0005251950535424549	0.0006625487664582363	235.54999999999862	0.00031221784367168183	0.0015132720711294129
NZ_BNBF01000111.1	0.0018064586619937002	0.0008241425963585836	293.0	0.0008241425963585836	0.0	0.0018031196077650442	0.0007791382224959988	277.0	0.0007819509958624103	0.0
NZ_JXXV01000068.1	0.0018059921425840945	0.001873307062030091	666.0	0.001873307062030091	0.0	0.0018059921425840945	0.001873307062030091	666.0	0.001873307062030091	0.0
NZ_LT906441.1	0.0017649083122181625	0.0008241425963585836	293.0	0.0008241425963585836	0.0	0.0016839031971023681	0.0008092332340876497	287.6994086160753	0.000790389315961645	6.469378742746561e-05
NZ_PKKP01000008.1	0.0017556198821391414	0.0009732195847783956	346.0	0.0009732195847783956	0.0	0.0006680897963532399	0.0004638445397028517	164.90647459969753	0.00028409011000756634	0.000379724404465559
NZ_BNBF01000121.1	0.0016434458098224497	0.0016510979660835788	587.0	0.0016510979660835788	0.0	0.0016434458106152185	0.001662349059549225	591.0	0.001662349059549225	0.0
NZ_WACO01000046.1	0.0015097047368165639	0.0011419859867630884	406.0	0.0011419859867630884	0.0	0.0015097047368165639	0.00114233758343389	406.125	0.0011419859867630884	2.812773366411548e-06
NZ_CP015866.1	0.0013504719697258766	0.0005963079536792482	212.0	0.0005963079536792482	0.0	0.00043904644953218926	0.00020718117625576725	73.65725896362663	0.0001350131215877543	0.0004416054185266131
NZ_WACO01000134.1	0.0013038336807200753	0.0011841775872592619	421.0	0.0011841775872592619	0.0	0.0013038336807200753	0.0011841775872592619	421.0	0.0011841775872592619	0.0
NZ_LR134484.1	0.0012856309933540356	0.0005878696335800135	209.0	0.0005878696335800135	0.0	0.0006714438354988871	0.00030354939061104597	107.91818289942968	0.00022502186931292384	0.00028409011000756634
NZ_LPWH01000037.1	0.0010623543610197169	0.0003544094441678551	126.0	0.0003544094441678551	0.0	0.0012044720803693308	0.0004398602439224522	156.37955377955413	0.0003544094441678551	0.00036003499090067815
NZ_VTPZ01000030.1	0.0009897357435897775	0.0007060061149692985	251.0	0.000703193341602887	2.812773366411548e-06	0.0002611787344440694	0.00025402646809052204	90.31174396201048	5.906824069464251e-05	0.0006131845938777175
NZ_JXXV01000067.1	0.0009778131270653293	0.0004416054185266131	157.0	0.0004416054185266131	0.0	0.0009778131270653293	0.0004416054185266131	157.0	0.0004416054185266131	0.0
NZ_BKDH01000009.1	0.0009511455842655439	0.0003684733109999128	131.0	0.0003684733109999128	0.0	7.66791621567738e-05	2.8142608007604353e-05	10.005288141471507	0.0	0.00022502186931292384
NZ_PCZS01000001.1	0.0009454811433807251	0.0004134776848624976	147.0	0.0004134776848624976	0.0	0.0013073055242188549	0.0006541879932145094	232.5775695356156	0.0005316141662517825	0.000205332455748043
NZ_CM001513.1	0.0009394279699462394	0.0004922353391220209	175.0	0.0004922353391220209	0.0	0.0002131114101343223	0.00011311340454717716	40.21419069801697	2.2502186931292384e-05	0.002278346426793354
NZ_LR778174.1	0.0009166738617042545	0.0003628477642670897	129.0	0.0003628477642670897	0.0	0.00035053774779912427	0.00019484768270737067	69.27244300380713	0.00011251093465646192	0.00018564304218316217
NZ_NISV01000002.1	0.0008553064986507209	0.0005091119793204902	181.0	0.0005091119793204902	0.0	0.0008553064986507209	0.0005091119793204902	181.0	0.0005091119793204902	0.0
NZ_LS483436.1	0.000849854557990156	0.0004331670984273784	154.0	0.0004331670984273784	0.0	0.002163324724641834	0.0006874779819899414	244.41285963504598	0.00020251968238163147	0.009780012995012953
NZ_JRYB01000001.1	0.0008392836308803489	0.0005794313134807789	206.0	0.0005794313134807789	0.0	0.0001329925445640005	0.00011054949658136506	39.30266757410349	2.5314960297703934e-05	0.00025596237634345086
NZ_BNBB01000081.1	0.0007784698576347952	0.0003740988577327359	133.0	0.0003740988577327359	0.0	0.0019238900623947393	0.0008051563761353063	286.2500000000002	0.0008550831033891106	0.0008719597435875799
NZ_UFTA01000002.1	0.0007689600746106041	0.00039378827129761676	140.0	0.00039378827129761676	0.0	0.0006775635701208706	0.00030120114798656996	107.08333333333333	0.000261587923076274	4.500437386258477e-05
NZ_LR793266.1	0.0007607109109356712	0.0005147375260533134	183.0	0.0005119247526869017	2.812773366411548e-06	0.0008527901805208081	0.0002749473659474481	97.7495624890027	7.59448808931118e-05	0.005552414625296396
NZ_ACVO01000020.1	0.0006791297476280001	0.0003375328039693858	120.0	0.0003375328039693858	0.0	0.0006488571709561873	0.00033063490222484914	117.54765107388059	0.00031784339040450495	3.6566053763350124e-05
NZ_BNBF01000124.1	0.0006477455789893933	0.00024189850951139314	86.0	0.00024189850951139314	0.0	0.0006477455789893933	0.00024189850951139314	86.0	0.00024189850951139314	0.0
NZ_UGHU01000001.1	0.0006097833410193612	0.0005456780330838403	194.0	0.0005456780330838403	0.0	0.00015497035029867797	0.0001539392476214774	54.72863525363527	9.000874772516954e-05	0.00012094925475569657
NC_014643.1	0.0005963986824965641	0.000261587923076274	93.0	0.000261587923076274	0.0	0.0004728708718513667	0.00021034706303184897	74.78279819614598	0.00016595362861828133	0.00011532370802287348
NZ_QGNX01000055.1	0.0005651402275558035	0.0005963079536792482	212.0	0.0005963079536792482	0.0	0.0012460114238483089	0.0013801341317859247	490.66666666666373	0.0008550831033891106	0.0012235564143890235
NZ_CP044483.1	0.0005375992896580309	0.0002784645632747433	99.0	0.0002756517899083317	2.812773366411548e-06	0.00017815000175256483	0.00012061661823867831	42.88174073283315	9.282152109158108e-05	9.282152109158108e-05
NZ_JAATJR010000019.1	0.0005118454362822306	0.00021095800248086612	75.0	0.00021095800248086612	0.0	0.0007883277774714525	0.0003874499835460685	137.7466056002818	0.00021095800248086612	0.001431701643503478
NZ_BHXD01000058.1	0.000491164903837572	0.0003544094441678551	126.0	0.0003544094441678551	0.0	0.000491164903837572	0.00034597112406862043	123.0	0.00034597112406862043	0.0
NZ_JABULH010000022.1	0.0004683126902400711	0.0001631408552518698	58.0	0.0001631408552518698	0.0	0.0001385364254808082	5.8595319555377464e-05	20.831866603647352	3.375328039693858e-05	7.875765425952335e-05
NZ_UAPR01000011.1	0.0004521404789701546	0.0005062992059540786	180.0	0.0005062992059540786	0.0	0.00018062156151096818	0.00020197089221548367	71.80489357134097	0.00011251093465646192	0.0002165835492136892
NZ_CP014234.1	0.0004473660129236819	0.00024189850951139314	86.0	0.00023908573614498158	2.812773366411548e-06	0.0003294428667617253	0.00015106328321485906	53.706169511829906	0.00012938757485493122	8.15704276259349e-05
NZ_WACO01000289.1	0.0004393522640124447	0.00047817147228996316	170.0	0.00047817147228996316	0.0	0.0004393522640124447	0.00047817147228996316	170.0	0.00047817147228996316	0.0
NZ_CP050134.2	0.00043569579371687526	0.00036566053763350127	130.0	0.00036566053763350127	0.0	0.00041677992876006494	0.00035340385060134795	125.64249036964182	0.00034315835070220885	2.812773366411548e-05
NZ_BMRF01000060.1	0.0004313233795094813	0.0021630227187704803	769.0	0.0021377077584727767	2.5314960297703934e-05	0.00016055900343437697	0.0005844419777773927	207.78139638139643	0.00034878389743503197	0.0007510104888318834
NZ_CP027723.1	0.0004147503700589865	0.0001462642150534005	52.0	0.0001462642150534005	0.0	0.000488533673865381	0.00019322868323618043	68.6968546928101	0.0	0.0025483726699688626
NZ_SUSS01000123.1	0.00040640073445065737	0.0005878696335800135	209.0	0.0005878696335800135	0.0	0.00020387415856444	0.00028001883048048146	99.55257463125125	3.6566053763350124e-05	0.0012179308676562002
NZ_AEKI01000019.1	0.0003910405382323163	0.0001575153085190467	56.0	0.0001575153085190467	0.0	0.0003872694960369318	0.00015760604314376964	56.03225806451613	0.0001575153085190467	2.812773366411548e-06
NZ_WACO01000608.1	0.00038688289285537466	0.0003572222175342666	127.0	0.0003572222175342666	0.0	0.00038688289285537466	0.0003572222175342666	127.0	0.0003572222175342666	0.0
NZ_NDYD01000036.1	0.00035977107816490564	0.00021095800248086612	75.0	0.00021095800248086612	0.0	0.00035962940036725837	0.00020955161579766033	74.5	0.00020814522911445456	2.812773366411548e-06
NC_014212.1	0.00035729856707225334	0.00040785213812967447	145.0	0.00040785213812967447	0.0	0.00035704118258654587	0.00037691163109914745	134.0	0.00037128608436632433	1.1251093465646192e-05
NZ_BHXD01000064.1	0.0003468181202929884	0.0003994138180304398	142.0	0.0003994138180304398	0.0	0.0003468181202929884	0.0003994138180304398	142.0	0.0003994138180304398	0.0
NC_010172.1	0.00033539868703452453	0.00022502186931292384	80.0	0.00022502186931292384	0.0	0.00011785323123365765	7.506095731710598e-05	26.685746606334835	3.375328039693858e-05	0.00014345144168698896
NZ_CP033732.1	0.000311407133043338	0.0001406386683205774	50.0	0.0001406386683205774	0.0	0.0009898789867328994	0.00034797492323713895	123.71239268419087	7.313210752670025e-05	0.0032121871844419878
NZ_LT629736.1	0.000309541542973243	0.0001575153085190467	56.0	0.0001575153085190467	0.0	0.00019679692560392676	0.00017362037499166945	61.725689337413314	2.2502186931292384e-05	0.0004331670984273784
NZ_LT629770.1	0.00030750295263568835	0.00021095800248086612	75.0	0.00021095800248086612	0.0	0.00011956865464428394	7.288733183218287e-05	25.912977100309487	6.750656079387716e-05	6.469378742746561e-05
NZ_CP016022.1	0.0003068374225341123	0.00012938757485493122	46.0	0.00012938757485493122	0.0	0.0002878375883922356	9.183726705815801e-05	32.650077021783396	9.000874772516954e-05	1.968941356488084e-05
NZ_BBPI01000114.1	0.00028344260088898827	8.438320099234645e-05	30.0	8.438320099234645e-05	0.0	7.784890140115393e-05	2.3832864306311808e-05	8.47308375104428	2.812773366411548e-06	8.438320099234645e-05
NZ_JADLRJ010000039.1	0.0002831821631994568	0.00017720472208392754	63.0	0.00017720472208392754	0.0	0.0002831821631994568	0.00017720472208392754	63.0	0.00017720472208392754	0.0
NZ_NDYD01000037.1	0.0002793393915161399	9.844706782440419e-05	35.0	9.844706782440419e-05	0.0	0.0002792956754321191	9.844706782440419e-05	35.0	9.844706782440419e-05	0.0
NZ_SUSS01000085.1	0.00027699780518896234	0.0001997069090152199	71.0	0.0001997069090152199	0.0	0.00042063153299718136	0.0003288259918669939	116.90454545454554	0.0003206561637709165	0.0008128915028929374
NZ_CP022048.2	0.0002659025219157493	0.00012657480148851966	45.0	0.00012657480148851966	0.0	6.460149822682796e-05	5.801482949271189e-05	20.625490196078424	2.2502186931292384e-05	9.000874772516954e-05
NZ_JXXV01000071.1	0.0002603965716241301	0.0002953412034732126	105.0	0.0002953412034732126	0.0	0.0002603965716241301	0.0002953412034732126	105.0	0.0002953412034732126	0.0
NZ_JADKPO010000073.1	0.00025666364879122194	0.00018845581554957373	67.0	0.00018845581554957373	0.0	0.000679013627418608	0.0003570243398655124	126.92965033332683	0.00012938757485493122	0.002334601894121585
NZ_SUSS01000130.1	0.00025640609969201174	0.0002165835492136892	77.0	0.0002165835492136892	0.0	0.00025640609969201174	0.0002165835492136892	77.0	0.0002165835492136892	0.0
NZ_NGUZ01000036.1	0.0002529977274925931	0.00032909448387015113	117.0	0.00032909448387015113	0.0	0.003136829474354185	0.0017240358660455563	612.9309551323822	0.0008832108370532262	0.0021123927981750727
NC_012704.1	0.00025122059226290736	0.00011251093465646192	40.0	0.00010969816129005037	2.812773366411548e-06	0.0002532934366462567	0.00011076999841376629	39.38106060606061	0.00010407261455722728	1.968941356488084e-05
NZ_WACO01000229.1	0.0002465614625264941	0.00036566053763350127	130.0	0.00036566053763350127	0.0	0.0002465614625264941	0.00036566053763350127	130.0	0.00036566053763350127	0.0
NZ_CP048832.1	0.00024280651999094327	0.00010125984119081573	36.0	0.00010125984119081573	0.0	6.387250508935404e-05	2.028556000212762e-05	7.211942577516413	0.0	0.0001350131215877543
NZ_JACDTZ010000001.1	0.0002395922343794657	0.00018001749545033907	64.0	0.00018001749545033907	0.0	3.8306968636976505e-05	1.160525039503116e-05	4.1259102256918725	0.0	9.844706782440419e-05
NZ_UGGM01000001.1	0.00023851704912229555	0.00015470253515263515	55.0	0.00015470253515263515	0.0	0.00023819031416658665	0.00015470253515263515	55.0	0.00015470253515263515	0.0
NZ_LR134089.1	0.0002208762680465175	0.00010407261455722728	37.0	0.00010125984119081573	2.812773366411548e-06	0.0001896389752686713	8.846552289128564e-05	31.45135116383276	1.968941356488084e-05	0.0007960148626944681
NZ_BHXD01000050.1	0.00022016038371714858	0.00010969816129005037	39.0	0.00010969816129005037	0.0	0.00022016038371714858	0.00010969816129005037	39.0	0.00010969816129005037	0.0
NZ_FNJE01000023.1	0.00021845815415424274	9.844706782440419e-05	35.0	9.844706782440419e-05	0.0	5.327308243478824e-05	2.332949702544506e-05	8.294126111983253	0.0	8.15704276259349e-05
NZ_SUSS01000134.1	0.00021829764762985984	0.0006272484607097752	223.0	0.0006272484607097752	0.0	0.00021829764762985984	0.0006272484607097752	223.0	0.0006272484607097752	0.0
NZ_AEKI01000017.1	0.00021686198448021628	9.000874772516954e-05	32.0	9.000874772516954e-05	0.0	0.0002149035422368906	9.004107845351909e-05	32.01149425287356	9.000874772516954e-05	2.812773366411548e-06
NZ_JADZ01000071.1	0.00021510697502352065	9.563429445799264e-05	34.0	9.282152109158108e-05	2.812773366411548e-06	8.703397406088458e-05	6.955237853976064e-05	24.72733117083424	4.500437386258477e-05	8.15704276259349e-05
NZ_AP022569.1	0.00021197539705047498	0.00033472003060297425	119.0	0.00033472003060297425	0.0	6.314726907114675e-05	0.00013975291243781678	49.68509518280506	7.875765425952335e-05	8.719597435875799e-05
NZ_BMIV01000061.1	0.00021056347829549984	0.00018283026881675063	65.0	0.00018283026881675063	0.0	0.008777622463240984	0.0051438592938250274	1828.7499999999675	0.004258538876747084	0.008187983269624017
NC_015875.1	0.00020861810128581878	0.000523175846152548	186.0	0.000523175846152548	0.0	0.01548300395140683	0.00809968581890124	2879.608402021588	0.0008438320099234645	0.046033848914691394
NZ_JADZ01000076.1	0.0002047236293076248	0.00010125984119081573	36.0	0.00010125984119081573	0.0	0.00012531544506551103	7.653525289213155e-05	27.2098896434635	4.500437386258477e-05	6.750656079387716e-05
NZ_QMIL01000023.1	0.0002007639525883929	0.00011251093465646192	40.0	0.00011251093465646192	0.0	0.0002967025291619819	0.00015282735290836078	54.333333333333336	0.00015470253515263515	5.625546732823096e-06
NZ_UFXX01000002.1	0.00020015017229901358	9.844706782440419e-05	35.0	9.844706782440419e-05	0.0	7.40344525062308e-05	3.633137513212318e-05	12.916566818347565	2.812773366411548e-06	0.00010969816129005037
NZ_SUSS01000110.1	0.0001957601008440983	0.0005203630727861364	185.0	0.0005203630727861364	0.0	0.0001957601008440983	0.0005203630727861364	185.0	0.0005203630727861364	0.0
NZ_CP059571.1	0.00019445179769986197	0.00013220034822134275	47.0	0.00013220034822134275	0.0	0.00010551644949752682	3.7608190176612105e-05	13.370501379779311	1.406386683205774e-05	0.00020814522911445456
NZ_QMIL01000050.1	0.0001943979630766904	0.0003544094441678551	126.0	0.0003544094441678551	0.0	0.0001943979630766904	0.0003544094441678551	126.0	0.0003544094441678551	0.0
NC_014363.1	0.00019417871108335386	5.625546732823096e-05	20.0	5.625546732823096e-05	0.0	0.00019274128101959035	5.625546732823096e-05	20.0	5.625546732823096e-05	0.0
NZ_WACO01000193.1	0.00019408575873723413	0.00023064741604574696	82.0	0.00023064741604574696	0.0	0.00019408575873723413	0.00023064741604574696	82.0	0.00023064741604574696	0.0
NZ_AEKI01000004.1	0.00019313926004628366	9.563429445799264e-05	34.0	9.563429445799264e-05	0.0	0.00017555704071592232	9.563429445799264e-05	34.0	9.000874772516954e-05	5.625546732823096e-06
NZ_WACO01000384.1	0.00019221661230852421	0.00012657480148851966	45.0	0.00012657480148851966	0.0	0.00019221661230852421	0.00012657480148851966	45.0	0.00012657480148851966	0.0
NZ_BNBB01000054.1	0.00019014573146543666	0.00034878389743503197	124.0	0.00034597112406862043	2.812773366411548e-06	0.00011695301906613164	0.0003779386493065853	134.3651265401265	0.00019408136228239682	0.0005344269396181942
NZ_CP010827.1	0.00017474533578311352	0.00012094925475569657	43.0	0.00011813648138928502	2.812773366411548e-06	0.0001725689869043567	0.0001441798230361988	51.25895486565243	6.750656079387716e-05	0.0002700262431755086
NZ_QMIL01000014.1	0.0001726410810548037	0.00019408136228239682	69.0	0.00019408136228239682	0.0	0.0003225929688645875	0.0002606503319541366	92.6666666666666	0.00023908573614498158	6.469378742746561e-05
NZ_SUSS01000094.1	0.0001592872458434771	7.59448808931118e-05	27.0	7.59448808931118e-05	0.0	0.0001592872458434771	7.59448808931118e-05	27.0	7.59448808931118e-05	0.0
NZ_CABKQE010000003.1	0.00015841817225819988	8.719597435875799e-05	31.0	8.719597435875799e-05	0.0	0.00015675878932439405	9.362097095127725e-05	33.28422121356904	9.282152109158108e-05	1.1251093465646192e-05
NZ_CP014025.1	0.00015042037778655197	0.00018845581554957373	67.0	0.00017439194871751598	1.406386683205774e-05	1.694953695238874e-05	2.7263876570732385e-05	9.692880662303349	1.1251093465646192e-05	0.00034878389743503197
NZ_AMYT01000013.1	0.0001445751698897819	5.625546732823096e-05	20.0	5.625546732823096e-05	0.0	0.00033784526007879886	0.00014919253094684845	53.04107779475451	6.188101406105406e-05	0.0007425721687326487
NZ_SBLC01000063.1	0.0001399166748068505	0.000410664911496086	146.0	0.000410664911496086	0.0	1.194963863063748e-05	5.4313429451799636e-05	19.30956475213326	2.812773366411548e-06	0.0002756517899083317
NZ_KB849705.1	0.00013840640110844178	0.00011251093465646192	40.0	0.00011251093465646192	0.0	2.3393501013071055e-05	5.363498551021476e-05	19.06836368357706	4.781714722899632e-05	0.00010969816129005037
NZ_CP063358.1	0.00013324385147015102	8.15704276259349e-05	29.0	8.15704276259349e-05	0.0	5.2964106891578545e-05	3.125606332124538e-05	11.11218688803248	2.812773366411548e-05	0.00012094925475569657
NZ_SUSS01000128.1	0.00013304155288712104	0.0001406386683205774	50.0	0.0001406386683205774	0.0	0.00013304155288712104	0.00013782589495416585	49.0	0.00013782589495416585	0.0
NZ_SUSS01000092.1	0.00012951576136223213	0.00030096675020603564	107.0	0.00030096675020603564	0.0	0.00012951576136223213	0.00030096675020603564	107.0	0.00030096675020603564	0.0
NZ_QPLJ01000113.1	0.0001254600382756963	0.0008719597435875799	310.0	0.0008719597435875799	0.0	0.00047031245767402955	0.0009281214518035921	329.9666666666649	0.0007481977154654718	0.0017579833540072175
NZ_VDNQ01000014.1	0.00012138736494198507	3.6566053763350124e-05	13.0	3.6566053763350124e-05	0.0	0.00011106792035002273	3.0971416627960124e-05	11.010989010989011	2.812773366411548e-05	8.438320099234645e-06
NZ_BMSD01000246.1	0.00012055741160821797	5.344269396181941e-05	19.0	5.344269396181941e-05	0.0	0.00012055741160821797	5.344269396181941e-05	19.0	5.344269396181941e-05	0.0
NZ_KB906317.1	0.00012011333518515399	4.500437386258477e-05	16.0	4.500437386258477e-05	0.0	3.477078991430548e-05	2.6453237718558375e-05	9.404681526939592	1.1251093465646192e-05	7.59448808931118e-05
NZ_CP033231.1	0.00011537406254323497	3.375328039693858e-05	12.0	3.375328039693858e-05	0.0	3.295697729608082e-05	1.363998109784782e-05	4.849299719887955	5.625546732823096e-06	4.781714722899632e-05
NZ_CP012382.1	0.00010454725492505199	7.03193341602887e-05	25.0	7.03193341602887e-05	0.0	1.8284232098515472e-05	7.166094068293061e-06	2.5476969292536173	0.0	0.00025877514970986244
NZ_SELD02000066.1	0.00010427501860631575	5.906824069464251e-05	21.0	5.906824069464251e-05	0.0	3.932580385162654e-05	2.209972496263215e-05	7.856916318439944	5.625546732823096e-06	3.375328039693858e-05
NZ_SUSS01000207.1	0.00010399070622169069	0.00011532370802287348	41.0	0.00011532370802287348	0.0	0.00010399070622169069	0.00011532370802287348	41.0	0.00011532370802287348	0.0
NC_016603.1	0.0001014545570594004	6.750656079387716e-05	24.0	5.062992059540787e-05	1.687664019846929e-05	3.292011679065143e-05	1.4014751586344217e-05	4.982538498728682	5.625546732823096e-06	8.719597435875799e-05
NZ_CP040908.1	0.00010134119741431675	4.219160049617322e-05	15.0	4.219160049617322e-05	0.0	9.683884025467709e-05	3.6566053763350124e-05	13.0	3.6566053763350124e-05	0.0
NZ_AUBN01000027.1	0.00010124160611626451	4.500437386258477e-05	16.0	4.500437386258477e-05	0.0	9.666440826707524e-05	4.2371245394796786e-05	15.063867534003547	4.219160049617322e-05	5.625546732823096e-06
NZ_CP048632.1	0.00010043236926399491	5.062992059540787e-05	18.0	5.062992059540787e-05	0.0	9.938280181451259e-05	3.495266644278939e-05	12.426406926406926	3.375328039693858e-05	1.1251093465646192e-05
NZ_BMSH01000039.1	9.770098570818131e-05	0.00015470253515263515	55.0	0.00015470253515263515	0.0	0.00014039294892739958	0.000389329265260645	138.41472971472976	0.00019126858891598529	0.0006694400612059485
NZ_AUBN01000028.1	9.67109765071017e-05	5.062992059540787e-05	18.0	5.062992059540787e-05	0.0	9.63797937651752e-05	4.219160049617322e-05	15.0	4.219160049617322e-05	0.0
NZ_JABASU010000044.1	9.11585343069595e-05	5.062992059540787e-05	18.0	5.062992059540787e-05	0.0	5.071685625227111e-05	3.572841339291247e-05	12.702201257861635	3.375328039693858e-05	1.687664019846929e-05
NZ_CP046037.1	8.998183311901505e-05	8.719597435875799e-05	31.0	8.719597435875799e-05	0.0	5.138328448032159e-05	3.5722114240729616e-05	12.699961776978434	2.2502186931292384e-05	0.00012657480148851966
NZ_UGVN01000001.1	8.900649120948188e-05	3.937882712976168e-05	14.0	3.937882712976168e-05	0.0	3.586595411143236e-05	1.1391732133966772e-05	4.050000000000001	5.625546732823096e-06	2.5314960297703934e-05
NZ_WACO01000292.1	8.874720369650623e-05	5.062992059540787e-05	18.0	5.062992059540787e-05	0.0	8.874720369650623e-05	5.062992059540787e-05	18.0	5.062992059540787e-05	0.0
NZ_JVHT01000031.1	8.780662441603649e-05	4.219160049617322e-05	15.0	4.219160049617322e-05	0.0	1.7402462570896873e-05	1.5379287736197996e-05	5.467659755260848	8.438320099234645e-06	5.344269396181941e-05
NZ_JYGP01000001.1	8.655855766954416e-05	0.0001350131215877543	48.0	0.0001350131215877543	0.0	0.015220441756187471	0.007564300943807039	2689.267835843222	6.469378742746561e-05	0.06919141204035767
NZ_CP016023.1	8.598929760292694e-05	5.344269396181941e-05	19.0	5.344269396181941e-05	0.0	6.566332227110303e-05	4.53959328888195e-05	16.139207456565998	4.781714722899632e-05	1.687664019846929e-05
NZ_UIGE01000001.1	8.496271946590877e-05	0.00010969816129005037	39.0	0.00010969816129005037	0.0	1.066746245242587e-05	3.920805160394381e-05	13.939285714285708	2.2502186931292384e-05	6.469378742746561e-05
NZ_CP035765.1	8.360579215178289e-05	3.6566053763350124e-05	13.0	3.6566053763350124e-05	0.0	9.502999533017554e-05	3.499605860425763e-05	12.441833751044276	2.812773366411548e-05	5.344269396181941e-05
NZ_SUSS01000105.1	8.263488218166617e-05	0.0001631408552518698	58.0	0.0001631408552518698	0.0	8.263488218166617e-05	0.0001631408552518698	58.0	0.0001631408552518698	0.0
NZ_CP029553.1	8.144083382029485e-05	8.719597435875799e-05	31.0	8.719597435875799e-05	0.0	1.47725005720298e-05	2.7532510310619333e-05	9.788385598141696	1.1251093465646192e-05	3.6566053763350124e-05
NZ_VDDC01000074.1	8.11913429745696e-05	3.375328039693858e-05	12.0	3.375328039693858e-05	0.0	1.7372611719598504e-05	8.140647726577977e-06	2.894171220400729	0.0	3.6566053763350124e-05
NZ_CP012507.1	8.10216284003467e-05	3.937882712976168e-05	14.0	3.937882712976168e-05	0.0	8.494455689174618e-05	3.272851388247603e-05	11.63567398401176	3.094050703052703e-05	4.781714722899632e-05
NZ_LQQO01000036.1	8.07955834487019e-05	2.2502186931292384e-05	8.0	2.2502186931292384e-05	0.0	8.55424734139634e-05	2.0476911480448794e-05	7.279972046440636	1.968941356488084e-05	1.687664019846929e-05
NZ_SUSS01000098.1	8.063655708360737e-05	2.812773366411548e-05	10.0	2.812773366411548e-05	0.0	8.063655708360737e-05	2.812773366411548e-05	10.0	2.812773366411548e-05	0.0
NZ_CP009312.1	8.029524471772474e-05	0.00032909448387015113	117.0	0.00032909448387015113	0.0	7.387290183177594e-05	0.00031654951465595566	112.54	0.0002700262431755086	5.062992059540787e-05
NZ_QAOG01000012.1	7.976612608811229e-05	4.219160049617322e-05	15.0	4.219160049617322e-05	0.0	5.581080620154746e-05	2.067135683161389e-05	7.349101452132202	1.406386683205774e-05	4.219160049617322e-05
NZ_LR134242.1	7.801811133974982e-05	3.6566053763350124e-05	13.0	3.6566053763350124e-05	0.0	0.0006100354990936762	0.00017220880175535802	61.22384540886664	3.937882712976168e-05	0.002129269438373542
NZ_CP012676.1	7.790249796340464e-05	7.875765425952335e-05	28.0	7.875765425952335e-05	0.0	0.00019289287828787535	0.00010262366768001189	36.484868957265505	5.062992059540787e-05	0.0013923228163737163
NZ_CP037993.1	7.464671537937789e-05	4.781714722899632e-05	17.0	4.781714722899632e-05	0.0	3.6870530795868275e-05	3.205932572665865e-05	11.39776354166741	2.812773366411548e-05	4.219160049617322e-05
NZ_WACO01000663.1	7.362918138305207e-05	0.00013220034822134275	47.0	0.00013220034822134275	0.0	7.362918138305207e-05	0.00013220034822134275	47.0	0.00013220034822134275	0.0
NZ_AUBN01000031.1	7.061121521469949e-05	3.6566053763350124e-05	13.0	3.6566053763350124e-05	0.0	7.140362250669339e-05	3.094050703052703e-05	11.0	3.094050703052703e-05	0.0
NZ_QXML01000029.1	7.047022939073028e-05	6.750656079387716e-05	24.0	6.750656079387716e-05	0.0	7.381884869338714e-05	9.949516075736468e-05	35.37261904761905	4.219160049617322e-05	0.00017439194871751598
NZ_WACO01000076.1	7.016316879206573e-05	8.438320099234645e-05	30.0	8.438320099234645e-05	0.0	7.016316879206573e-05	8.438320099234645e-05	30.0	8.438320099234645e-05	0.0
NZ_VJOO01000010.1	6.80987504032867e-05	4.781714722899632e-05	17.0	4.781714722899632e-05	0.0	1.8039289540495517e-05	2.267798105324802e-05	8.06249850203179	1.406386683205774e-05	3.6566053763350124e-05
NZ_NSDJ01000001.1	6.77673471851554e-05	8.719597435875799e-05	31.0	8.15704276259349e-05	5.625546732823096e-06	2.707132189986539e-05	2.301400232020675e-05	8.181961118882224	5.625546732823096e-06	7.59448808931118e-05
NZ_BMTE01000132.1	6.672601098593837e-05	5.625546732823096e-05	20.0	5.625546732823096e-05	0.0	6.672601098593837e-05	5.625546732823096e-05	20.0	5.625546732823096e-05	0.0
NZ_SULN01000028.1	6.517055793039842e-05	3.6566053763350124e-05	13.0	3.6566053763350124e-05	0.0	3.526101357859446e-05	1.6375252873729028e-05	5.821746276921018	5.625546732823096e-06	5.625546732823096e-05
NC_002695.2	6.51665080277144e-05	5.625546732823096e-05	20.0	5.344269396181941e-05	2.812773366411548e-06	0.0003232097947517611	0.00016412493882791526	58.349862377039265	3.375328039693858e-05	0.001139173213396677
NC_007795.1	6.502377797546987e-05	2.812773366411548e-05	10.0	2.812773366411548e-05	0.0	0.0006956061461907159	0.00015778944791552423	56.097462312375086	1.406386683205774e-05	0.0025118066162055125
NZ_CABKQE010000001.1	6.434344520931813e-05	5.062992059540787e-05	18.0	5.062992059540787e-05	0.0	6.58096394065612e-05	5.4256937510329104e-05	19.289480680609714	5.344269396181941e-05	1.1251093465646192e-05
NZ_FPCG01000027.1	6.339450964291871e-05	1.968941356488084e-05	7.0	1.968941356488084e-05	0.0	5.471155412410627e-05	1.216320261358053e-05	4.324273956382763	0.0	0.0002953412034732126
NZ_BMCE01000013.1	6.295580693719356e-05	0.0001518897617862236	54.0	0.0001518897617862236	0.0	2.686507661949809e-05	2.867597833858617e-05	10.194912494912494	2.812773366411548e-06	6.469378742746561e-05
NZ_CP026116.1	6.067578665326584e-05	2.812773366411548e-05	10.0	2.812773366411548e-05	0.0	7.675135734412448e-05	4.0366815181765236e-05	14.351250500236358	2.812773366411548e-05	0.00012376202812210813
NZ_UYJA01000001.1	5.9745425485687486e-05	1.687664019846929e-05	6.0	1.687664019846929e-05	0.0	5.9751293840737316e-05	1.687664019846929e-05	6.0	1.687664019846929e-05	0.0
NZ_JXXV01000070.1	5.842337332141324e-05	4.781714722899632e-05	17.0	4.781714722899632e-05	0.0	5.842337332141324e-05	4.781714722899632e-05	17.0	4.781714722899632e-05	0.0
NZ_LS483377.1	5.8030711996938524e-05	0.00013782589495416585	49.0	0.00013782589495416585	0.0	3.52541203111566e-05	9.041684649039263e-05	32.14508768111088	7.59448808931118e-05	3.094050703052703e-05
NZ_LT629749.1	5.6649974030208106e-05	4.219160049617322e-05	15.0	4.219160049617322e-05	0.0	1.8414813489012606e-05	1.1344875479450586e-05	4.033341475329752	0.0	1.968941356488084e-05
NZ_FOPM01000060.1	5.632440617636147e-05	3.094050703052703e-05	11.0	3.094050703052703e-05	0.0	4.1462699233311874e-05	2.2757893600966165e-05	8.090909090909092	1.687664019846929e-05	1.1251093465646192e-05
NZ_CP013336.1	5.532164120884379e-05	5.625546732823096e-05	20.0	5.625546732823096e-05	0.0	3.09444751240922e-05	1.7827034560719687e-05	6.337885154061624	1.1251093465646192e-05	2.5314960297703934e-05
NZ_CP054254.1	5.481119872211352e-05	3.937882712976168e-05	14.0	3.937882712976168e-05	0.0	3.0457315522669458e-05	1.8428433762006718e-05	6.55169519950239	1.687664019846929e-05	8.719597435875799e-05
NZ_RCNS01000007.1	5.249311618115416e-05	0.00018283026881675063	65.0	0.00018283026881675063	0.0	5.657795550493897e-05	0.00025392852483235336	90.2769230769231	0.00011532370802287348	0.00028971565674038946
NZ_JADILU010000019.1	5.228097395980821e-05	2.2502186931292384e-05	8.0	2.2502186931292384e-05	0.0	0.005716162087270974	0.005801110670443269	2062.4166666666615	0.0041544662621898565	0.007656369103372234
NZ_CP028251.1	5.115332970211036e-05	2.2502186931292384e-05	8.0	2.2502186931292384e-05	0.0	1.2375530633670975e-05	4.3441721992356135e-06	1.5444444444444445	0.0	1.687664019846929e-05
NZ_CP022358.1	5.088046835400478e-05	1.968941356488084e-05	7.0	1.968941356488084e-05	0.0	2.8147460799455793e-05	1.1359313093834246e-05	4.038474350433045	1.1251093465646192e-05	8.438320099234645e-06
NZ_LR134378.1	5.0671345916386806e-05	1.1251093465646192e-05	4.0	1.1251093465646192e-05	0.0	4.995614306359586e-05	1.1363817930371878e-05	4.04007591442374	1.1251093465646192e-05	8.438320099234645e-06
NZ_JAAMOY010000003.1	5.066945275985023e-05	1.406386683205774e-05	5.0	1.406386683205774e-05	0.0	1.742706924621291e-05	5.845020310102399e-06	2.078027465667915	0.0	2.5314960297703934e-05
NC_014213.1	5.066895575643896e-05	1.968941356488084e-05	7.0	1.968941356488084e-05	0.0	5.066895575643896e-05	1.687664019846929e-05	6.0	1.687664019846929e-05	0.0
NZ_JAAXCY010000010.1	5.066895239388026e-05	1.1251093465646192e-05	4.0	1.1251093465646192e-05	0.0	5.0668952301086834e-05	1.1251093465646192e-05	4.0	1.1251093465646192e-05	0.0
NZ_QJVB01000009.1	5.05647252598191e-05	1.1251093465646192e-05	4.0	1.1251093465646192e-05	0.0	2.624844824586275e-05	1.1251093465646192e-05	4.0	8.438320099234645e-06	2.812773366411548e-06
NZ_HG916826.1	5.052035877463627e-05	4.500437386258477e-05	16.0	4.500437386258477e-05	0.0	1.9216512448578685e-05	1.999693329579701e-05	7.1093297222550484	8.438320099234645e-06	0.00016595362861828133
NZ_NOIT01000036.1	4.9339885740657404e-05	1.968941356488084e-05	7.0	1.968941356488084e-05	0.0	3.982395956586875e-05	1.0645921014084918e-05	3.7848484848484842	8.438320099234645e-06	3.094050703052703e-05
NZ_BMKL01000003.1	4.907602161710288e-05	1.1251093465646192e-05	4.0	1.1251093465646192e-05	0.0	2.6260790383413052e-05	1.1251093465646192e-05	4.0	8.438320099234645e-06	2.812773366411548e-06
NZ_AP022586.1	4.9063978829239804e-05	2.2502186931292384e-05	8.0	2.2502186931292384e-05	0.0	3.5480269566054783e-06	8.768319142561382e-07	0.3117321589882565	0.0	1.687664019846929e-05
NZ_QJSU01000019.1	4.8721567653711624e-05	1.406386683205774e-05	5.0	1.406386683205774e-05	0.0	9.492768160206454e-06	3.1422240345745076e-06	1.1171266309959635	0.0	1.687664019846929e-05
NZ_UFSY01000001.1	4.827850672615036e-05	2.812773366411548e-05	10.0	2.812773366411548e-05	0.0	2.8459141804441287e-05	3.469087151907576e-05	12.333333333333332	2.5314960297703934e-05	2.5314960297703934e-05
NZ_SUSS01000131.1	4.7840466184207254e-05	3.375328039693858e-05	12.0	3.375328039693858e-05	0.0	4.7840466184207254e-05	3.375328039693858e-05	12.0	3.375328039693858e-05	0.0
NZ_JADLRJ010000032.1	4.7199428010669604e-05	2.2502186931292384e-05	8.0	2.2502186931292384e-05	0.0	4.7199428010669604e-05	2.2502186931292384e-05	8.0	2.2502186931292384e-05	0.0
NZ_JH660658.1	4.707818702234504e-05	1.406386683205774e-05	5.0	1.406386683205774e-05	0.0	3.203614890325159e-05	1.1251093465646192e-05	4.0	1.1251093465646192e-05	0.0
NC_021505.1	4.645400846331984e-05	6.750656079387716e-05	24.0	6.750656079387716e-05	0.0	3.6773858377444545e-05	4.4362225458842534e-05	15.771702757353157	3.375328039693858e-05	0.0003262817105037396
NZ_GL732464.1	4.536205690427925e-05	5.906824069464251e-05	21.0	5.906824069464251e-05	0.0	0.004703974389032481	0.001534387884273499	545.5071150047986	0.00010407261455722728	0.015293048793179586
NZ_LR027880.1	4.5269585485702926e-05	1.1251093465646192e-05	4.0	1.1251093465646192e-05	0.0	4.5269585486265294e-05	1.1282346503050765e-05	4.011111111111111	1.1251093465646192e-05	2.812773366411548e-06
NZ_CP026377.1	4.491040877469257e-05	1.968941356488084e-05	7.0	1.968941356488084e-05	0.0	9.831637053388465e-06	5.2589606333135426e-06	1.869670943316264	0.0	0.00013220034822134275
NZ_BCYO01000058.1	4.483805298830193e-05	1.968941356488084e-05	7.0	1.968941356488084e-05	0.0	7.91746552008129e-05	3.8295509417584394e-05	13.614857803649022	1.406386683205774e-05	7.03193341602887e-05
NZ_BMUF01000037.1	4.477338366816941e-05	0.0002531496029770393	90.0	0.00024471128287780467	8.438320099234645e-06	8.607305662588703e-05	0.00030564448847757	108.66303418803416	0.00016032808188545824	0.0004612948320914939
NZ_AEKI01000027.1	4.450529118602656e-05	1.1251093465646192e-05	4.0	1.1251093465646192e-05	0.0	4.450529118602656e-05	1.1251093465646192e-05	4.0	1.1251093465646192e-05	0.0
NZ_BMRF01000062.1	4.440478837536051e-05	5.906824069464251e-05	21.0	5.906824069464251e-05	0.0	4.29099872591268e-05	5.7193058450368155e-05	20.333333333333336	5.625546732823096e-05	2.812773366411548e-06
NZ_CP041970.1	4.3964352218283884e-05	1.968941356488084e-05	7.0	1.968941356488084e-05	0.0	1.5771921163466125e-05	1.1175652303522108e-05	3.973179082600483	5.625546732823096e-06	8.438320099234645e-05
NZ_CP015444.1	4.32058631743108e-05	3.094050703052703e-05	11.0	3.094050703052703e-05	0.0	4.041848376527209e-05	1.2323986292871875e-05	4.3814359308281015	1.1251093465646192e-05	4.781714722899632e-05
NC_002516.2	4.294002423297705e-05	1.968941356488084e-05	7.0	1.968941356488084e-05	0.0	4.155219790971966e-05	1.486132324270554e-05	5.283512500569916	1.1251093465646192e-05	9.000874772516954e-05
NZ_JXJW01000035.1	4.271262548285491e-05	4.500437386258477e-05	16.0	4.500437386258477e-05	0.0	3.382987503814499e-05	1.434133178721031e-05	5.0986446183207965	5.625546732823096e-06	0.0004275415516945553
NZ_VWOY01000995.1	4.2070934154026176e-05	5.062992059540787e-05	18.0	5.062992059540787e-05	0.0	4.2070934154026176e-05	5.062992059540787e-05	18.0	5.062992059540787e-05	0.0
NZ_BCRF01000095.1	4.1543757120236e-05	1.406386683205774e-05	5.0	1.406386683205774e-05	0.0	8.682988287350978e-06	4.009828303241152e-06	1.4255781681965976	0.0	6.188101406105406e-05
NZ_FNRT01000002.1	4.090789144008115e-05	1.968941356488084e-05	7.0	1.968941356488084e-05	0.0	3.312050185346337e-05	1.0016949645889215e-05	3.56123595505618	8.438320099234645e-06	8.438320099234645e-06
NZ_BMSH01000105.1	4.0638107939022046e-05	4.219160049617322e-05	15.0	4.219160049617322e-05	0.0	0.00013921257646628196	0.0001457954194923321	51.83333333333339	6.750656079387716e-05	0.000261587923076274
NZ_CABIYR010000010.1	4.0613962087144265e-05	8.438320099234645e-06	3.0	8.438320099234645e-06	0.0	4.34455479755219e-05	1.6007966076642025e-05	5.69116810753385	1.1251093465646192e-05	3.937882712976168e-05
NZ_CDSE01000078.1	3.933018780672258e-05	0.0003206561637709165	114.0	0.0003206561637709165	0.0	3.933019014000342e-05	0.0003544094441678551	126.0	0.0003572222175342666	0.0
NZ_BMSD01000308.1	3.918541412735878e-05	3.6566053763350124e-05	13.0	3.6566053763350124e-05	0.0	3.918541412735878e-05	3.6566053763350124e-05	13.0	3.6566053763350124e-05	0.0
NZ_MINO01000024.1	3.878613145414409e-05	1.687664019846929e-05	6.0	1.687664019846929e-05	0.0	2.3167832213879624e-05	5.6724262889299555e-06	2.0166666666666666	5.625546732823096e-06	2.812773366411548e-06
NZ_QTUA01000001.1	3.846780862721438e-05	1.687664019846929e-05	6.0	1.687664019846929e-05	0.0	3.998033244394117e-05	8.507424864788233e-06	3.0245681953543775	8.438320099234645e-06	5.625546732823096e-06
NZ_CP023643.1	3.8064488305477427e-05	3.937882712976168e-05	14.0	3.937882712976168e-05	0.0	3.326934874277161e-05	2.411294170362688e-05	8.572657147415132	2.2502186931292384e-05	1.968941356488084e-05
NZ_CM001024.1	3.80018897108492e-05	8.438320099234645e-06	3.0	8.438320099234645e-06	0.0	1.0691694674804674e-05	4.289946843738791e-06	1.5251661918328585	0.0	1.406386683205774e-05
NZ_CP012544.1	3.8001749755494815e-05	8.438320099234645e-06	3.0	8.438320099234645e-06	0.0	1.673111878849629e-05	4.219160049617322e-06	1.5	0.0	8.438320099234645e-06
NZ_CP014689.1	3.800173431195116e-05	1.406386683205774e-05	5.0	1.406386683205774e-05	0.0	5.406560403720245e-06	1.4350884522507898e-06	0.5102040816326531	0.0	1.1251093465646192e-05
NZ_MPTA01000016.1	3.800171429614583e-05	8.438320099234645e-06	3.0	8.438320099234645e-06	0.0	5.419045690736267e-06	4.219160049617322e-06	1.5	0.0	8.438320099234645e-06
NZ_AUEE01000003.1	3.80017142954102e-05	8.438320099234645e-06	3.0	8.438320099234645e-06	0.0	3.800171430584716e-05	8.438320099234645e-06	3.0	8.438320099234645e-06	0.0
NZ_FMBB01000010.1	3.7995576581694435e-05	8.438320099234645e-06	3.0	8.438320099234645e-06	0.0	3.394166284664377e-05	8.438320099234645e-06	3.0	8.438320099234645e-06	0.0
NZ_VHKO01000098.1	3.791831050173993e-05	1.406386683205774e-05	5.0	1.406386683205774e-05	0.0	1.296651614523659e-05	6.680336745227427e-06	2.375	2.812773366411548e-06	1.1251093465646192e-05
NZ_SNXW01000007.1	3.7218503289874744e-05	4.219160049617322e-05	15.0	4.219160049617322e-05	0.0	1.579013405699761e-05	1.1114919516954841e-05	3.9515873015873018	2.812773366411548e-06	3.094050703052703e-05
NZ_LGUF01000007.1	3.655981709352892e-05	2.5314960297703934e-05	9.0	2.5314960297703934e-05	0.0	1.531069677988253e-06	7.203728062631646e-07	0.25610766045548655	0.0	1.406386683205774e-05
NZ_BAEW01000018.1	3.532409845549836e-05	1.1251093465646192e-05	4.0	1.1251093465646192e-05	0.0	2.4204106761529363e-05	1.1251093465646192e-05	4.0	1.1251093465646192e-05	0.0
NZ_WACO01000125.1	3.3773648756155144e-05	2.812773366411548e-05	10.0	2.812773366411548e-05	0.0	0.0002703984689286714	0.00018052588807902884	64.18074425574441	7.313210752670025e-05	0.000641312327541833
NZ_UATA01000018.1	3.372113659645478e-05	1.1251093465646192e-05	4.0	1.1251093465646192e-05	0.0	1.8955750475318117e-05	5.65645633025619e-06	2.010989010989011	2.812773366411548e-06	8.438320099234645e-06
NZ_BMSD01000324.1	3.366569622464702e-05	1.968941356488084e-05	7.0	1.968941356488084e-05	0.0	3.366569622464702e-05	1.968941356488084e-05	7.0	1.968941356488084e-05	0.0
NZ_SUSS01000147.1	3.347726957391335e-05	3.937882712976168e-05	14.0	3.937882712976168e-05	0.0	3.347726957391335e-05	3.937882712976168e-05	14.0	3.937882712976168e-05	0.0
NZ_NSGN01000016.1	3.3417002106229994e-05	7.03193341602887e-05	25.0	7.03193341602887e-05	0.0	7.328402636051459e-05	2.3902230817605385e-05	8.497745002505884	8.438320099234645e-06	0.00011251093465646192
NC_007481.1	3.290987164145311e-05	2.2502186931292384e-05	8.0	2.2502186931292384e-05	0.0	1.0431342706666782e-05	6.473365204669952e-06	2.3014172709294662	5.625546732823096e-06	1.687664019846929e-05
NZ_VHKO01000113.1	3.2602319523985264e-05	1.1251093465646192e-05	4.0	1.1251093465646192e-05	0.0	3.132041586981961e-05	8.639232482549755e-06	3.0714285714285716	8.438320099234645e-06	2.812773366411548e-06
NZ_SUSS01000083.1	3.252969226395594e-05	3.375328039693858e-05	12.0	3.375328039693858e-05	0.0	3.252969226395594e-05	3.375328039693858e-05	12.0	3.375328039693858e-05	0.0
NZ_QPLJ01000130.1	3.227299807367341e-05	2.812773366411548e-05	10.0	2.812773366411548e-05	0.0	3.227299807367341e-05	2.812773366411548e-05	10.0	2.812773366411548e-05	0.0
NZ_BMSY01000187.1	3.0429394011293108e-05	8.438320099234645e-06	3.0	8.438320099234645e-06	0.0	3.0429394011293108e-05	8.438320099234645e-06	3.0	8.438320099234645e-06	0.0
NZ_BMSY01000091.1	3.0429394011293108e-05	8.438320099234645e-06	3.0	8.438320099234645e-06	0.0	3.0429394011293108e-05	8.438320099234645e-06	3.0	8.438320099234645e-06	0.0
NZ_JABXYR010000001.1	3.0126207050893577e-05	1.1251093465646192e-05	4.0	1.1251093465646192e-05	0.0	1.6301540971292686e-05	9.84470678244042e-06	3.5	8.438320099234645e-06	2.812773366411548e-06
NZ_CP040017.1	2.989929978004503e-05	6.469378742746561e-05	23.0	6.469378742746561e-05	0.0	3.077182624753723e-05	2.7172641905184863e-05	9.660444822773227	0.0	0.00012938757485493122
NZ_FTOF01000024.1	2.973738213853114e-05	8.438320099234645e-06	3.0	8.438320099234645e-06	0.0	3.420236612060545e-05	7.77435593924842e-06	2.7639467978775376	5.625546732823096e-06	4.219160049617322e-05
NZ_JAALFF010000016.1	2.9504442153849613e-05	8.438320099234645e-06	3.0	8.438320099234645e-06	0.0	2.949876444316722e-05	8.438320099234645e-06	3.0	8.438320099234645e-06	0.0
NZ_BCMN01000073.1	2.9191636637229465e-05	2.812773366411548e-05	10.0	2.812773366411548e-05	0.0	9.940254342237624e-06	1.3829469051523448e-05	4.916666666666668	8.438320099234645e-06	1.968941356488084e-05
NZ_FLLN01000011.1	2.911634577671548e-05	1.406386683205774e-05	5.0	1.406386683205774e-05	0.0	1.296271236096302e-05	6.046163456696999e-06	2.1495380782883737	0.0	9.000874772516954e-05
NZ_LS483459.1	2.873477693851141e-05	2.812773366411548e-05	10.0	2.812773366411548e-05	0.0	2.7565632957975903e-05	2.0279552855018706e-05	7.209806910569106	1.687664019846929e-05	2.812773366411548e-05
NZ_JADLRJ010000035.1	2.868060070572704e-05	0.00017439194871751598	62.0	0.00017439194871751598	0.0	3.201965382421642e-05	0.00020814522911445456	74.0	0.00021095800248086612	0.0
NZ_JADLRJ010000041.1	2.798352762223563e-05	0.00011251093465646192	40.0	0.00011251093465646192	0.0	2.798352762223563e-05	0.00011251093465646192	40.0	0.00011251093465646192	0.0
NZ_ATVI01000001.1	2.7843229730275392e-05	0.00012094925475569657	43.0	0.00012094925475569657	0.0	1.2007973484921645e-05	5.578667176716237e-05	19.833333333333332	2.812773366411548e-06	0.00010688538792363883
NZ_RXLO01000027.1	2.683535959526166e-05	1.406386683205774e-05	5.0	1.406386683205774e-05	0.0	7.927616624829118e-05	3.4451096250144376e-05	12.248088189947579	1.968941356488084e-05	6.188101406105406e-05
NZ_BMRF01000285.1	2.6199405849780775e-05	1.687664019846929e-05	6.0	1.687664019846929e-05	0.0	2.6199405849780775e-05	1.687664019846929e-05	6.0	1.687664019846929e-05	0.0
NZ_BCTR01000108.1	2.577984476994182e-05	8.438320099234645e-06	3.0	8.438320099234645e-06	0.0	2.3530061650656033e-05	5.8632810367884425e-06	2.084519537480064	5.625546732823096e-06	1.1251093465646192e-05
NZ_PDWK01000110.1	2.5337510773466194e-05	1.1251093465646192e-05	4.0	1.1251093465646192e-05	0.0	2.534141294411693e-05	8.760177271619748e-06	3.1144269837835243	8.438320099234645e-06	1.1251093465646192e-05
NZ_SDKC01000001.1	2.5334476598659957e-05	1.687664019846929e-05	6.0	1.687664019846929e-05	0.0	2.6334904394210664e-05	5.956461246518571e-06	2.117647058823529	5.625546732823096e-06	1.1251093465646192e-05
NZ_AEKI01000013.1	2.5334476260448632e-05	8.438320099234645e-06	3.0	8.438320099234645e-06	0.0	2.5327055808910637e-05	8.438320099234645e-06	3.0	8.438320099234645e-06	0.0
NZ_CM012183.1	2.5334476198134546e-05	1.1251093465646192e-05	4.0	1.1251093465646192e-05	0.0	5.952488421205779e-06	1.406386683205774e-06	0.5	0.0	5.625546732823096e-06
NZ_PRKW01000029.1	2.533447619694013e-05	5.625546732823096e-06	2.0	5.625546732823096e-06	0.0	2.533447619694013e-05	5.625546732823096e-06	2.0	5.625546732823096e-06	0.0
NZ_NOIT01000002.1	2.533447619694013e-05	5.625546732823096e-06	2.0	5.625546732823096e-06	0.0	2.533447619694013e-05	5.625546732823096e-06	2.0	5.625546732823096e-06	0.0
NZ_MLFN01000070.1	2.533447619694013e-05	5.625546732823096e-06	2.0	5.625546732823096e-06	0.0	2.533447619694013e-05	5.625546732823096e-06	2.0	5.625546732823096e-06	0.0
NZ_JABETK010000002.1	2.533447619694013e-05	5.625546732823096e-06	2.0	5.625546732823096e-06	0.0	2.533447619694013e-05	5.625546732823096e-06	2.0	5.625546732823096e-06	0.0
NZ_AEKI01000009.1	2.533447619694013e-05	5.625546732823096e-06	2.0	5.625546732823096e-06	0.0	2.533447619694013e-05	5.625546732823096e-06	2.0	5.625546732823096e-06	0.0
NZ_GL872312.1	2.533446966131797e-05	5.625546732823096e-06	2.0	5.625546732823096e-06	0.0	2.584690686742435e-05	1.687664019846929e-05	6.0	1.687664019846929e-05	0.0
NZ_JAAQYZ010000010.1	2.533445577817262e-05	5.625546732823096e-06	2.0	5.625546732823096e-06	0.0	2.5312565451749152e-05	5.625546732823096e-06	2.0	5.625546732823096e-06	0.0
NZ_QWLA01000053.1	2.533444607383251e-05	5.625546732823096e-06	2.0	5.625546732823096e-06	0.0	2.5334473645078574e-05	5.625546732823096e-06	2.0	5.625546732823096e-06	0.0
NZ_GG667131.1	2.5323428185033455e-05	5.625546732823096e-06	2.0	5.625546732823096e-06	0.0	2.122058263505788e-05	8.438320099234645e-06	3.0	8.438320099234645e-06	0.0
NZ_CP013459.1	2.5252200038823588e-05	5.625546732823096e-06	2.0	5.625546732823096e-06	0.0	1.3119493783481806e-06	5.931282968302612e-07	0.2108695652173913	0.0	8.438320099234645e-06
NZ_BMSD01000155.1	2.515429237370056e-05	2.2502186931292384e-05	8.0	2.2502186931292384e-05	0.0	2.515429237370056e-05	2.2502186931292384e-05	8.0	2.2502186931292384e-05	0.0
NZ_FNRU01000002.1	2.4889993499461395e-05	3.094050703052703e-05	11.0	3.094050703052703e-05	0.0	4.628346694526106e-05	2.910514902645138e-05	10.34749168703302	1.687664019846929e-05	9.282152109158108e-05
NZ_GG666997.1	2.476738116008634e-05	3.6566053763350124e-05	13.0	3.6566053763350124e-05	0.0	0.00048027206119244923	0.00021732424966329497	77.2633345645443	0.00011532370802287348	0.0004247287783281438
NZ_SUSS01000193.1	2.3543475850199333e-05	2.812773366411548e-05	10.0	2.812773366411548e-05	0.0	2.3543475850199333e-05	3.094050703052703e-05	11.0	3.094050703052703e-05	0.0
NZ_CP060790.1	2.331681055299364e-05	3.6566053763350124e-05	13.0	3.6566053763350124e-05	0.0	2.8788512683499918e-05	1.0022915041544287e-05	3.5633567784848665	0.0	0.00010969816129005037
NZ_JVHT01000010.1	2.3278625206595394e-05	1.1251093465646192e-05	4.0	1.1251093465646192e-05	0.0	2.3278625206595394e-05	1.1251093465646192e-05	4.0	1.1251093465646192e-05	0.0
NZ_JAALFF010000010.1	2.2634792742851463e-05	5.625546732823096e-06	2.0	1.1251093465646192e-05	0.0	2.263479180026436e-05	5.625546732823096e-06	2.0	0.0	1.1251093465646192e-05
NZ_BBSQ01000004.1	2.2634792742851463e-05	5.625546732823096e-06	2.0	1.1251093465646192e-05	0.0	2.263479180026436e-05	5.625546732823096e-06	2.0	0.0	1.1251093465646192e-05
NZ_BMRF01000071.1	2.2433254795306958e-05	2.812773366411548e-05	10.0	2.812773366411548e-05	0.0	2.2432959533372918e-05	2.5314960297703934e-05	9.0	2.812773366411548e-05	0.0
NZ_AP018587.1	2.232521107456016e-05	1.406386683205774e-05	5.0	1.1251093465646192e-05	2.812773366411548e-06	0.0017169530781805961	0.0006100886967042526	216.8993435409926	0.0	0.0035694094019762547
NZ_WACO01000195.1	2.2274476074475063e-05	5.344269396181941e-05	19.0	5.344269396181941e-05	0.0	2.2274476074475063e-05	5.344269396181941e-05	19.0	5.344269396181941e-05	0.0
NZ_LKDJ02000001.1	2.1746344283912863e-05	3.094050703052703e-05	11.0	3.094050703052703e-05	0.0	2.440791279705456e-05	3.186442494879972e-05	11.328472222222224	3.094050703052703e-05	2.5314960297703934e-05
NC_013441.1	2.1656344698209514e-05	1.687664019846929e-05	6.0	1.687664019846929e-05	0.0	1.579078430324559e-05	8.46702186827966e-06	3.010204081632653	8.438320099234645e-06	2.812773366411548e-06
NZ_LT629803.1	2.1615362365552568e-05	1.1251093465646192e-05	4.0	1.1251093465646192e-05	0.0	0.00014236272191873209	3.734581526534159e-05	13.277221588949507	0.0	0.0017186045268774558
NC_013203.1	2.1430620300122627e-05	2.2502186931292384e-05	8.0	2.2502186931292384e-05	0.0	2.128213161999205e-05	2.109580024808661e-05	7.5	1.968941356488084e-05	2.812773366411548e-06
NZ_BMSD01000223.1	2.126626544499641e-05	1.406386683205774e-05	5.0	1.406386683205774e-05	0.0	2.126626544499641e-05	1.406386683205774e-05	5.0	1.406386683205774e-05	0.0
NZ_BBIR01000146.1	2.0436901370323293e-05	2.2502186931292384e-05	8.0	2.2502186931292384e-05	0.0	2.0064468737474453e-05	9.438896169114976e-06	3.355725804939925	5.625546732823096e-06	0.00010407261455722728
NZ_ACFY01000079.1	2.0341038079454548e-05	1.1251093465646192e-05	4.0	1.1251093465646192e-05	0.0	2.0341038079454548e-05	1.1251093465646192e-05	4.0	1.1251093465646192e-05	0.0
NZ_LR134479.1	2.028963406469684e-05	2.2502186931292384e-05	8.0	2.2502186931292384e-05	0.0	0.00012865431190855125	5.636719729146563e-05	20.039722348259154	2.812773366411548e-05	0.00010688538792363883
NZ_CP040938.1	1.9978891409031426e-05	1.687664019846929e-05	6.0	1.687664019846929e-05	0.0	1.9978203391168888e-05	1.687664019846929e-05	6.0	1.687664019846929e-05	0.0
NZ_FPCG01000002.1	1.966021233922978e-05	1.406386683205774e-05	5.0	1.406386683205774e-05	0.0	1.9656839712467213e-05	1.406386683205774e-05	5.0	1.406386683205774e-05	0.0
NZ_BMRF01000091.1	1.9443556550855793e-05	7.59448808931118e-05	27.0	7.59448808931118e-05	0.0	2.0521623600142213e-05	7.219451640456307e-05	25.666666666666664	7.313210752670025e-05	5.625546732823096e-06
NZ_BMFC01000048.1	1.924499148265317e-05	1.1251093465646192e-05	4.0	1.1251093465646192e-05	0.0	8.717665399552032e-06	2.2502186931292386e-06	0.8	0.0	1.1251093465646192e-05
NZ_BMTE01000135.1	1.8965756188588044e-05	8.438320099234645e-06	3.0	8.438320099234645e-06	0.0	0.00023924721328963148	0.00013005667397391143	46.23787878787896	8.438320099234645e-06	0.0007763254491295873
NZ_CP007601.1	1.8195321793790356e-05	2.2502186931292384e-05	8.0	2.2502186931292384e-05	0.0	0.0017037492989084601	0.000573345903747136	203.83650904608552	9.563429445799264e-05	0.003105301796518349
NZ_SUSS01000069.1	1.7558994907968087e-05	0.0024696150157093393	878.0	0.0024696150157093393	0.0	1.7557155088254462e-05	0.002283971973526177	812.0	0.002382419041350581	2.812773366411548e-06
NZ_BMSY01000169.1	1.6738068978412813e-05	1.968941356488084e-05	7.0	1.968941356488084e-05	0.0	1.6738068978412813e-05	1.968941356488084e-05	7.0	1.968941356488084e-05	0.0
NZ_FOPM01000066.1	1.658627689991074e-05	8.438320099234645e-06	3.0	8.438320099234645e-06	0.0	1.3049837020033228e-05	9.023026650677338e-06	3.207875457875458	8.438320099234645e-06	8.438320099234645e-06
NZ_BMWF01000062.1	1.6382158292685983e-05	5.344269396181941e-05	19.0	5.344269396181941e-05	0.0	3.976227438561053e-05	9.869516417652813e-05	35.088203463203456	5.062992059540787e-05	0.00014907698841981206
NZ_CP024035.1	1.6183644822043333e-05	8.438320099234645e-06	3.0	8.438320099234645e-06	0.0	3.6092438510366533e-06	1.640514547402024e-06	0.583237372406915	0.0	2.2502186931292384e-05
NZ_SMSJ01000370.1	1.60163868201483e-05	0.00010688538792363883	38.0	0.00010688538792363883	0.0	0.0006943746233700151	0.00065631378549603	233.3333333333341	0.00040503936476326294	0.0007228827551677678
NZ_CP009888.1	1.5655155219383718e-05	5.625546732823096e-06	2.0	5.625546732823096e-06	0.0	7.828337619969603e-06	2.8567229502617287e-06	1.015625	0.0	8.438320099234645e-06
NZ_BMLV01000010.1	1.5624674651471863e-05	1.687664019846929e-05	6.0	1.687664019846929e-05	0.0	1.4070716739129692e-05	1.1251093465646192e-05	4.0	5.625546732823096e-06	3.6566053763350124e-05
NZ_CP012678.1	1.553609955901848e-05	2.812773366411548e-06	1.0	2.812773366411548e-06	0.0	1.0139945025688382e-05	7.98246229231551e-07	0.28379329766263023	0.0	1.1251093465646192e-05
NZ_UGYX01000002.1	1.534093909631402e-05	5.625546732823096e-06	2.0	5.625546732823096e-06	0.0	1.5340938286853428e-05	5.625546732823096e-06	2.0	5.625546732823096e-06	0.0
NC_004337.2	1.5304530900040192e-05	1.406386683205774e-05	5.0	1.406386683205774e-05	0.0	0.00026679213469881543	0.00011363857473525269	40.40089972845177	0.0	0.0009394663043814571
NZ_KQ948892.1	1.5189859381215504e-05	5.625546732823096e-06	2.0	5.625546732823096e-06	0.0	5.62465906373651e-06	6.290236766607471e-06	2.2363112655010546	0.0	3.094050703052703e-05
NZ_BMUF01000077.1	1.5085478479167005e-05	3.375328039693858e-05	12.0	3.375328039693858e-05	0.0	1.458609247250541e-05	1.8283026881675062e-05	6.5	1.968941356488084e-05	0.0
NZ_RDEX01000005.1	1.501039793863345e-05	4.219160049617322e-05	15.0	3.937882712976168e-05	2.812773366411548e-06	7.151911881657795e-06	7.791133622938486e-06	2.7699116167607136	0.0	6.750656079387716e-05
NZ_CP012152.1	1.4842171653809827e-05	2.5314960297703934e-05	9.0	2.5314960297703934e-05	0.0	1.2939489373238387e-06	1.6783275032105207e-06	0.5966806722689075	0.0	1.687664019846929e-05
NZ_LN831027.1	1.457823124024544e-05	8.438320099234645e-06	3.0	8.438320099234645e-06	0.0	2.1510187543543015e-05	1.3607874511102365e-05	4.837885154061624	8.438320099234645e-06	2.5314960297703934e-05
NZ_FMIX01000002.1	1.4535742380594895e-05	5.625546732823096e-06	2.0	5.625546732823096e-06	0.0	0.009612984193292377	0.003480955656813797	1237.5528360660978	1.968941356488084e-05	0.04779745781543144
NZ_CZJT01000051.1	1.446572639084743e-05	8.438320099234645e-05	30.0	8.438320099234645e-05	0.0	6.703061845421758e-05	0.00019443867254545128	69.12703130203138	9.844706782440419e-05	0.0003515966708014435
NZ_GG698761.1	1.4381562354352124e-05	5.625546732823096e-06	2.0	5.625546732823096e-06	0.0	1.438156197441857e-05	5.625546732823096e-06	2.0	5.625546732823096e-06	0.0
NZ_LDRN01000089.1	1.406589840931462e-05	5.625546732823096e-06	2.0	5.625546732823096e-06	0.0	1.33342313833688e-05	6.027371499453317e-06	2.142857142857143	5.625546732823096e-06	2.812773366411548e-06
NZ_QMIL01000046.1	1.404772271932463e-05	0.0001462642150534005	52.0	0.0001462642150534005	0.0	0.0006516380180517344	0.0012741863349844248	452.99999999999767	0.000641312327541833	0.001293875748549312
NZ_BMRF01000184.1	1.3985955122646295e-05	6.750656079387716e-05	24.0	6.750656079387716e-05	0.0	1.3985955122646295e-05	6.750656079387716e-05	24.0	6.750656079387716e-05	0.0
NZ_SUSS01000161.1	1.3757332349143246e-05	1.968941356488084e-05	7.0	1.968941356488084e-05	0.0	1.3757332349143246e-05	1.968941356488084e-05	7.0	1.968941356488084e-05	0.0
NZ_WACO01000412.1	1.365632145174718e-05	6.469378742746561e-05	23.0	6.469378742746561e-05	0.0	1.365632145174718e-05	6.469378742746561e-05	23.0	6.469378742746561e-05	0.0
NZ_SUSS01000113.1	1.3356190842348713e-05	1.1251093465646192e-05	4.0	1.1251093465646192e-05	0.0	1.3356190842348713e-05	1.1251093465646192e-05	4.0	1.1251093465646192e-05	0.0
NZ_BMSD01000183.1	1.3356190842348713e-05	1.1251093465646192e-05	4.0	1.1251093465646192e-05	0.0	1.3356190842348713e-05	1.1251093465646192e-05	4.0	1.1251093465646192e-05	0.0
NZ_BMTN01000049.1	1.3288080339166162e-05	7.03193341602887e-05	25.0	7.03193341602887e-05	0.0	7.031846487451621e-05	0.0002837721314267003	100.88695193695192	0.00013220034822134275	0.000497860885854844
NZ_CP007145.1	1.3243458602827373e-05	3.6566053763350124e-05	13.0	3.6566053763350124e-05	0.0	5.794363147257492e-06	1.0196303453241862e-05	3.625	8.438320099234645e-06	5.625546732823096e-06
NZ_AEKI01000008.1	1.31948030488453e-05	1.968941356488084e-05	7.0	1.968941356488084e-05	0.0	1.31948030488453e-05	1.968941356488084e-05	7.0	1.968941356488084e-05	0.0
NZ_SUSS01000141.1	1.309133765441081e-05	2.812773366411548e-06	1.0	2.812773366411548e-06	0.0	1.1765006304843984e-05	3.062921195440243e-06	1.0889328063241106	2.812773366411548e-06	1.1251093465646192e-05
NZ_CP031422.1	1.2948269380176889e-05	0.00011813648138928502	42.0	0.00011813648138928502	0.0	2.3871666183464257e-05	0.00011092513934779924	39.436216466068934	9.563429445799264e-05	8.15704276259349e-05
NZ_PXOH01000098.1	1.2946684840084953e-05	3.094050703052703e-05	11.0	3.094050703052703e-05	0.0	1.8237957011640384e-05	7.230819503512256e-05	25.707081807081806	3.937882712976168e-05	6.188101406105406e-05
NZ_CP018809.1	1.283044297069769e-05	1.1251093465646192e-05	4.0	1.1251093465646192e-05	0.0	1.3499991289792997e-05	4.982989898530109e-06	1.7715575517153228	2.812773366411548e-06	2.5314960297703934e-05
NZ_JXST01000086.1	1.2748121721353238e-05	2.812773366411548e-06	1.0	2.812773366411548e-06	0.0	1.0077960884262606e-05	2.877985078069173e-06	1.0231841329402305	2.812773366411548e-06	5.625546732823096e-06
NZ_CP016428.1	1.2745761235814997e-05	1.1251093465646192e-05	4.0	1.1251093465646192e-05	0.0	5.489847921522127e-07	1.2229449419180644e-07	0.043478260869565216	0.0	2.812773366411548e-06
NZ_NIPX01000051.1	1.2732733471804298e-05	8.438320099234645e-06	3.0	8.438320099234645e-06	0.0	9.058808382544823e-06	3.7771528063240788e-06	1.3428571428571427	2.812773366411548e-06	5.625546732823096e-06
NZ_SPVG01000119.1	1.2700447581709575e-05	9.563429445799264e-05	34.0	9.563429445799264e-05	0.0	6.8232581145739655e-06	3.976038893807464e-05	14.135653235653233	3.375328039693858e-05	2.812773366411548e-05
NZ_FYEZ01000005.1	1.2679542651446903e-05	5.625546732823096e-06	2.0	5.625546732823096e-06	0.0	1.3218161554085403e-05	5.798845673381896e-06	2.061611412646405	5.625546732823096e-06	1.406386683205774e-05
NZ_AYTB01000021.1	1.2678920156579967e-05	8.438320099234645e-06	3.0	8.438320099234645e-06	0.0	2.098409022480881e-06	1.1422629882670272e-06	0.4060984798516818	0.0	2.5314960297703934e-05
NZ_WACO01000553.1	1.2670840928974513e-05	5.344269396181941e-05	19.0	5.344269396181941e-05	0.0	1.2670840928974513e-05	5.344269396181941e-05	19.0	5.344269396181941e-05	0.0
NZ_JADLRJ010000052.1	1.2668788558843416e-05	3.6566053763350124e-05	13.0	3.6566053763350124e-05	0.0	1.2668788558843416e-05	3.6566053763350124e-05	13.0	3.6566053763350124e-05	0.0
NZ_UGTJ01000001.1	1.2668240430992877e-05	5.625546732823096e-06	2.0	5.625546732823096e-06	0.0	1.2667001527330082e-05	2.812773366411548e-06	1.0	2.812773366411548e-06	0.0
NZ_HF570958.1	1.2667481060791077e-05	2.812773366411548e-06	1.0	2.812773366411548e-06	0.0	2.453495942560566e-06	7.663031400997018e-07	0.2724368586713861	0.0	1.968941356488084e-05
NZ_ARWH01000001.1	1.2667381031192367e-05	5.625546732823096e-06	2.0	5.625546732823096e-06	0.0	4.894105730875162e-06	1.4363098041250457e-06	0.5106382978723404	0.0	5.625546732823096e-06
NZ_CP022386.1	1.2667261629666498e-05	3.937882712976168e-05	14.0	3.937882712976168e-05	0.0	1.2589757141886635e-05	1.968941356488084e-05	7.0	1.406386683205774e-05	5.625546732823096e-06
NZ_UGYY01000002.1	1.26672506469573e-05	5.625546732823096e-06	2.0	5.625546732823096e-06	0.0	2.4111534135094727e-06	7.03193341602887e-07	0.25	0.0	2.812773366411548e-06
NZ_JAAXCY010000009.1	1.2667239962267122e-05	2.812773366411548e-06	1.0	2.812773366411548e-06	0.0	1.298715031091383e-05	4.219160049617322e-06	1.5	2.812773366411548e-06	2.812773366411548e-06
NZ_NRST01000001.1	1.2667238802425653e-05	5.625546732823096e-06	2.0	5.625546732823096e-06	0.0	0.0001139854097648096	3.791700047310811e-05	13.480289925199868	8.438320099234645e-06	0.0013951355897401279
NZ_NOIT01000004.1	1.2667238622885836e-05	5.625546732823096e-06	2.0	5.625546732823096e-06	0.0	1.2667238622885836e-05	5.625546732823096e-06	2.0	5.625546732823096e-06	0.0
NZ_WTVS01000055.1	1.2667238098470066e-05	5.625546732823096e-06	2.0	8.438320099234645e-06	0.0	1.1380416805553526e-05	2.9209569574273765e-06	1.0384615384615383	0.0	8.438320099234645e-06
NZ_KB906279.1	1.2667238098470066e-05	2.812773366411548e-06	1.0	5.625546732823096e-06	0.0	1.2667238098470066e-05	2.812773366411548e-06	1.0	5.625546732823096e-06	0.0
NZ_JADZ01000037.1	1.2667238098470066e-05	2.812773366411548e-06	1.0	5.625546732823096e-06	0.0	1.2667238098470066e-05	2.812773366411548e-06	1.0	5.625546732823096e-06	0.0
NZ_JAARLZ010000020.1	1.2667238098470066e-05	2.812773366411548e-06	1.0	2.812773366411548e-06	0.0	1.233565511225215e-05	2.812773366411548e-06	1.0	2.812773366411548e-06	0.0
NZ_GG698762.1	1.2667238098470066e-05	2.812773366411548e-06	1.0	2.812773366411548e-06	0.0	1.2667238098470066e-05	2.812773366411548e-06	1.0	2.812773366411548e-06	0.0
NZ_FMWB01000019.1	1.2667238098470066e-05	2.812773366411548e-06	1.0	2.812773366411548e-06	0.0	1.0459524438032598e-05	2.812773366411548e-06	1.0	2.812773366411548e-06	0.0
NZ_CABKQE010000012.1	1.2667238098470066e-05	2.812773366411548e-06	1.0	5.625546732823096e-06	0.0	1.1380416805553526e-05	2.812773366411548e-06	1.0	0.0	5.625546732823096e-06
NZ_BCTI01000024.1	1.2667238098470066e-05	2.812773366411548e-06	1.0	2.812773366411548e-06	0.0	1.266723532195661e-05	2.812773366411548e-06	1.0	2.812773366411548e-06	0.0
NZ_PHTD01000002.1	1.2667238080091272e-05	2.812773366411548e-06	1.0	2.812773366411548e-06	0.0	1.2667180560554785e-05	2.812773366411548e-06	1.0	2.812773366411548e-06	0.0
NZ_VOIX01000013.1	1.266723274019136e-05	2.812773366411548e-06	1.0	2.812773366411548e-06	0.0	1.2667238096280479e-05	2.812773366411548e-06	1.0	2.812773366411548e-06	0.0
NZ_LS483443.1	1.2554225366799123e-05	1.968941356488084e-05	7.0	1.968941356488084e-05	0.0	2.540557388590761e-05	2.153170077077834e-05	7.654971789727886	8.438320099234645e-06	6.188101406105406e-05
NZ_QDAG01000019.1	1.2412590472778417e-05	8.15704276259349e-05	29.0	8.15704276259349e-05	0.0	2.0918940958902195e-05	0.00013419590617562053	47.70946275946279	5.625546732823096e-05	0.00025596237634345086
NZ_VOIX01000003.1	1.210641406509315e-05	2.812773366411548e-06	1.0	2.812773366411548e-06	0.0	1.2659215351858291e-05	2.812773366411548e-06	1.0	2.812773366411548e-06	0.0
NZ_UYIP01000002.1	1.2092735851702863e-05	5.344269396181941e-05	19.0	5.344269396181941e-05	0.0	0.01081311723422859	0.002653828039269812	943.4915983492427	4.781714722899632e-05	0.029570686401084605
NZ_GG666993.1	1.1923168576608635e-05	1.687664019846929e-05	6.0	1.687664019846929e-05	0.0	1.1923168570342556e-05	1.406386683205774e-05	5.0	1.406386683205774e-05	0.0
NZ_CABKVQ010000003.1	1.19087311493687e-05	1.687664019846929e-05	6.0	1.406386683205774e-05	2.812773366411548e-06	3.202129670951986e-06	5.625546732823097e-07	0.2	0.0	2.812773366411548e-06
NC_022369.1	1.1666474346884224e-05	4.500437386258477e-05	16.0	4.219160049617322e-05	2.812773366411548e-06	7.557368631107221e-05	4.451980213890632e-05	15.827724576226114	1.1251093465646192e-05	0.0014176377766714203
NZ_JADKPO010000071.1	1.1652299208302716e-05	5.625546732823096e-06	2.0	1.1251093465646192e-05	0.0	0.0006062976028468075	0.0003044123679099194	108.22498945170244	0.0	0.0037072352969304205
NZ_JADKPN010000028.1	1.1652299208302716e-05	5.625546732823096e-06	2.0	1.1251093465646192e-05	0.0	0.0006062976028468075	0.0003044123679099194	108.22498945170244	0.0	0.0037072352969304205
NZ_VSKS01000080.1	1.163931290418304e-05	1.1251093465646192e-05	4.0	1.1251093465646192e-05	0.0	1.1639312752645201e-05	8.438320099234645e-06	3.0	5.625546732823096e-06	5.625546732823096e-06
NZ_RAHG01000002.1	1.1639312603297697e-05	5.625546732823096e-06	2.0	5.625546732823096e-06	0.0	1.1639312603297697e-05	5.625546732823096e-06	2.0	5.625546732823096e-06	0.0
NZ_NOIT01000006.1	1.1639312603297697e-05	5.625546732823096e-06	2.0	5.625546732823096e-06	0.0	1.1639312603297697e-05	5.625546732823096e-06	2.0	5.625546732823096e-06	0.0
NZ_JYLD01000005.1	1.1639312603297697e-05	5.625546732823096e-06	2.0	5.625546732823096e-06	0.0	1.1639312600964179e-05	5.625546732823096e-06	2.0	5.625546732823096e-06	0.0
NZ_BMSH01000177.1	1.1639312603297697e-05	5.625546732823096e-06	2.0	5.625546732823096e-06	0.0	0.0006036025562383996	0.00027963655217741413	99.41666666666644	6.469378742746561e-05	0.0006244356873433637
NZ_JABXXH010000004.1	1.1360148886559914e-05	1.1251093465646192e-05	4.0	1.1251093465646192e-05	0.0	1.136048902254106e-05	1.1251093465646192e-05	4.0	1.1251093465646192e-05	0.0
NZ_BMSD01000330.1	1.0942961010690498e-05	1.687664019846929e-05	6.0	1.687664019846929e-05	0.0	1.0942961010690498e-05	1.687664019846929e-05	6.0	1.687664019846929e-05	0.0
NZ_BMTE01000057.1	1.0924757316897018e-05	1.1251093465646192e-05	4.0	1.1251093465646192e-05	0.0	1.0924757316897018e-05	1.1251093465646192e-05	4.0	1.1251093465646192e-05	0.0
NZ_BMSH01000149.1	1.0807943397505858e-05	0.00012938757485493122	46.0	0.00012938757485493122	0.0	4.997977487164555e-06	9.657188558012982e-05	34.333333333333336	8.719597435875799e-05	2.5314960297703934e-05
NZ_ML133852.1	1.0748301536764533e-05	3.094050703052703e-05	11.0	3.094050703052703e-05	0.0	1.0748301416428894e-05	3.094050703052703e-05	11.0	3.094050703052703e-05	0.0
NZ_BMSD01000349.1	1.0694801567963647e-05	1.1251093465646192e-05	4.0	1.1251093465646192e-05	0.0	1.0694801567963647e-05	1.1251093465646192e-05	4.0	1.1251093465646192e-05	0.0
NZ_JAAXCY010000006.1	1.0694495098703804e-05	1.1251093465646192e-05	4.0	1.1251093465646192e-05	0.0	1.0648792414948644e-05	1.1251093465646192e-05	4.0	1.1251093465646192e-05	0.0
NZ_CP013990.1	1.055165316995294e-05	4.500437386258477e-05	16.0	4.500437386258477e-05	0.0	1.3529366324635003e-05	4.635356318726827e-05	16.479665137900803	4.500437386258477e-05	5.062992059540787e-05
NZ_BMSY01000161.1	1.0485995958025553e-05	2.2502186931292384e-05	8.0	2.2502186931292384e-05	0.0	1.0485995958025553e-05	2.2502186931292384e-05	8.0	2.2502186931292384e-05	0.0
NZ_SUSS01000222.1	1.0143131337097703e-05	2.812773366411548e-06	1.0	2.812773366411548e-06	0.0	1.0143131337097703e-05	2.812773366411548e-06	1.0	2.812773366411548e-06	0.0
NZ_QYZP01000009.1	1.0143131337097703e-05	2.812773366411548e-06	1.0	2.812773366411548e-06	0.0	1.0687027710830419e-05	8.438320099234645e-06	3.0	8.438320099234645e-06	0.0
NZ_BMRF01000189.1	1.0143131337097703e-05	2.812773366411548e-06	1.0	2.812773366411548e-06	0.0	1.0143131337097703e-05	2.812773366411548e-06	1.0	2.812773366411548e-06	0.0
NZ_BBPI01000068.1	1.0143131337097703e-05	2.812773366411548e-06	1.0	2.812773366411548e-06	0.0	1.0143131335645043e-05	2.812773366411548e-06	1.0	2.812773366411548e-06	0.0
NZ_CP016205.1	1.0088861137204432e-05	5.625546732823096e-05	20.0	5.625546732823096e-05	0.0	3.116406538623317e-06	1.4813939729767484e-05	5.266666666666666	0.0	3.937882712976168e-05
NZ_CP040463.1	1.004994002033393e-05	8.438320099234645e-06	3.0	8.438320099234645e-06	0.0	0.00013847286248633723	4.2037733563128655e-05	14.945297074097063	8.438320099234645e-06	0.0006553761943738907
NZ_VKOG01000001.1	9.887427811450687e-06	3.094050703052703e-05	11.0	3.094050703052703e-05	0.0	9.827281916601679e-06	2.2502186931292384e-05	8.0	2.2502186931292384e-05	0.0
NZ_RZNB01000001.1	9.879633018582607e-06	1.968941356488084e-05	7.0	1.968941356488084e-05	0.0	1.1404072450863152e-06	1.19329779181096e-06	0.42424242424242425	0.0	1.1251093465646192e-05
NZ_PIPF01000018.1	9.660595147117895e-06	1.687664019846929e-05	6.0	1.687664019846929e-05	0.0	9.212640407156457e-06	1.8238517350474022e-05	6.484175926957875	1.1251093465646192e-05	3.375328039693858e-05
NZ_CP060111.1	9.286234806051425e-06	3.375328039693858e-05	12.0	3.375328039693858e-05	0.0	9.87013302668385e-06	1.815779295358897e-05	6.455476708652904	1.406386683205774e-05	0.00010688538792363883
NZ_KN046795.1	9.255398676266481e-06	1.406386683205774e-05	5.0	1.406386683205774e-05	0.0	1.5129444060383134e-05	1.863365793286752e-05	6.624656701950993	1.687664019846929e-05	4.219160049617322e-05
NZ_SMZO01000103.1	9.249871531594883e-06	1.968941356488084e-05	7.0	1.1251093465646192e-05	2.5314960297703934e-05	2.197554916294718e-06	1.2526972959690016e-06	0.4453601953601954	0.0	2.5314960297703934e-05
NZ_AYLO01000180.1	9.249871531594883e-06	1.687664019846929e-05	6.0	8.438320099234645e-06	2.5314960297703934e-05	2.197554916294718e-06	1.2526972959690016e-06	0.4453601953601954	0.0	2.5314960297703934e-05
NZ_CADIJU010000005.1	9.158704012236028e-06	5.625546732823096e-06	2.0	5.625546732823096e-06	0.0	9.158704012236028e-06	5.625546732823096e-06	2.0	5.625546732823096e-06	0.0
NZ_VOIX01000012.1	9.022377437974063e-06	1.1251093465646192e-05	4.0	1.1251093465646192e-05	0.0	9.022377436251122e-06	1.1251093465646192e-05	4.0	1.1251093465646192e-05	0.0
NZ_BMRF01000087.1	8.956893043829225e-06	1.1251093465646192e-05	4.0	1.1251093465646192e-05	0.0	8.464842258571334e-06	9.84470678244042e-06	3.5	1.1251093465646192e-05	0.0
NZ_CDSE01000102.1	8.939107491708658e-06	1.406386683205774e-05	5.0	1.406386683205774e-05	0.0	8.939107491708658e-06	1.406386683205774e-05	5.0	1.406386683205774e-05	0.0
NZ_CP053988.1	8.859428675223603e-06	1.968941356488084e-05	7.0	1.968941356488084e-05	0.0	8.872921338856676e-06	1.41107463881646e-05	5.016666666666667	1.406386683205774e-05	2.812773366411548e-06
NZ_RXFT01000005.1	8.80870600989612e-06	1.1251093465646192e-05	4.0	1.1251093465646192e-05	0.0	8.808529185310182e-06	1.1251093465646192e-05	4.0	1.1251093465646192e-05	0.0
NZ_RCZJ01000011.1	8.560251769094569e-06	2.812773366411548e-06	1.0	2.812773366411548e-06	0.0	5.777293655977674e-05	1.6383717318012662e-05	5.824755564617179	0.0	0.00019408136228239682
NZ_BMLH01000020.1	8.264809015724405e-06	8.438320099234645e-06	3.0	8.438320099234645e-06	0.0	5.455457624887125e-06	3.828497082060163e-06	1.3611111111111112	2.812773366411548e-06	5.625546732823096e-06
NZ_BCSW01000017.1	7.598579812434315e-06	1.1251093465646192e-05	4.0	1.1251093465646192e-05	0.0	7.597554866100019e-06	1.1251093465646192e-05	4.0	1.1251093465646192e-05	0.0
NC_021064.1	7.4628989837332e-06	1.406386683205774e-05	5.0	1.406386683205774e-05	0.0	7.71559858573286e-05	2.496786856059536e-05	8.876601598531423	1.406386683205774e-05	4.781714722899632e-05
NZ_PKJK01000003.1	7.372098324048961e-06	5.625546732823096e-06	2.0	5.625546732823096e-06	0.0	7.456168655365964e-06	4.219160049617322e-06	1.5	2.812773366411548e-06	2.812773366411548e-06
NZ_NOIT01000010.1	7.273801679602381e-06	5.625546732823096e-06	2.0	5.625546732823096e-06	0.0	7.273801605406537e-06	5.625546732823096e-06	2.0	5.625546732823096e-06	0.0
NZ_JTBH02000001.1	7.273302192749917e-06	6.750656079387716e-05	24.0	6.750656079387716e-05	0.0	3.0409086057379294e-07	3.127713621929071e-05	11.119678745818451	1.687664019846929e-05	6.750656079387716e-05
NZ_RXOF01000037.1	7.267871190292722e-06	2.812773366411548e-06	1.0	2.812773366411548e-06	0.0	7.463012848726898e-06	4.4818916277986195e-06	1.593406593406593	2.812773366411548e-06	2.2502186931292384e-05
NZ_BMSD01000210.1	7.267871190292722e-06	2.812773366411548e-06	1.0	2.812773366411548e-06	0.0	7.267871190292722e-06	2.812773366411548e-06	1.0	2.812773366411548e-06	0.0
NZ_BMSD01000207.1	7.267871190292722e-06	2.812773366411548e-06	1.0	2.812773366411548e-06	0.0	7.267871190292722e-06	2.812773366411548e-06	1.0	2.812773366411548e-06	0.0
NZ_FNBC01000045.1	7.060861918749681e-06	1.406386683205774e-05	5.0	1.406386683205774e-05	0.0	2.8448268790677716e-06	1.2657480148851967e-05	4.5	0.0	1.406386683205774e-05
NZ_QENY01000004.1	6.881445529913623e-06	8.438320099234645e-06	3.0	8.438320099234645e-06	0.0	6.881445529913623e-06	8.438320099234645e-06	3.0	8.438320099234645e-06	0.0
NZ_JADLRJ010000040.1	6.654205672019093e-06	9.000874772516954e-05	32.0	9.000874772516954e-05	0.0	6.654205672019093e-06	9.000874772516954e-05	32.0	9.000874772516954e-05	0.0
NZ_BMIV01000060.1	6.514195977781718e-06	1.406386683205774e-05	5.0	1.406386683205774e-05	0.0	0.042675397482061596	0.018895680173914943	6717.8111111104145	0.009906587796501472	0.049833905732713395
NZ_SUSS01000162.1	6.503576890616359e-06	2.812773366411548e-06	1.0	2.812773366411548e-06	0.0	6.503576890616359e-06	2.812773366411548e-06	1.0	2.812773366411548e-06	0.0
NZ_VICC01000009.1	6.503576890612213e-06	2.812773366411548e-06	1.0	2.812773366411548e-06	0.0	6.5035768891637e-06	2.812773366411548e-06	1.0	2.812773366411548e-06	0.0
NZ_PJRT01000008.1	6.500670397192619e-06	1.406386683205774e-06	0.5	0.0	2.812773366411548e-06	2.197554916294718e-06	1.3434319206919546e-06	0.4776182598763244	0.0	2.812773366411548e-05
