Total Number of Aligned Reads:	294625	Total Number of Mapped Genomes:	12935
Genome	Final Guess	Final Best Hit	Final Best Hit Read Numbers	Final High Confidence Hits	Final Low Confidence Hits	Initial Guess	Initial Best Hit	Initial Best Hit Read Numbers	Initial High Confidence Hits	Initial Low Confidence Hits
NZ_BMRF01000063.1	0.36836732969102237	0.2768638099278744	81571.0	0.2768638099278744	0.0	0.14153699374287879	0.10224893592536326	30125.09274701015	0.08930335171828596	0.1666219770895206
NZ_BMRF01000072.1	0.14128684832114613	0.11968095036062791	35261.0	0.11968095036062791	0.0	0.06252516426669952	0.04737083863669014	13956.633333334832	0.03955536699193891	0.045047093763258376
NZ_BHXD01000053.1	0.0788934237940832	0.06555112431056427	19313.0	0.06555112431056427	0.0	0.0788934237940832	0.06555112431056427	19313.0	0.06555112431056427	0.0
NZ_BMRF01000099.1	0.07428430953651975	0.054211285532456514	15972.0	0.054211285532456514	0.0	0.0290898454682578	0.02182265591853995	6429.499999999833	0.013189647857445906	0.030004242681374627
NZ_QPLJ01000067.1	0.0434120226986685	0.05462537123462028	16094.0	0.05462537123462028	0.0	0.017471604642532744	0.020696464609408115	6097.6958855468665	0.013888841747984727	0.03872380144251167
NZ_BMRF01000125.1	0.03556573591371781	0.046092490453966906	13580.0	0.046092490453966906	0.0	0.021249983144057887	0.029736388063922838	8761.083333333267	0.029101400084853627	0.01636996181586763
NZ_BMIV01000059.1	0.03357993489120727	0.01965888841747985	5792.0	0.01965888841747985	0.0	0.07093239039921606	0.056907570155774606	16766.392857145092	0.0514959694526941	0.02707509546033093
NZ_BHXD01000057.1	0.022363443662667053	0.016566822231650402	4881.0	0.016566822231650402	0.0	0.022363443662667053	0.016566822231650402	4881.0	0.016566822231650402	0.0
NZ_JADKPO010000068.1	0.019828094926044856	0.019112431056427664	5631.0	0.019112431056427664	0.0	0.0036334355717475507	0.0034158207618641525	1006.3861919642259	0.0018260500636402205	0.01634959694526941
NZ_RRUE01000006.1	0.019224337440875348	0.015083580823080187	4444.0	0.015083580823080187	0.0	0.00232907546399842	0.0018375509563642641	541.3884505188213	6.788290199406025e-05	0.014876537971998303
NZ_WJPN01000037.1	0.01590999572173472	0.008627916843445058	2542.0	0.008617734408145948	1.0182435299109036e-05	0.0018797803078078829	0.0012518888784003631	368.837760798707	0.0	0.014004242681374629
NZ_BNBF01000140.1	0.014369169935844632	0.013057276198557488	3847.0	0.013057276198557488	0.0	0.027460518361920996	0.023914976665251986	7045.949999999866	0.022910479422995334	0.00218582944420874
NZ_BNBF01000093.1	0.011581531249313671	0.007708103521425541	2271.0	0.007708103521425541	0.0	0.01873749238665081	0.014453797199830514	4258.450000000065	0.012276622825625796	0.015399236317352566
NZ_BHXD01000040.1	0.01061100680575649	0.01584386932541366	4668.0	0.01584386932541366	0.0	0.0026836198633718744	0.004782859567246721	1409.1500000000653	0.0017819261773440816	0.013729316928298685
NZ_QPLJ01000097.1	0.010605733247785677	0.021759864234196014	6411.0	0.021759864234196014	0.0	0.0060413644844503536	0.011904096544572484	3507.2444444446683	0.009944845142129826	0.006262197708952057
NZ_BNBF01000096.1	0.010102582255945168	0.005613915994908783	1654.0	0.005613915994908783	0.0	0.010102582255945168	0.005613915994908783	1654.0	0.005610521849809079	3.3941450997030124e-06
NZ_BNBF01000074.1	0.009200228281922561	0.005396690708527789	1590.0	0.005396690708527789	0.0	0.0072677837045791276	0.004441238862961392	1308.5	0.005393296563428087	0.0
NZ_BMRF01000083.1	0.008873901185474146	0.0064997878659312685	1915.0	0.0064997878659312685	0.0	0.0035561793049420976	0.0022907650968745728	674.916666666671	0.002179041154009334	0.003618158676283411
NZ_BMIV01000078.1	0.005716631616225803	0.0042291047942299535	1246.0	0.0042291047942299535	0.0	0.020404476141499994	0.017183708103521204	5062.7499999999345	0.009955027577428935	0.026450572761985574
NZ_BNBB01000081.1	0.004780641093263815	0.0034484514212982605	1016.0	0.0034484514212982605	0.0	0.00738905982842663	0.004137180031112994	1218.9166666666658	0.003838778107764107	0.004263046245226983
NZ_GG666997.1	0.004308319714316042	0.004748408994484514	1399.0	0.004748408994484514	0.0	0.002471411680207273	0.0037481911380430025	1104.3108140459196	0.003003818413237166	0.0015748833262621976
NZ_BNBF01000107.1	0.004203613767696121	0.003825201527365295	1127.0	0.003825201527365295	0.0	0.004203613767696121	0.0038235044548154433	1126.5	0.003825201527365295	0.0
NZ_BMIV01000076.1	0.0038080999511840717	0.002423419601187951	714.0	0.002423419601187951	0.0	0.06676561202798689	0.040354720488110764	11889.509523809635	0.06517437420449725	0.003645311837081035
NZ_BMIV01000088.1	0.0037290890025984897	0.002202800169707255	649.0	0.002202800169707255	0.0	0.003060443372691083	0.0020035355678121878	590.2916666666658	0.001955027577428935	0.0006075519728468392
NZ_BMSH01000129.1	0.002495333364256468	0.003251591005515486	958.0	0.003251591005515486	0.0	0.023514706367419962	0.01676219985172043	4938.563131313132	0.013963512940178193	0.00747051336444633
NZ_BMRF01000161.1	0.002445428700620393	0.00947645311837081	2792.0	0.00947645311837081	0.0	0.0024454287004816175	0.009463076193566098	2788.0588235294117	0.009459482392872295	6.788290199406025e-06
NZ_QGNX01000055.1	0.0023939848573901646	0.003251591005515486	958.0	0.003251591005515486	0.0	0.0034932285025147235	0.004464997878659311	1315.4999999999995	0.0028816291896478574	0.0034959694526941025
NZ_BNBF01000111.1	0.002318088914700289	0.0015409418752651675	454.0	0.0015409418752651675	0.0	0.002317779515215563	0.001518879932117098	447.5	0.0015273652948663554	6.788290199406025e-06
NZ_BMSH01000086.1	0.0022916343446037967	0.0026745863385659735	788.0	0.0026745863385659735	0.0	0.0061133513548746205	0.00549660064458978	1619.435964912264	0.0051014000848536275	0.007195587611370386
NZ_BHXD01000064.1	0.0022199923463692172	0.004032244378447179	1188.0	0.004032244378447179	0.0	0.0022199923463692172	0.004032244378447179	1188.0	0.004032244378447179	0.0
NZ_BHXD01000058.1	0.0017077430507491346	0.0025693678404751803	757.0	0.0025693678404751803	0.0	0.0017077430507491346	0.0025693678404751803	757.0	0.0025693678404751803	0.0
NZ_MUYK01000052.1	0.0017021221520045415	0.0012218922358930844	360.0	0.0012218922358930844	0.0	0.0017021221520045415	0.0012218922358930844	360.0	0.0012218922358930844	0.0
NZ_WACO01000134.1	0.0016487003804789367	0.0022842596521001272	673.0	0.0022842596521001272	0.0	0.0016487003804789367	0.00228765379719983	674.0	0.00228765379719983	0.0
NZ_QMIL01000014.1	0.001357589163029722	0.001625795502757743	479.0	0.001625795502757743	0.0	0.0022428292428837396	0.0027925328807806627	822.7500000000027	0.002542214679677556	0.0007093763258379296
NZ_LPWH01000037.1	0.0013324935479193173	0.000838353839626644	247.0	0.000838353839626644	0.0	0.0015684877403700469	0.001097621319545465	323.38668127108264	0.000838353839626644	0.0007161646160373355
NZ_SUSS01000123.1	0.001295769504406394	0.0028544760288502333	841.0	0.0028544760288502333	0.0	0.000504798650540617	0.0010262019477542416	302.34474885709346	9.843020789138735e-05	0.004948663555366992
NZ_JXXV01000068.1	0.0012699780447652772	0.0014832414085702164	437.0	0.0014832414085702164	0.0	0.0012699780447652772	0.0014832414085702164	437.0	0.0014832414085702164	0.0
NZ_JAATJR010000019.1	0.0012295752939156732	0.0008824777259227831	260.0	0.0008824777259227831	0.0	0.0020281171960793358	0.001780699650561094	524.6386345465623	0.0008756894357233772	0.004985999151463725
NZ_BNBF01000121.1	0.0010772371202686895	0.001659736953754773	489.0	0.001659736953754773	0.0	0.00107723712041795	0.001666525243954179	491.0	0.001666525243954179	0.0
NZ_BMSH01000105.1	0.0009870912247854692	0.0008689011455239712	256.0	0.0008689011455239712	0.0	0.002179542460358878	0.002115400933389903	623.2500000000002	0.001354263894781502	0.003047942299533305
NZ_WACO01000212.1	0.0009762886832514726	0.0019923631735256683	587.0	0.0019923631735256683	0.0	0.0009684131016188363	0.0014798472634705133	436.0	0.0014798472634705133	0.0
NZ_QPLJ01000113.1	0.0008499445056138261	0.007131098854476029	2101.0	0.007131098854476029	0.0	0.002641308297667373	0.007984952623391378	2352.566666666685	0.006547305897327111	0.014078913873568095
NZ_QMIL01000023.1	0.0008310110699827825	0.0006516758591429783	192.0	0.0006516758591429783	0.0	0.00170542905575834	0.0013568352168267304	399.75757575757547	0.001357658039881205	0.00010182435299109037
NZ_NISV01000002.1	0.000668085736776888	0.0005159100551548579	152.0	0.0005159100551548579	0.0	0.000668085736776888	0.0005159100551548579	152.0	0.0005159100551548579	0.0
NZ_BNBF01000124.1	0.0005800166612851937	0.0008010182435299109	236.0	0.0008010182435299109	0.0	0.0005800166550519175	0.0007976240984302079	235.0	0.0008010182435299109	0.0
NZ_WACO01000046.1	0.0005675172530667175	0.0007297411964361476	215.0	0.0007297411964361476	0.0	0.0005675172530667175	0.0007297411964361476	215.0	0.0007297411964361476	0.0
NZ_BHXD01000050.1	0.0005463708801888768	0.0021349172677131946	629.0	0.0021349172677131946	0.0	0.0005463708801888768	0.0021349172677131946	629.0	0.0021349172677131946	0.0
NZ_JADKPO010000073.1	0.00048488552995417983	0.0005294866355536699	156.0	0.0005294866355536699	0.0	0.0015435846262526092	0.0011522764544671406	339.4894503973813	0.0004140857021637675	0.007182011030971574
NZ_FNWF01000003.1	0.00047311971455475394	0.00023080186677980485	68.0	0.00023080186677980485	0.0	0.00021520595292123926	0.00011073398387781078	32.625	1.0182435299109036e-05	0.00021383114128128977
NZ_JVGP01000036.1	0.00046350159737429706	0.0004072974119643615	120.0	0.0004072974119643615	0.0	5.285587616356868e-05	5.9262871480080946e-05	17.46032350981885	0.0	0.00029868476877386506
NZ_JXXV01000067.1	0.0004509726129334144	0.0003292320746711922	97.0	0.0003292320746711922	0.0	0.0004509726129334144	0.0003292320746711922	97.0	0.0003292320746711922	0.0
NZ_JADLRJ010000039.1	0.00043163697784791	0.00042426813746287653	125.0	0.00042426813746287653	0.0	0.00043163697784791	0.00042426813746287653	125.0	0.00042426813746287653	0.0
NZ_BMRF01000060.1	0.000417937579491358	0.0021586762834111158	636.0	0.0021586762834111158	0.0	0.0001348382989055472	0.0006049290924980363	178.22723387723394	0.00039032668646584644	0.0007263470513364447
NZ_BMVC01000047.1	0.0004049267912487951	0.00023759015697921086	70.0	0.00023759015697921086	0.0	0.0023168620489486323	0.001476594541083289	435.041666666664	0.000821383114128129	0.0025659736953754773
NZ_CP035288.1	0.0003944543846070367	0.0002579550275774289	76.0	0.0002579550275774289	0.0	4.833180076214121e-05	4.7965124679538706e-05	14.131724858709092	1.0182435299109036e-05	0.00016970725498515062
NZ_AMYT01000013.1	0.000375883987332486	0.00021383114128128977	63.0	0.00021383114128128977	0.0	0.0007948233518217332	0.0004775712793801335	140.70443818737184	0.0002443784471786169	0.0018226559185405176
NC_006085.1	0.00034440667757743	0.000271531607976241	80.0	0.000271531607976241	0.0	0.0002518427444034013	0.00020840050912176498	61.400000000000006	0.00017310140008485362	7.806533729316928e-05
NZ_SUSS01000085.1	0.0003120694400707426	0.00028171404327535	83.0	0.00028171404327535	0.0	0.0007894710465356294	0.0010267504427877731	302.50634920634764	0.0008179889690284259	0.003299109036911328
NZ_WACO01000229.1	0.0003092859604411166	0.0006143402630462453	181.0	0.0006143402630462453	0.0	0.0003092859604411166	0.0006143402630462453	181.0	0.0006143402630462453	0.0
NC_000913.3	0.0003052358582629037	0.00035299109036911327	104.0	0.00035299109036911327	0.0	9.420259787739405e-05	9.136563509053072e-05	26.918600238547615	4.751803139584217e-05	0.00026474331777683497
NZ_QGNX01000109.1	0.0002652668343733217	0.0009673313534153585	285.0	0.0009673313534153585	0.0	0.0002642889742327425	0.0008836091076226844	260.33333333333337	0.0008858718710224862	3.3941450997030124e-06
NZ_SUSS01000094.1	0.0002221202485253342	0.0001934662706830717	57.0	0.0001934662706830717	0.0	0.0002221202485253342	0.0001934662706830717	57.0	0.0001934662706830717	0.0
NZ_VSKS01000080.1	0.00022101872529175427	0.0005905812473483242	174.0	0.0005905812473483242	0.0	0.00014736763677907985	0.0004567953613350302	134.5833333333333	0.0004072974119643615	0.00018328383538396268
NZ_JXXV01000071.1	0.00021942569953798814	0.0003190496393720832	94.0	0.0003190496393720832	0.0	0.00021942569953798814	0.0003190496393720832	94.0	0.0003190496393720832	0.0
NZ_CP015866.1	0.0001922834193475717	0.00014934238438693253	44.0	0.00014934238438693253	0.0	4.278108804583318e-05	3.100805252669551e-05	9.135747475677665	2.3759015697921086e-05	0.00011540093338990242
NZ_BMRF01000274.1	0.00018524849004155012	0.0002952906236741621	87.0	0.0002952906236741621	0.0	0.0006617634530988603	0.0006635553669919406	195.50000000000048	0.0005159100551548579	0.000556639796351294
NZ_JADILU010000019.1	0.00018385160850360434	0.00014594823928722954	43.0	0.00014594823928722954	0.0	0.00591610411337118	0.006929147221043626	2041.4999999999784	0.0025252439541790413	0.012330929147221044
NZ_JADKPO010000071.1	0.00017962076722887504	0.00011709800593975392	34.5	0.0	0.00023419601187950784	0.0013774743226314867	0.0010773836734986643	317.424164804544	0.0	0.01349851506151888
NZ_JADKPN010000028.1	0.00017962076722887504	0.00011709800593975392	34.5	0.0	0.00023419601187950784	0.0013774743226314867	0.0010773836734986643	317.424164804544	0.0	0.01349851506151888
NZ_LR134475.1	0.00016489824348599934	8.145948239287229e-05	24.0	8.145948239287229e-05	0.0	5.498771673275168e-05	3.6864429179659434e-05	10.86118244705716	2.0364870598218073e-05	7.127704709376326e-05
NZ_JACDTZ010000001.1	0.000159519543454783	0.00011879507848960543	35.0	0.00011879507848960543	0.0	6.162405071432596e-05	3.8857802622068665e-05	11.44848009752698	1.0182435299109036e-05	0.00011540093338990242
NZ_SUSS01000130.1	0.0001466895315461712	0.000278319898175647	82.0	0.000278319898175647	0.0	0.0001466895315461712	0.000278319898175647	82.0	0.000278319898175647	0.0
NZ_WACO01000384.1	0.00014495906861559975	0.00023419601187950784	69.0	0.00023419601187950784	0.0	0.00014495906861559975	0.00023419601187950784	69.0	0.00023419601187950784	0.0
NZ_QMIL01000049.1	0.0001426095333740871	0.0007501060670343657	221.0	0.0007501060670343657	0.0	0.00014260953337409015	0.0007551972846839202	222.5	0.0007602885023334748	0.0
NZ_QOWJ01000045.1	0.0001392555279017192	0.00020704285108188376	61.0	0.00020704285108188376	0.0	0.003926501343499782	0.0047474782983478545	1398.7257936507367	0.0001086126431904964	0.025045396690708526
NZ_CP012400.2	0.00013392966144502714	0.00015273652948663555	45.0	0.00014594823928722954	6.788290199406025e-06	3.3209609473260793e-05	4.892211288601556e-05	14.413677509042335	3.054730589732711e-05	9.843020789138735e-05
NZ_SUSS01000131.1	0.0001332776393654069	0.0001120067882901994	33.0	0.0001120067882901994	0.0	0.0001332776393654069	0.0001120067882901994	33.0	0.0001120067882901994	0.0
NZ_WACO01000608.1	0.00010946321866568576	0.0003699618158676283	109.0	0.0003699618158676283	0.0	0.00010946321866568576	0.0003699618158676283	109.0	0.0003699618158676283	0.0
NZ_BNBB01000054.1	0.00010918241231785432	0.0003801442511667374	112.0	0.0003801442511667374	0.0	9.936308588449945e-05	0.0004015834351854717	118.3165195915196	0.0002206194314806958	0.0005294866355536699
NZ_SUSS01000092.1	0.00010112798132163873	0.0003020789138735681	89.0	0.0003020789138735681	0.0	0.00010112798132163873	0.0003020789138735681	89.0	0.0003020789138735681	0.0
NZ_RRUE01000010.1	9.729469859954243e-05	0.00017649554518455664	52.0	0.00017649554518455664	0.0	0.0010432126836876679	0.000853172653060738	251.36599290801993	0.0003054730589732711	0.006058549002969877
NZ_VTPZ01000030.1	9.660792480439973e-05	0.00022740772168010183	67.0	0.0002240135765803988	3.3941450997030124e-06	2.198377249471963e-05	7.073595744136905e-05	20.840581461163353	2.3759015697921086e-05	0.0001595248196860416
NZ_LR134477.1	9.528475513660832e-05	8.824777259227832e-05	26.0	8.824777259227832e-05	0.0	1.88626412156048e-05	2.217508131805968e-05	6.533333333333333	1.0182435299109036e-05	3.733559609673313e-05
NZ_NGUZ01000036.1	9.162592871054452e-05	7.806533729316928e-05	23.0	7.806533729316928e-05	0.0	0.00039819897799146857	0.0002268775173274006	66.8437885425854	7.127704709376326e-05	0.0006414934238438693
NZ_SUSS01000110.1	8.738098611776316e-05	0.0004174798472634705	123.0	0.0004174798472634705	0.0	8.738098611776316e-05	0.0004174798472634705	123.0	0.0004174798472634705	0.0
NZ_BMTE01000132.1	8.702989450553527e-05	8.485362749257531e-05	25.0	8.485362749257531e-05	0.0	8.702989450553527e-05	8.485362749257531e-05	25.0	8.485362749257531e-05	0.0
NZ_BMTE01000057.1	8.340354819943696e-05	5.770046669495121e-05	17.0	5.770046669495121e-05	0.0	6.65488508028501e-05	4.1295432046386653e-05	12.166666666666668	4.0729741196436146e-05	1.0182435299109036e-05
NZ_QMIL01000050.1	7.99362391628252e-05	0.0003020789138735681	89.0	0.0003020789138735681	0.0	7.99362391628252e-05	0.0003020789138735681	89.0	0.0003020789138735681	0.0
NZ_WACO01000289.1	7.878148126299077e-05	0.00014594823928722954	43.0	0.00014594823928722954	0.0	7.878148126299077e-05	0.00014594823928722954	43.0	0.00014594823928722954	0.0
NZ_BMSH01000126.1	7.501683174893053e-05	8.145948239287229e-05	24.0	8.145948239287229e-05	0.0	0.010379563169502221	0.007685023334747515	2264.1999999999866	0.006258803563852355	0.013997454391175222
NZ_CM001513.1	7.447670714962158e-05	5.0912176495545185e-05	15.0	5.0912176495545185e-05	0.0	4.08399972005642e-06	7.927266602698967e-06	2.335570922820183	3.3941450997030124e-06	8.824777259227832e-05
NZ_NDYD01000036.1	6.496906883175397e-05	7.467119219346626e-05	22.0	7.467119219346626e-05	0.0	6.10732013990867e-05	7.467119219346626e-05	22.0	7.467119219346626e-05	0.0
NZ_SUSS01000105.1	6.280749136743433e-05	7.806533729316928e-05	23.0	7.806533729316928e-05	0.0	6.280749136743433e-05	7.806533729316928e-05	23.0	7.806533729316928e-05	0.0
NZ_LT629736.1	6.089680215719752e-05	9.503606279168434e-05	28.0	8.485362749257531e-05	1.0182435299109036e-05	2.636030046055907e-05	7.91818963136974e-05	23.328966201423096	2.0364870598218073e-05	0.0001663131098854476
NZ_WACO01000412.1	5.896129803569783e-05	0.00012558336868901144	37.0	0.00012558336868901144	0.0	5.896129803569783e-05	0.00012558336868901144	37.0	0.00012558336868901144	0.0
NZ_QYZP01000009.1	5.834606019477388e-05	5.0912176495545185e-05	15.0	5.0912176495545185e-05	0.0	0.00022947542134505605	0.00018300098995898762	53.91666666666673	8.485362749257531e-05	0.0003699618158676283
NZ_BMTN01000049.1	5.6360455673840284e-05	0.0003088672040729741	91.0	0.0003088672040729741	0.0	8.20605397742471e-05	0.0003848713112183625	113.39271006771006	0.00026134917267713195	0.0004344505727619856
NZ_QMIL01000028.1	5.304391604251564e-05	4.751803139584217e-05	14.0	4.751803139584217e-05	0.0	0.0002681392334952656	0.0005651251591005515	166.5	0.0005837929571489181	0.00040390326686465846
NZ_SUSS01000196.1	5.125224802314238e-05	0.0003835383962664404	113.0	0.0003835383962664404	0.0	5.125224802314238e-05	0.0003835383962664404	113.0	0.0003835383962664404	0.0
NZ_BMUF01000141.1	4.9363936367121334e-05	5.0912176495545185e-05	15.0	5.0912176495545185e-05	0.0	0.001214947612015522	0.001182293876396549	348.33333333333326	0.0016190072125583368	0.00034280865507000426
NZ_QMIL01000046.1	4.8950101725576534e-05	0.0003563852354688163	105.0	0.0003563852354688163	0.0	0.001034161509534155	0.005143261207749947	1515.3333333333283	0.0028952057700466693	0.003577428935086975
NZ_BMSD01000246.1	4.8489778337553184e-05	3.3941450997030126e-05	10.0	3.3941450997030126e-05	0.0	4.8489778337553184e-05	3.3941450997030126e-05	10.0	3.3941450997030126e-05	0.0
NZ_CP022219.1	4.840502134364067e-05	3.054730589732711e-05	9.0	3.054730589732711e-05	0.0	1.8862321863371713e-06	1.830451645772745e-06	0.5392968161357949	0.0	2.71531607976241e-05
NZ_WACO01000125.1	4.8321320809905896e-05	8.145948239287229e-05	24.0	8.145948239287229e-05	0.0	0.00042952246126313256	0.0004254359791907536	125.34407536907578	0.00020025456088247772	0.0012184980907933814
NZ_BMIV01000061.1	4.778786541691727e-05	4.751803139584217e-05	14.0	4.751803139584217e-05	0.0	0.02061218282638215	0.009854447744307894	2903.366666666713	0.006784896054306322	0.019047942299533306
NZ_CABKUZ010000013.1	4.399311883488279e-05	3.054730589732711e-05	9.0	3.054730589732711e-05	0.0	5.993162730057443e-06	1.0559562532409372e-05	3.111111111111111	6.788290199406025e-06	1.357658039881205e-05
NZ_SUSS01000193.1	4.317217979386463e-05	0.0001120067882901994	33.0	0.0001120067882901994	0.0	4.317217979386463e-05	0.0001120067882901994	33.0	0.0001120067882901994	0.0
NZ_WACO01000193.1	4.225450086882571e-05	0.00018667798048366567	55.0	0.00018667798048366567	0.0	4.225450086882571e-05	0.00018667798048366567	55.0	0.00018667798048366567	0.0
NZ_QPLJ01000130.1	4.1939962041779024e-05	4.0729741196436146e-05	12.0	4.0729741196436146e-05	0.0	4.1939962041779024e-05	4.0729741196436146e-05	12.0	4.0729741196436146e-05	0.0
NZ_SUSS01000147.1	4.110669033659305e-05	6.788290199406025e-05	20.0	6.788290199406025e-05	0.0	4.110669033659305e-05	6.788290199406025e-05	20.0	6.788290199406025e-05	0.0
NZ_JXXV01000070.1	3.9821961249097956e-05	0.00017310140008485362	51.0	0.00017310140008485362	0.0	3.9821961249097956e-05	0.00017310140008485362	51.0	0.00017310140008485362	0.0
NZ_NDYD01000037.1	3.645503941178089e-05	4.0729741196436146e-05	12.0	4.0729741196436146e-05	0.0	3.325825664811061e-05	4.0729741196436146e-05	12.0	4.0729741196436146e-05	0.0
NZ_BMSH01000039.1	3.6160351373041793e-05	0.0001357658039881205	40.0	0.0001357658039881205	0.0	0.00010947360595813126	0.000386774456863553	113.9534243534243	0.00020025456088247772	0.0005939753924480272
NC_010172.1	3.521606430739412e-05	7.127704709376326e-05	21.0	7.127704709376326e-05	0.0	1.0024073342104924e-05	2.2087656368521875e-05	6.507575757575758	1.0182435299109036e-05	4.0729741196436146e-05
NZ_SUSS01000207.1	3.4595684833062265e-05	3.3941450997030126e-05	10.0	3.3941450997030126e-05	0.0	3.4595684833062265e-05	3.3941450997030126e-05	10.0	3.3941450997030126e-05	0.0
NZ_LIQW01000075.1	3.389057273603934e-05	2.3759015697921086e-05	7.0	2.3759015697921086e-05	0.0	4.7730784020445305e-06	5.3539311163974375e-06	1.577401955168595	0.0	2.3759015697921086e-05
NZ_JADZ01000076.1	3.266358493664849e-05	1.357658039881205e-05	4.0	1.357658039881205e-05	0.0	7.518252979413866e-06	4.525526799604016e-06	1.3333333333333333	0.0	1.0182435299109036e-05
NZ_WACO01000195.1	3.244442462253608e-05	6.788290199406025e-05	20.0	6.788290199406025e-05	0.0	3.244442462253608e-05	6.788290199406025e-05	20.0	6.788290199406025e-05	0.0
NZ_BMSD01000324.1	3.242077413950675e-05	3.733559609673313e-05	11.0	3.733559609673313e-05	0.0	3.242077413950675e-05	3.733559609673313e-05	11.0	3.733559609673313e-05	0.0
NZ_CDSE01000078.1	3.2138251714995056e-05	0.0003360203648705982	99.0	0.0003360203648705982	0.0	3.2126792336812904e-05	0.00034111158252015273	100.5	0.00036656767076792535	0.0
NC_012803.1	3.091454474780915e-05	4.0729741196436146e-05	12.0	4.0729741196436146e-05	0.0	9.597203469071898e-06	8.31565549427238e-06	2.45	3.3941450997030124e-06	1.6970725498515063e-05
NZ_BMSD01000308.1	3.069271138772068e-05	5.0912176495545185e-05	15.0	5.0912176495545185e-05	0.0	3.069271138772068e-05	5.0912176495545185e-05	15.0	5.0912176495545185e-05	0.0
NZ_RDEX01000005.1	2.984519288725126e-05	2.3759015697921086e-05	7.0	2.3759015697921086e-05	0.0	3.89312633605527e-06	3.94991154877719e-06	1.1637426900584795	0.0	1.0182435299109036e-05
NZ_BMVN01000200.1	2.976139821787152e-05	1.6970725498515063e-05	5.0	1.6970725498515063e-05	0.0	1.757552202438485e-05	1.357658039881205e-05	4.0	1.6970725498515063e-05	0.0
NZ_CZJT01000051.1	2.8636371160433407e-05	0.00014594823928722954	43.0	0.00014594823928722954	0.0	3.35889373720874e-05	0.000163178536449644	48.07647630147636	9.164191769198134e-05	0.0003190496393720832
NZ_LS483459.1	2.8328292204496775e-05	2.71531607976241e-05	8.0	2.71531607976241e-05	0.0	4.866114024193706e-06	1.758974095310012e-05	5.182377428307123	6.788290199406025e-06	2.3759015697921086e-05
NZ_CP014234.1	2.788780036063503e-05	3.733559609673313e-05	11.0	3.733559609673313e-05	0.0	1.2020248714499588e-05	2.0025456088247775e-05	5.9	1.357658039881205e-05	2.0364870598218073e-05
NC_014212.1	2.7810990646145092e-05	3.054730589732711e-05	9.0	3.054730589732711e-05	0.0	2.781099064482063e-05	3.054730589732711e-05	9.0	3.054730589732711e-05	0.0
NZ_BMSD01000107.1	2.6782760453314582e-05	1.6970725498515063e-05	5.0	1.6970725498515063e-05	0.0	1.1002892938099102e-05	6.788290199406024e-06	1.9999999999999998	6.788290199406025e-06	1.0182435299109036e-05
NZ_BMSD01000183.1	2.6509605764834713e-05	1.6970725498515063e-05	5.0	1.6970725498515063e-05	0.0	2.6509605764834713e-05	1.6970725498515063e-05	5.0	1.6970725498515063e-05	0.0
NZ_BMRF01000091.1	2.6252587801343032e-05	0.0001934662706830717	57.0	0.0001934662706830717	0.0	2.630151424168339e-05	0.00016970725498515065	50.00000000000001	0.00016970725498515062	1.6970725498515063e-05
NZ_SUSS01000083.1	2.5972441474228144e-05	3.054730589732711e-05	9.0	3.054730589732711e-05	0.0	2.5972441474228144e-05	3.054730589732711e-05	9.0	3.054730589732711e-05	0.0
NZ_QMIL01000034.1	2.5792190395463745e-05	0.0001357658039881205	40.0	0.0001357658039881205	0.0	2.4230188189182018e-05	0.00016574741903549708	48.83333333333333	0.00015613067458633857	6.448875689435723e-05
NZ_SUSS01000134.1	2.383308359563923e-05	0.00017988969028425966	53.0	0.00017988969028425966	0.0	2.383308359563923e-05	0.00017988969028425966	53.0	0.00017988969028425966	0.0
NZ_BMSD01000268.1	2.2913867361862044e-05	3.3941450997030126e-05	10.0	3.3941450997030126e-05	0.0	2.2913867361862044e-05	3.3941450997030126e-05	10.0	3.3941450997030126e-05	0.0
NZ_CP012676.1	2.204940200620662e-05	6.788290199406025e-06	2.0	6.788290199406025e-06	0.0	3.4948026822513674e-06	1.0311474702520738e-06	0.30380182342301726	0.0	4.412388629613916e-05
NZ_BMPU01000008.1	2.1407010158914752e-05	1.6970725498515063e-05	5.0	1.6970725498515063e-05	0.0	1.828148346650888e-05	1.357658039881205e-05	4.0	1.357658039881205e-05	0.0
NZ_CP028844.1	2.0552009997161355e-05	1.357658039881205e-05	4.0	1.357658039881205e-05	0.0	6.170729066449811e-06	2.82845424975251e-06	0.8333333333333333	0.0	1.0182435299109036e-05
NZ_VWOY01000995.1	2.0531648280172752e-05	3.3941450997030126e-05	10.0	3.3941450997030126e-05	0.0	2.0531648280172752e-05	3.3941450997030126e-05	10.0	3.3941450997030126e-05	0.0
NZ_LR594049.1	2.047042644187356e-05	5.43063215952482e-05	16.0	5.0912176495545185e-05	3.3941450997030124e-06	1.5910066273277202e-05	1.1951743808917895e-05	3.5212825197024347	3.3941450997030124e-06	8.824777259227832e-05
NZ_VJYZ01000013.1	1.9762260091088415e-05	6.788290199406025e-06	2.0	6.788290199406025e-06	0.0	1.1347763035718753e-05	4.242681374628766e-06	1.25	3.3941450997030124e-06	3.3941450997030124e-06
NZ_JABULH010000022.1	1.975397460658718e-05	1.0182435299109036e-05	3.0	1.0182435299109036e-05	0.0	8.725704610677464e-06	3.5484244224167856e-06	1.0454545454545454	3.3941450997030124e-06	3.3941450997030124e-06
NZ_VEGL01000001.1	1.9658199605590412e-05	1.0182435299109036e-05	3.0	1.0182435299109036e-05	0.0	5.462575022244675e-06	7.315171078606548e-06	2.155232279034454	0.0	3.054730589732711e-05
NZ_WACO01000292.1	1.9469520975086926e-05	3.733559609673313e-05	11.0	3.733559609673313e-05	0.0	1.9469520975086926e-05	3.733559609673313e-05	11.0	3.733559609673313e-05	0.0
NZ_BMWF01000062.1	1.914149036023697e-05	9.164191769198134e-05	27.0	8.824777259227832e-05	3.3941450997030124e-06	2.663146907428294e-05	0.00013646980935907543	40.2074175824176	8.145948239287229e-05	0.00021043699618158675
NZ_CP013911.1	1.8940823690741937e-05	2.3759015697921086e-05	7.0	2.3759015697921086e-05	0.0	2.766175163388317e-05	1.3658641676734268e-05	4.024177304007834	0.0	0.00012558336868901144
NZ_JXXV01000069.1	1.882576624584703e-05	6.109461179465423e-05	18.0	6.109461179465423e-05	0.0	1.882576624584703e-05	6.109461179465423e-05	18.0	6.109461179465423e-05	0.0
NZ_BMSD01000223.1	1.833609215938552e-05	1.357658039881205e-05	4.0	1.357658039881205e-05	0.0	1.833609215938552e-05	1.357658039881205e-05	4.0	1.357658039881205e-05	0.0
NC_014375.1	1.7691425387911057e-05	1.0182435299109036e-05	3.0	1.0182435299109036e-05	0.0	2.9154784026232283e-06	1.357658039881205e-06	0.4	0.0	6.788290199406025e-06
NZ_PJRN01000037.1	1.6230299973421403e-05	3.054730589732711e-05	9.0	3.054730589732711e-05	0.0	5.0730052369981135e-06	3.875610867549773e-06	1.141851851851852	0.0	1.6970725498515063e-05
NZ_ACVO01000020.1	1.5953363108078298e-05	8.145948239287229e-05	24.0	8.145948239287229e-05	0.0	1.2623803241990343e-05	4.8649413095743174e-05	14.333333333333332	3.3941450997030126e-05	2.3759015697921086e-05
NZ_BMIV01000070.1	1.5840560194162e-05	8.824777259227832e-05	26.0	8.824777259227832e-05	0.0	0.02035392494405572	0.01762749257530749	5193.499999999969	0.009082732286805261	0.02866694951209164
NZ_BBPI01000114.1	1.5548438607247595e-05	1.0182435299109036e-05	3.0	1.0182435299109036e-05	0.0	1.5817508569506065e-06	6.913999277172802e-07	0.2037037037037037	0.0	6.788290199406025e-06
NZ_KB906317.1	1.5470914994301937e-05	1.0182435299109036e-05	3.0	1.0182435299109036e-05	0.0	1.8672006032907062e-06	9.550624739424062e-07	0.2813852813852814	0.0	1.0182435299109036e-05
NZ_GL732464.1	1.5461151035060682e-05	3.3941450997030126e-05	10.0	3.3941450997030126e-05	0.0	1.3298161653634064e-05	2.028815251325686e-05	5.977396934218302	0.0	9.843020789138735e-05
NZ_BMRF01000235.1	1.5448085102107532e-05	3.3941450997030126e-05	10.0	3.3941450997030126e-05	0.0	1.5448085102107532e-05	3.3941450997030126e-05	10.0	3.3941450997030126e-05	0.0
NZ_SUSS01000161.1	1.501812517320876e-05	4.0729741196436146e-05	12.0	4.0729741196436146e-05	0.0	1.501812517320876e-05	4.0729741196436146e-05	12.0	4.0729741196436146e-05	0.0
NZ_CP017420.1	1.4852692567343211e-05	1.357658039881205e-05	4.0	1.357658039881205e-05	0.0	3.6245113949263277e-06	2.0298318733518015e-06	0.5980392156862745	0.0	1.0182435299109036e-05
NZ_BMRF01000242.1	1.4779212685226317e-05	2.0364870598218073e-05	6.0	2.0364870598218073e-05	0.0	0.000987456122200782	0.001237516078415531	364.60317460317583	0.0009401781926177344	0.0049011455239711494
NZ_BMPU01000002.1	1.4420776356614739e-05	6.788290199406025e-06	2.0	6.788290199406025e-06	0.0	1.4420776356614739e-05	6.788290199406025e-06	2.0	6.788290199406025e-06	0.0
NZ_BMSD01000155.1	1.4247871896290956e-05	1.0182435299109036e-05	3.0	1.0182435299109036e-05	0.0	1.4247871896290956e-05	1.0182435299109036e-05	3.0	1.0182435299109036e-05	0.0
NZ_BMSY01000169.1	1.4210551094890284e-05	3.733559609673313e-05	11.0	3.733559609673313e-05	0.0	1.4210551094890284e-05	3.733559609673313e-05	11.0	3.733559609673313e-05	0.0
NZ_BMSH01000177.1	1.4002133896290715e-05	1.357658039881205e-05	4.0	1.357658039881205e-05	0.0	0.00043836871337767026	0.00034478857304483045	101.58333333333317	8.824777259227832e-05	0.0007704709376325838
NZ_BMUF01000037.1	1.3379717144212897e-05	8.485362749257531e-05	25.0	8.485362749257531e-05	0.0	5.271542393772761e-05	0.00027142335814376553	79.96810689310692	0.0001391599490878235	0.00039032668646584644
NZ_CP009288.1	1.337410195662298e-05	1.6970725498515063e-05	5.0	1.6970725498515063e-05	0.0	4.376662939650784e-06	1.882709458482713e-06	0.5546932742054693	0.0	1.0182435299109036e-05
NZ_SUSS01000125.1	1.2835031702645546e-05	1.357658039881205e-05	4.0	1.357658039881205e-05	0.0	1.2835031702645546e-05	1.357658039881205e-05	4.0	1.357658039881205e-05	0.0
NZ_SUSS01000098.1	1.2698848840363926e-05	1.357658039881205e-05	4.0	1.357658039881205e-05	0.0	1.2698848840363926e-05	1.357658039881205e-05	4.0	1.357658039881205e-05	0.0
NZ_QGNX01000051.1	1.2559074530076781e-05	0.00010182435299109037	30.0	0.00010182435299109037	0.0	0.0023417100311046704	0.0032868456674141257	968.3869047618867	0.00012558336868901144	0.01969622401357658
NZ_PENI01000107.1	1.2451849015425645e-05	4.0729741196436146e-05	12.0	4.0729741196436146e-05	0.0	1.245184735799934e-05	3.3941450997030126e-05	10.0	3.3941450997030126e-05	0.0
NZ_KB849707.1	1.2370242117699997e-05	8.485362749257531e-06	2.5	6.788290199406025e-06	1.0182435299109036e-05	1.2699676878121628e-06	7.650295304092503e-07	0.22539682539682537	0.0	1.357658039881205e-05
NZ_KB849702.1	1.2370242117699997e-05	8.485362749257531e-06	2.5	6.788290199406025e-06	1.0182435299109036e-05	1.2699676878121628e-06	7.650295304092503e-07	0.22539682539682537	0.0	1.357658039881205e-05
NZ_JADLRJ010000035.1	1.2162469130069276e-05	0.00012558336868901144	37.0	0.00012558336868901144	0.0	1.2471830731867666e-05	0.00014255409418752652	42.0	0.00014594823928722954	6.788290199406025e-06
NZ_BMRF01000184.1	1.2057367637224579e-05	7.127704709376326e-05	21.0	7.127704709376326e-05	0.0	1.1014552263181925e-05	6.957997454391175e-05	20.5	7.127704709376326e-05	0.0
NZ_LT906441.1	1.1966760791909843e-05	6.788290199406025e-06	2.0	6.788290199406025e-06	0.0	1.2441885732447602e-05	9.164191769198134e-06	2.7	6.788290199406025e-06	6.788290199406025e-06
NZ_BMTE01000077.1	1.1747434437759748e-05	1.0182435299109036e-05	3.0	1.0182435299109036e-05	0.0	1.1747434437663989e-05	8.485362749257531e-06	2.5	1.0182435299109036e-05	0.0
NZ_KB291040.1	1.1653645480776566e-05	2.71531607976241e-05	8.0	2.71531607976241e-05	0.0	6.533627336719463e-06	2.71531607976241e-05	8.0	2.0364870598218073e-05	6.788290199406025e-06
NZ_CDSE01000102.1	1.1308526835850443e-05	9.164191769198134e-05	27.0	9.164191769198134e-05	0.0	1.1320058742213473e-05	0.00012049215103945694	35.5	0.00014934238438693253	0.0
NC_014643.1	1.1121634300353963e-05	1.0182435299109036e-05	3.0	1.0182435299109036e-05	0.0	1.0259533856544842e-05	8.485362749257531e-06	2.5	3.3941450997030124e-06	1.0182435299109036e-05
NZ_CABFVH010000097.1	1.0962978332978031e-05	3.3941450997030124e-06	1.0	3.3941450997030124e-06	0.0	3.2455745433448152e-06	2.0056311952790526e-06	0.5909090909090908	0.0	1.0182435299109036e-05
NZ_BMSD01000210.1	1.0930577642833255e-05	1.0182435299109036e-05	3.0	1.0182435299109036e-05	0.0	1.0930577642833255e-05	1.0182435299109036e-05	3.0	1.0182435299109036e-05	0.0
NZ_CP029343.1	1.0872354644699545e-05	3.054730589732711e-05	9.0	3.054730589732711e-05	0.0	3.6587865444943347e-06	1.855357201135733e-06	0.5466346153846153	0.0	1.0182435299109036e-05
NZ_JAAXPT010000026.1	1.0744705895588063e-05	1.0182435299109036e-05	3.0	1.0182435299109036e-05	0.0	3.146849938639384e-06	5.9397539244802715e-06	1.75	3.3941450997030124e-06	6.788290199406025e-06
NZ_BMSD01000244.1	1.0516828010076703e-05	6.788290199406025e-06	2.0	6.788290199406025e-06	0.0	1.0516828010076703e-05	6.788290199406025e-06	2.0	6.788290199406025e-06	0.0
NZ_SUSS01000069.1	1.0490153515823286e-05	0.00508103521425541	1497.0	0.00508103521425541	0.0	1.836144089168384e-05	0.005393296563428087	1589.0	0.005549427238014425	0.0
NZ_JACBZL010000001.1	1.0303497999720977e-05	5.0912176495545185e-05	15.0	5.0912176495545185e-05	0.0	0.00035621274821848355	0.00023207822352855838	68.37604660710151	3.733559609673313e-05	0.0007297411964361476
NZ_BMRF01000071.1	1.0243371143124915e-05	1.357658039881205e-05	4.0	1.357658039881205e-05	0.0	1.0243146841819933e-05	1.1879507848960543e-05	3.5	1.357658039881205e-05	0.0
NZ_QMED01000074.1	1.021117004141684e-05	1.357658039881205e-05	4.0	1.357658039881205e-05	0.0	0.001010206934600663	0.0007648311348880425	225.3383731163895	1.357658039881205e-05	0.0074773016546457365
NZ_UATM01000032.1	1.0077596530938795e-05	6.788290199406025e-06	2.0	6.788290199406025e-06	0.0	2.2800891289580625e-05	9.47532173667091e-06	2.791666666666667	3.3941450997030124e-06	2.71531607976241e-05
NZ_PDNI01000016.1	1.0055016099861088e-05	1.357658039881205e-05	4.0	1.357658039881205e-05	0.0	0.0005367877651597442	0.0003965951301233481	116.84684021259143	1.357658039881205e-05	0.004941875265167586
NZ_PZOY01000041.1	1.005378746927074e-05	1.0182435299109036e-05	3.0	1.0182435299109036e-05	0.0	1.005378746927074e-05	1.0182435299109036e-05	3.0	1.0182435299109036e-05	0.0
NZ_SUSS01000128.1	1.0002995182280859e-05	6.109461179465423e-05	18.0	6.109461179465423e-05	0.0	1.0002995182280859e-05	6.109461179465423e-05	18.0	6.109461179465423e-05	0.0
NZ_CP031146.1	1.0002891178412836e-05	6.788290199406025e-06	2.0	6.788290199406025e-06	0.0	1.0284830673184563e-06	3.990815614285698e-06	1.175794050358924	3.3941450997030124e-06	3.054730589732711e-05
NZ_UGRT01000001.1	9.930779298471479e-06	4.412388629613916e-05	13.0	4.412388629613916e-05	0.0	1.6840418703215692e-06	8.485362749257531e-07	0.25	0.0	3.3941450997030124e-06
NZ_UHCT01000001.1	9.919291757144427e-06	3.3941450997030124e-06	1.0	3.3941450997030124e-06	0.0	6.77323358108868e-06	2.5282286000011767e-06	0.7448793512753467	0.0	2.71531607976241e-05
NZ_QMED01000071.1	9.916084712026003e-06	6.788290199406025e-06	2.0	6.788290199406025e-06	0.0	0.00202583853896693	0.001407077964499678	414.56034529071763	5.0912176495545185e-05	0.012320746711921935
NZ_PCZS01000001.1	9.914153933160196e-06	3.3941450997030124e-06	1.0	3.3941450997030124e-06	0.0	2.6956693980532112e-05	2.1156837788148777e-05	6.233333333333333	1.0182435299109036e-05	2.71531607976241e-05
NZ_WACO01000553.1	9.889193496643909e-06	3.054730589732711e-05	9.0	3.054730589732711e-05	0.0	9.889193496643909e-06	3.054730589732711e-05	9.0	3.054730589732711e-05	0.0
NZ_JVHT01000008.1	9.887750576994876e-06	2.0364870598218073e-05	6.0	2.0364870598218073e-05	0.0	2.3206131187140426e-06	1.7433921839066865e-06	0.5136469221835075	0.0	2.0364870598218073e-05
NZ_BMTE01000074.1	9.882523759653591e-06	1.0182435299109036e-05	3.0	1.0182435299109036e-05	0.0	2.2067751862985398e-05	1.0182435299109036e-05	3.0	1.357658039881205e-05	0.0
NZ_SNYL01000003.1	9.882246129798879e-06	6.788290199406025e-06	2.0	6.788290199406025e-06	0.0	4.523028577499484e-06	1.6970725498515062e-06	0.5	0.0	3.3941450997030124e-06
NZ_CP011039.1	9.881150029710627e-06	6.788290199406025e-06	2.0	6.788290199406025e-06	0.0	1.8298389733388884e-07	1.6976337510915364e-07	0.05001653439153439	0.0	1.0182435299109036e-05
NZ_CP016022.1	9.881140304970598e-06	6.788290199406025e-06	2.0	6.788290199406025e-06	0.0	9.881137119922043e-06	5.1972846839202376e-06	1.53125	3.3941450997030124e-06	6.788290199406025e-06
NZ_LR590481.1	9.881130043832044e-06	3.3941450997030124e-06	1.0	3.3941450997030124e-06	0.0	7.158290057557687e-06	3.3941450997030124e-06	1.0	3.3941450997030124e-06	0.0
NZ_WACO01000076.1	9.881130043824536e-06	3.3941450997030124e-06	1.0	3.3941450997030124e-06	0.0	9.881130043824536e-06	3.3941450997030124e-06	1.0	3.3941450997030124e-06	0.0
NZ_VWOY01000658.1	9.881130043824536e-06	3.3941450997030124e-06	1.0	3.3941450997030124e-06	0.0	9.881130043824536e-06	3.3941450997030124e-06	1.0	3.3941450997030124e-06	0.0
NZ_UGVN01000001.1	9.881130043824536e-06	6.788290199406025e-06	2.0	6.788290199406025e-06	0.0	9.8811947176641e-06	6.788290199406025e-06	2.0	6.788290199406025e-06	0.0
NZ_CP046037.1	9.881130043819664e-06	3.3941450997030124e-06	1.0	3.3941450997030124e-06	0.0	4.721826772879214e-06	3.3941450997030124e-06	1.0	0.0	3.3941450997030124e-06
NZ_CP013452.1	9.881123755251976e-06	1.357658039881205e-05	4.0	1.357658039881205e-05	0.0	6.959692104048965e-07	8.485362749257531e-07	0.25	0.0	3.3941450997030124e-06
NZ_JAAXPT010000027.1	9.863627265419523e-06	6.788290199406025e-06	2.0	6.788290199406025e-06	0.0	7.869646424030557e-06	7.4671192193466275e-06	2.2	6.788290199406025e-06	3.3941450997030124e-06
NZ_SUSS01000148.1	9.458206097605824e-06	5.43063215952482e-05	16.0	5.43063215952482e-05	0.0	9.458206097605824e-06	5.43063215952482e-05	16.0	5.43063215952482e-05	0.0
NZ_CP034543.1	9.456635360428808e-06	3.3941450997030124e-06	1.0	3.3941450997030124e-06	0.0	6.428870744918893e-06	3.3620994553447596e-06	0.9905585520309498	0.0	4.412388629613916e-05
NZ_BMSD01000117.1	9.165769808336879e-06	6.788290199406025e-06	2.0	6.788290199406025e-06	0.0	8.122954434294225e-06	5.091217649554518e-06	1.5	6.788290199406025e-06	0.0
NZ_WACO01000655.1	9.101798092428065e-06	3.3941450997030126e-05	10.0	3.3941450997030126e-05	0.0	9.101798092428065e-06	3.3941450997030126e-05	10.0	3.3941450997030126e-05	0.0
NZ_UWOC01000115.1	8.684258357385707e-06	3.054730589732711e-05	9.0	3.054730589732711e-05	0.0	8.684258357385707e-06	3.054730589732711e-05	9.0	3.054730589732711e-05	0.0
NZ_CP032788.1	8.444905081532228e-06	1.0182435299109036e-05	3.0	1.0182435299109036e-05	0.0	8.629585215773326e-06	4.242681374628766e-06	1.25	3.3941450997030124e-06	3.3941450997030124e-06
NZ_BMSD01000340.1	7.912192633124646e-06	1.0182435299109036e-05	3.0	1.0182435299109036e-05	0.0	7.912192633124646e-06	1.0182435299109036e-05	3.0	1.0182435299109036e-05	0.0
NZ_VRSW01000008.1	7.912190409152109e-06	6.788290199406025e-06	2.0	6.788290199406025e-06	0.0	3.933621005296122e-07	3.4433356083943605e-06	1.0144927536231885	0.0	6.788290199406025e-06
NZ_CP017114.1	7.909594565524627e-06	3.3941450997030124e-06	1.0	3.3941450997030124e-06	0.0	3.9441499814355604e-06	1.6970725498515062e-06	0.5	0.0	3.3941450997030124e-06
NZ_BMSD01000219.1	7.678652728902597e-06	1.357658039881205e-05	4.0	1.357658039881205e-05	0.0	7.678652728902597e-06	1.357658039881205e-05	4.0	1.357658039881205e-05	0.0
NZ_BMTE01000135.1	7.585849596785444e-06	1.357658039881205e-05	4.0	1.357658039881205e-05	0.0	0.0005800682400877023	0.00045415816446788205	133.80634920634975	1.357658039881205e-05	0.0031497666525243952
NZ_QMIL01000018.1	7.441227332757069e-06	0.00035299109036911327	104.0	0.00035299109036911327	0.0	0.002020355621581135	0.004937349738368218	1454.666666666736	0.003974543911752227	0.012137462876537972
NZ_BMSH01000149.1	6.638226326009995e-06	0.00014255409418752652	42.0	0.00014255409418752652	0.0	3.736256510584278e-06	0.00010012728044123885	29.499999999999996	8.824777259227832e-05	3.733559609673313e-05
NZ_SUSS01000112.1	6.410590885071275e-06	4.751803139584217e-05	14.0	4.751803139584217e-05	0.0	6.410590885071275e-06	4.751803139584217e-05	14.0	4.751803139584217e-05	0.0
NZ_JADLRJ010000052.1	6.345675910328434e-06	3.3941450997030126e-05	10.0	3.3941450997030126e-05	0.0	6.345675910328434e-06	3.3941450997030126e-05	10.0	3.3941450997030126e-05	0.0
NZ_CP016020.1	6.335638972505455e-06	3.3941450997030124e-06	1.0	3.3941450997030124e-06	0.0	5.012710371909569e-06	3.3941450997030124e-06	1.0	3.3941450997030124e-06	0.0
NZ_BMSD01000194.1	6.335586799626229e-06	3.3941450997030124e-06	1.0	3.3941450997030124e-06	0.0	6.335586799626229e-06	3.3941450997030124e-06	1.0	3.3941450997030124e-06	0.0
NZ_BMSH01000160.1	5.913596992199938e-06	2.3759015697921086e-05	7.0	2.3759015697921086e-05	0.0	0.0070531614137533324	0.006734266723235243	1984.0833333331836	0.00020025456088247772	0.020626219770895207
NZ_PRKW01000018.1	5.898966710532482e-06	4.0729741196436146e-05	12.0	4.0729741196436146e-05	0.0	0.0006438703681894811	0.0003647179017285314	107.45501179676856	6.448875689435723e-05	0.0028137462876537973
NZ_RBCK01000002.1	5.889441794892415e-06	1.0182435299109036e-05	3.0	1.0182435299109036e-05	0.0	1.1216376903000433e-05	1.5421655593868384e-05	4.543605279343473	0.0	0.00011540093338990242
NZ_BMPU01000005.1	5.767532216695367e-06	3.054730589732711e-05	9.0	3.054730589732711e-05	0.0	5.767531744619757e-06	2.8284542497525098e-05	8.333333333333332	2.71531607976241e-05	3.3941450997030124e-06
NZ_BNAQ01000046.1	5.669332163395737e-06	3.3941450997030124e-06	1.0	3.3941450997030124e-06	0.0	5.669332163395737e-06	3.3941450997030124e-06	1.0	3.3941450997030124e-06	0.0
NZ_BMRF01000171.1	5.669332163395737e-06	3.3941450997030124e-06	1.0	3.3941450997030124e-06	0.0	5.669332163395737e-06	3.3941450997030124e-06	1.0	3.3941450997030124e-06	0.0
NZ_SMSJ01000370.1	5.538052874919605e-06	0.00045481544336020365	134.0	0.00045481544336020365	0.0	0.0011212634976742158	0.0023215952481968807	684.0000000000059	0.0010080610946117947	0.003906661009758167
NZ_FNKM01000002.1	5.455489205285963e-06	6.788290199406025e-06	2.0	6.788290199406025e-06	0.0	8.194041383312277e-06	5.714464264096684e-06	1.6836240338094854	3.3941450997030124e-06	7.806533729316928e-05
NZ_BMUC01000037.1	5.260720468484915e-06	1.103097157403479e-05	3.25	0.0	4.412388629613916e-05	3.5074764889473286e-06	8.76820817423278e-06	2.583333333333333	0.0	4.412388629613916e-05
NZ_BMRK01000039.1	5.260720468484915e-06	1.103097157403479e-05	3.25	0.0	4.412388629613916e-05	3.5074764889473286e-06	8.76820817423278e-06	2.583333333333333	0.0	4.412388629613916e-05
NZ_BMRG01000045.1	5.260720468484915e-06	1.103097157403479e-05	3.25	0.0	4.412388629613916e-05	3.5074764889473286e-06	8.76820817423278e-06	2.583333333333333	0.0	4.412388629613916e-05
NZ_BMQZ01000037.1	5.260720468484915e-06	1.103097157403479e-05	3.25	0.0	4.412388629613916e-05	3.5074764889473286e-06	8.76820817423278e-06	2.583333333333333	0.0	4.412388629613916e-05
NZ_AMRJ01000061.1	5.239531627805398e-06	7.127704709376326e-05	21.0	7.127704709376326e-05	0.0	3.063476127202094e-05	0.00019764433934989743	58.23096348096353	5.43063215952482e-05	0.0004072974119643615
NZ_LR134378.1	5.0734401392637e-06	3.3941450997030124e-06	1.0	3.3941450997030124e-06	0.0	5.007400168626763e-06	3.3941450997030124e-06	1.0	3.3941450997030124e-06	0.0
NZ_SUSS01000177.1	5.073141319886758e-06	3.3941450997030124e-06	1.0	3.3941450997030124e-06	0.0	5.073141319886758e-06	3.3941450997030124e-06	1.0	3.3941450997030124e-06	0.0
NZ_JADKPO010000083.1	4.9825189933369894e-06	1.357658039881205e-05	4.0	1.357658039881205e-05	0.0	0.00202433716888975	0.002546084274467751	750.1400793650612	9.164191769198134e-05	0.01747645311837081
NZ_WIPK01000170.1	4.7656619941310105e-06	6.788290199406025e-06	2.0	6.788290199406025e-06	0.0	4.779063870162378e-06	1.781926177344081e-05	5.249999999999999	6.788290199406025e-06	2.71531607976241e-05
NZ_BMSH01000148.1	4.72062552248553e-06	1.0182435299109036e-05	3.0	1.0182435299109036e-05	0.0	0.0034924705943849116	0.0008179889690284324	241.0000000000019	0.0002240135765803988	0.0020195163343232924
NZ_BMSD01000349.1	4.69027492843949e-06	1.357658039881205e-05	4.0	1.357658039881205e-05	0.0	4.69027492843949e-06	1.357658039881205e-05	4.0	1.357658039881205e-05	0.0
NZ_NQBD01000049.1	4.690268348986757e-06	6.788290199406025e-06	2.0	6.788290199406025e-06	0.0	4.690268348986757e-06	6.788290199406025e-06	2.0	6.788290199406025e-06	0.0
NZ_CP046621.1	4.674420196253164e-06	3.3941450997030124e-06	1.0	3.3941450997030124e-06	0.0	1.2545548023505168e-06	9.308562234933737e-07	0.2742535148467352	0.0	4.0729741196436146e-05
NZ_WACO01000663.1	4.666518537804401e-06	7.806533729316928e-05	23.0	7.806533729316928e-05	0.0	4.666518537804401e-06	7.806533729316928e-05	23.0	7.806533729316928e-05	0.0
NZ_BMSD01000330.1	4.620768423380673e-06	1.6970725498515063e-05	5.0	1.6970725498515063e-05	0.0	4.620768423380673e-06	1.6970725498515063e-05	5.0	1.6970725498515063e-05	0.0
NZ_RCNS01000007.1	4.619924788394938e-06	0.0001120067882901994	33.0	0.0001120067882901994	0.0	2.4927971403051392e-05	0.00023988920145050829	70.677355977356	0.00014934238438693253	0.00017310140008485362
NZ_CP053391.1	4.619596643391644e-06	1.6970725498515063e-05	5.0	1.6970725498515063e-05	0.0	4.1013699202559997e-07	1.5144220779743405e-06	0.44618660472319005	0.0	2.0364870598218073e-05
NZ_CP048832.1	4.543228406945189e-06	3.3941450997030124e-06	1.0	3.3941450997030124e-06	0.0	9.203990651370397e-07	1.6432231324042948e-06	0.4841346153846154	0.0	2.0364870598218073e-05
NZ_QJVC01000043.1	4.542544226455078e-06	6.788290199406025e-05	20.0	6.788290199406025e-05	0.0	0.0003483295232973662	0.0003583198681239759	105.56999114602641	6.448875689435723e-05	0.00408994484514213
NZ_SATR01000077.1	4.5414875583853335e-06	1.357658039881205e-05	4.0	1.357658039881205e-05	0.0	4.282307659050296e-06	3.5927654425745216e-06	1.0585185185185184	3.3941450997030124e-06	6.788290199406025e-06
NZ_BMPU01000009.1	4.541009046632746e-06	1.0182435299109036e-05	3.0	1.0182435299109036e-05	0.0	4.541009035505464e-06	1.0182435299109036e-05	3.0	1.0182435299109036e-05	0.0
NZ_VDDD01000034.1	4.539646312790203e-06	3.3941450997030124e-06	1.0	3.3941450997030124e-06	0.0	4.539646312790203e-06	3.3941450997030124e-06	1.0	3.3941450997030124e-06	0.0
NZ_PVNE01000001.1	4.539646312790203e-06	3.3941450997030124e-06	1.0	3.3941450997030124e-06	0.0	3.7484525971283827e-06	3.3941450997030124e-06	1.0	3.3941450997030124e-06	0.0
NZ_BMTE01000082.1	4.539646312790203e-06	3.3941450997030124e-06	1.0	3.3941450997030124e-06	0.0	4.539646312790203e-06	3.3941450997030124e-06	1.0	3.3941450997030124e-06	0.0
NZ_BMSY01000161.1	4.539646312790203e-06	3.3941450997030124e-06	1.0	3.3941450997030124e-06	0.0	4.539646312790203e-06	3.3941450997030124e-06	1.0	3.3941450997030124e-06	0.0
NZ_BMSD01000328.1	4.539646312790203e-06	3.3941450997030124e-06	1.0	3.3941450997030124e-06	0.0	4.539646312790203e-06	3.3941450997030124e-06	1.0	3.3941450997030124e-06	0.0
NZ_AFJC01000029.1	4.539578454485533e-06	6.788290199406025e-06	2.0	6.788290199406025e-06	0.0	3.0902575410979178e-06	4.242681374628766e-06	1.25	3.3941450997030124e-06	3.3941450997030124e-06
NZ_LT960614.1	4.0818644058897905e-06	6.788290199406025e-06	2.0	6.788290199406025e-06	0.0	2.765114363158324e-07	2.610880845925394e-07	0.07692307692307693	0.0	3.3941450997030124e-06
NZ_VKOG01000016.1	4.062254005116045e-06	6.788290199406025e-06	2.0	6.788290199406025e-06	0.0	4.0864085437813546e-06	7.0493782839985645e-06	2.076923076923077	6.788290199406025e-06	3.3941450997030124e-06
NZ_BMRF01000120.1	4.016350787111229e-06	2.3759015697921086e-05	7.0	2.3759015697921086e-05	0.0	3.7535327667252044e-06	2.0364870598218073e-05	6.0	1.6970725498515063e-05	6.788290199406025e-06
NZ_BMSY01000121.1	3.956095204587627e-06	1.6970725498515062e-06	0.5	3.3941450997030124e-06	0.0	3.956095204587627e-06	1.6970725498515062e-06	0.5	3.3941450997030124e-06	0.0
NZ_BMSD01000310.1	3.956095204587627e-06	1.6970725498515062e-06	0.5	3.3941450997030124e-06	0.0	3.956095204587627e-06	1.6970725498515062e-06	0.5	3.3941450997030124e-06	0.0
NZ_WACO01000681.1	3.701645295025768e-06	1.357658039881205e-05	4.0	1.357658039881205e-05	0.0	3.701646488676915e-06	1.4425116673737803e-05	4.25	1.357658039881205e-05	3.3941450997030124e-06
NZ_QGDC01000028.1	3.6352634154487895e-06	6.788290199406025e-06	2.0	6.788290199406025e-06	0.0	3.096270218134903e-06	1.1879507848960543e-05	3.5	6.788290199406025e-06	6.788290199406025e-06
NZ_JADIJF010000006.1	3.635064598665112e-06	6.788290199406025e-06	2.0	6.788290199406025e-06	0.0	0.00015629813940431573	0.0001224699117532677	36.082697750306494	3.3941450997030124e-06	0.002196011879507849
NZ_BNAQ01000041.1	3.635064598664519e-06	3.3941450997030124e-06	1.0	3.3941450997030124e-06	0.0	3.635064598664519e-06	3.3941450997030124e-06	1.0	3.3941450997030124e-06	0.0
NZ_GG666993.1	3.256935073819653e-06	1.357658039881205e-05	4.0	1.357658039881205e-05	0.0	3.204601798350148e-06	1.357658039881205e-05	4.0	1.357658039881205e-05	0.0
NZ_BMSH01000127.1	2.9793126877682216e-06	5.0912176495545185e-05	15.0	5.0912176495545185e-05	0.0	3.0224295063484907e-06	7.636826474331777e-05	22.5	8.145948239287229e-05	0.0
NZ_BMSC01000076.1	2.9041541186489194e-06	1.357658039881205e-05	4.0	1.357658039881205e-05	0.0	6.201524650889551e-06	3.4943531931228144e-05	10.295238095238092	1.357658039881205e-05	4.751803139584217e-05
NZ_BMUF01000096.1	2.792151222279443e-06	3.054730589732711e-05	9.0	3.054730589732711e-05	0.0	0.002394663094626702	0.0026661009758168477	785.5000000000388	3.054730589732711e-05	0.012633008061094611
NZ_BMTE01000138.1	2.5258491844449673e-06	1.357658039881205e-05	4.0	1.357658039881205e-05	0.0	2.5258491844449673e-06	2.0364870598218073e-05	6.0	2.0364870598218073e-05	0.0
NZ_JAALFF010000220.1	2.5258491844449275e-06	6.788290199406025e-06	2.0	6.788290199406025e-06	0.0	2.525793387103336e-06	6.788290199406025e-06	2.0	6.788290199406025e-06	0.0
NZ_BMVN01000231.1	2.3307321313656164e-06	6.788290199406025e-06	2.0	6.788290199406025e-06	0.0	0.000420694530467547	0.0003452871922485536	101.7302390162301	6.788290199406025e-06	0.004083156554942724
NZ_SUSS01000201.1	2.2888506551678303e-06	5.0912176495545185e-05	15.0	5.0912176495545185e-05	0.0	2.2888506551678303e-06	5.0912176495545185e-05	15.0	5.0912176495545185e-05	0.0
NZ_RXOF01000051.1	2.2667650252046043e-06	3.733559609673313e-05	11.0	3.733559609673313e-05	0.0	2.2667650252046043e-06	3.733559609673313e-05	11.0	3.733559609673313e-05	0.0
NZ_AP021861.1	2.170029385041512e-06	8.145948239287229e-05	24.0	8.145948239287229e-05	0.0	2.131251440965675e-06	7.551972846839202e-05	22.25	7.467119219346626e-05	3.3941450997030124e-06
NZ_CP034463.1	2.1389354684863463e-06	3.3941450997030124e-06	1.0	3.3941450997030124e-06	0.0	2.4501624291066764e-06	1.4381538835884128e-06	0.42371608795223614	0.0	3.054730589732711e-05
NZ_BMSY01000166.1	2.1082974688992842e-06	3.3941450997030126e-05	10.0	3.3941450997030126e-05	0.0	2.1082974688992842e-06	3.3941450997030126e-05	10.0	3.3941450997030126e-05	0.0
NZ_CABKQE010000001.1	2.097607341757235e-06	1.357658039881205e-05	4.0	1.357658039881205e-05	0.0	2.097516795111128e-06	1.3734865050096277e-05	4.046634615384615	1.357658039881205e-05	6.788290199406025e-06
NZ_CP014022.1	2.0900996836764857e-06	3.3941450997030124e-06	1.0	3.3941450997030124e-06	0.0	1.6641618139213957e-05	1.0744721579954606e-05	3.165663595494126	3.3941450997030124e-06	0.0001086126431904964
NZ_RBWV01000010.1	2.0856307480854226e-06	3.3941450997030124e-06	1.0	3.3941450997030124e-06	0.0	2.0855917887304616e-06	3.3941450997030124e-06	1.0	3.3941450997030124e-06	0.0
NZ_CP023643.1	2.0856307480853086e-06	3.3941450997030124e-06	1.0	3.3941450997030124e-06	0.0	2.0662010967558316e-06	3.3941450997030124e-06	1.0	3.3941450997030124e-06	0.0
NZ_NDYD01000017.1	2.085630748085308e-06	3.3941450997030124e-06	1.0	3.3941450997030124e-06	0.0	2.085630748085308e-06	3.3941450997030124e-06	1.0	3.3941450997030124e-06	0.0
NZ_LR134484.1	2.0075191069416147e-06	6.788290199406025e-06	2.0	6.788290199406025e-06	0.0	2.469853110092897e-06	7.4671192193466275e-06	2.2	6.788290199406025e-06	3.3941450997030124e-06
NZ_BMRF01000138.1	1.994019090799409e-06	1.6970725498515063e-05	5.0	1.6970725498515063e-05	0.0	1.994019090799409e-06	1.6970725498515063e-05	5.0	1.6970725498515063e-05	0.0
NZ_BMIV01000073.1	1.8326280165456896e-06	0.00016970725498515062	50.0	0.00016970725498515062	0.0	0.001695425011033294	0.0018492433884881772	544.8333333333292	0.0010318201103097157	0.00331268561731014
NZ_WACO01000170.1	1.8144977393095017e-06	0.0009707254985150616	286.0	0.0009707254985150616	0.0	1.8187194679040978e-06	0.0011370386084005092	335.0	0.0012694102672889266	0.0
NZ_QZCH01000134.1	1.7279155162033813e-06	2.71531607976241e-05	8.0	2.71531607976241e-05	0.0	1.8247849333950136e-06	3.563852354688163e-05	10.5	3.733559609673313e-05	0.0
NZ_SNXW01000007.1	1.689884720579289e-06	1.357658039881205e-05	4.0	1.357658039881205e-05	0.0	1.688278789830015e-06	1.0182435299109036e-05	3.0	1.0182435299109036e-05	0.0
NZ_QOHL01000046.1	1.6700425486652585e-06	3.3941450997030124e-06	1.0	3.3941450997030124e-06	0.0	0.0004382637687202448	0.00035198568017954693	103.70378102289902	6.788290199406025e-06	0.0037098005939753924
NZ_BMSD01000344.1	1.6700425486652585e-06	3.3941450997030124e-06	1.0	3.3941450997030124e-06	0.0	1.6700425486652585e-06	3.3941450997030124e-06	1.0	3.3941450997030124e-06	0.0
NZ_BMRF01000285.1	1.6700425486652585e-06	3.3941450997030124e-06	1.0	3.3941450997030124e-06	0.0	2.7128579227079124e-06	5.091217649554518e-06	1.5	6.788290199406025e-06	0.0
NZ_SUSS01000113.1	1.498124029465311e-06	6.788290199406025e-06	2.0	6.788290199406025e-06	0.0	1.498124029465311e-06	6.788290199406025e-06	2.0	6.788290199406025e-06	0.0
NZ_QOHL01000049.1	1.497075529378647e-06	2.71531607976241e-05	8.0	2.71531607976241e-05	0.0	0.0010480990086680737	0.0008208347352357061	241.83843386881992	2.3759015697921086e-05	0.010776410691557064
NZ_BMSH01000191.1	1.4411029738238392e-06	6.788290199406025e-06	2.0	6.788290199406025e-06	0.0	0.0025742919313085743	0.0059131664545322045	1742.1666666665508	3.3941450997030126e-05	0.01765634280865507
NZ_QJVD01000115.1	1.3372655331787967e-06	3.3941450997030124e-06	1.0	3.3941450997030124e-06	0.0	0.0004857107274107365	0.00035303720655278605	104.01358698061459	3.3941450997030124e-06	0.0038116249469664827
NZ_AEKI01000019.1	1.3372655331787967e-06	3.3941450997030124e-06	1.0	3.3941450997030124e-06	0.0	1.3372655331787967e-06	3.3941450997030124e-06	1.0	3.3941450997030124e-06	0.0
NZ_BNBF01000085.1	1.330321372421039e-06	1.6970725498515063e-05	5.0	1.6970725498515063e-05	0.0	0.02593956420057057	0.024067769390043618	7090.966556541601	1.6970725498515063e-05	0.08814255409418753
NZ_QGHH01000055.1	1.3170269704570444e-06	6.788290199406025e-06	2.0	6.788290199406025e-06	0.0	4.103826757762575e-06	1.2422970959889517e-05	3.660117819057449	6.788290199406025e-06	9.164191769198134e-05
NZ_JADLRJ010000041.1	1.2431689827480545e-06	5.770046669495121e-05	17.0	5.770046669495121e-05	0.0	1.2431689827480545e-06	5.770046669495121e-05	17.0	5.770046669495121e-05	0.0
NZ_JADLRJ010000040.1	1.2416218801917732e-06	6.788290199406025e-05	20.0	6.788290199406025e-05	0.0	1.2416218801917732e-06	6.788290199406025e-05	20.0	6.788290199406025e-05	0.0
NZ_BMJU01000012.1	1.2012772956015731e-06	1.6970725498515063e-05	5.0	1.6970725498515063e-05	0.0	1.5139263955973568e-06	2.2740772168010182e-05	6.7	2.3759015697921086e-05	3.3941450997030124e-06
NZ_BMRF01000153.1	1.1966377761091145e-06	3.3941450997030124e-06	1.0	3.3941450997030124e-06	0.0	1.1966377761091145e-06	3.3941450997030124e-06	1.0	3.3941450997030124e-06	0.0
NZ_AFPB01000140.1	1.1966377761091145e-06	3.3941450997030124e-06	1.0	3.3941450997030124e-06	0.0	4.781841131170768e-06	4.173137594958638e-06	1.2295106639146887	3.3941450997030124e-06	1.6970725498515063e-05
NZ_NMUL01000147.1	1.084570277645557e-06	1.0182435299109036e-05	3.0	1.0182435299109036e-05	0.0	9.112206739123078e-07	3.3941450997030124e-06	1.0	3.3941450997030124e-06	0.0
NZ_CP023864.1	1.0707985300477434e-06	3.3941450997030124e-06	1.0	3.3941450997030124e-06	0.0	1.0707985300477434e-06	3.3941450997030124e-06	1.0	3.3941450997030124e-06	0.0
NZ_PXOH01000093.1	1.0148301849730003e-06	2.0364870598218073e-05	6.0	2.0364870598218073e-05	0.0	2.7938686340938216e-06	3.790128694668364e-05	11.166666666666668	2.71531607976241e-05	3.054730589732711e-05
NZ_KB291036.1	9.950389743083538e-07	4.751803139584217e-05	14.0	4.751803139584217e-05	0.0	9.95007450045629e-07	4.751803139584217e-05	14.0	4.751803139584217e-05	0.0
NZ_SUSS01000227.1	9.615073749248989e-07	1.0182435299109036e-05	3.0	1.0182435299109036e-05	0.0	9.615073749248989e-07	1.0182435299109036e-05	3.0	1.0182435299109036e-05	0.0
NZ_SUSS01000228.1	9.051340357317023e-07	6.788290199406025e-06	2.0	6.788290199406025e-06	0.0	9.051340357317023e-07	6.788290199406025e-06	2.0	6.788290199406025e-06	0.0
NZ_AAXW01000147.1	9.049199079953003e-07	1.0182435299109036e-05	3.0	1.0182435299109036e-05	0.0	5.489646147852751e-06	2.708136157436115e-05	7.9788461538461535	1.6970725498515063e-05	7.467119219346626e-05
NZ_QDAG01000019.1	8.674768480597793e-07	3.054730589732711e-05	9.0	3.054730589732711e-05	0.0	1.61948072998924e-05	0.00014458510894658545	42.59838772338774	3.733559609673313e-05	0.0002579550275774289
NZ_JACJTD010000177.1	8.574962923022425e-07	3.3941450997030124e-06	1.0	3.3941450997030124e-06	0.0	2.2156198253786393e-07	1.131381699901004e-06	0.3333333333333333	0.0	3.3941450997030124e-06
NZ_QAAE01000001.1	8.25188069751835e-07	3.3941450997030124e-06	1.0	3.3941450997030124e-06	0.0	3.039784190093485e-07	3.3941450997030124e-06	1.0	0.0	3.3941450997030124e-06
NZ_BMIV01000083.1	6.866932677903753e-07	6.788290199406025e-06	2.0	6.788290199406025e-06	0.0	0.0019617696592877406	0.0007048507990383274	207.6666666666672	0.0006584641493423844	0.0009299957573186253
NZ_BNAQ01000045.1	6.525739791726776e-07	6.788290199406025e-06	2.0	6.788290199406025e-06	0.0	6.525739791726776e-07	6.788290199406025e-06	2.0	6.788290199406025e-06	0.0
NZ_ARXV01000034.1	6.427191866168641e-07	1.357658039881205e-05	4.0	1.357658039881205e-05	0.0	1.5757309108507265e-06	3.333816986765651e-05	9.8222582972583	1.6970725498515063e-05	6.448875689435723e-05
NZ_CP029043.1	6.237431200738695e-07	1.6970725498515063e-05	5.0	1.357658039881205e-05	3.3941450997030124e-06	2.8661170907346803e-06	1.8653450990477483e-06	0.5495772998069428	0.0	7.806533729316928e-05
NZ_FNJE01000023.1	5.99725625650172e-07	8.485362749257531e-06	2.5	6.788290199406025e-06	6.788290199406025e-06	4.933825411182797e-07	5.2908732436546955e-06	1.5588235294117647	0.0	1.357658039881205e-05
NZ_FNJE01000003.1	5.99725625650172e-07	5.091217649554518e-06	1.5	3.3941450997030124e-06	6.788290199406025e-06	4.933825411182797e-07	5.091217649554518e-06	1.5	0.0	1.0182435299109036e-05
NZ_BMVC01000058.1	5.497662963614444e-07	3.3941450997030124e-06	1.0	3.3941450997030124e-06	0.0	0.002538138533439467	0.0016291896478574347	479.9999999999967	0.0021145523971149768	0.001680101824352991
NZ_CP044483.1	5.379399225506406e-07	1.0182435299109036e-05	3.0	1.0182435299109036e-05	0.0	4.956660706456085e-07	1.0182435299109036e-05	3.0	1.0182435299109036e-05	0.0
NZ_BMIV01000060.1	4.977683352804165e-07	1.357658039881205e-05	4.0	1.357658039881205e-05	0.0	0.04017929202930727	0.034914042901575223	10286.5498898766	0.017564700890963087	0.09237844717861689
NZ_CP009285.1	4.471034429302926e-07	1.0182435299109036e-05	3.0	1.0182435299109036e-05	0.0	5.315422541720131e-06	9.387541401159374e-06	2.7658043853165806	0.0	2.3759015697921086e-05
NC_014334.2	4.4027914812583485e-07	6.788290199406025e-06	2.0	6.788290199406025e-06	0.0	4.4022698261541044e-07	3.3941450997030124e-06	1.0	3.3941450997030124e-06	0.0
NZ_BMLV01000010.1	4.3740498660360983e-07	3.3941450997030124e-06	1.0	3.3941450997030124e-06	0.0	3.398789092422882e-07	3.3941450997030124e-06	1.0	3.3941450997030124e-06	0.0
NZ_GG665876.1	4.287445728794263e-07	3.3941450997030124e-06	1.0	6.788290199406025e-06	0.0	4.1366722562506343e-07	1.6970725498515062e-06	0.5	0.0	3.3941450997030124e-06
NZ_CP024699.1	4.287445728794263e-07	3.3941450997030124e-06	1.0	6.788290199406025e-06	0.0	4.1366722562506343e-07	1.6970725498515062e-06	0.5	0.0	3.3941450997030124e-06
NZ_MSLT01000005.1	4.1927930617700686e-07	3.3941450997030126e-05	10.0	3.3941450997030126e-05	0.0	2.3521916474915074e-06	7.429275575223812e-05	21.888503163503156	4.412388629613916e-05	0.00010182435299109037
NZ_BMRF01000156.1	3.586781020435344e-07	1.0182435299109036e-05	3.0	1.0182435299109036e-05	0.0	3.586781020435344e-07	1.0182435299109036e-05	3.0	1.0182435299109036e-05	0.0
NZ_SUSS01000104.1	3.5249936744672893e-07	3.3941450997030124e-06	1.0	3.3941450997030124e-06	0.0	3.5249936744672893e-07	3.3941450997030124e-06	1.0	3.3941450997030124e-06	0.0
NZ_VCDI01000021.1	3.517595266966026e-07	3.3941450997030124e-06	1.0	3.3941450997030124e-06	0.0	1.5443644469408798e-07	1.6970725498515062e-06	0.5	0.0	3.3941450997030124e-06
NZ_PEBQ01000045.1	3.333085995221614e-07	2.0364870598218073e-05	6.0	2.0364870598218073e-05	0.0	3.333085995221614e-07	2.0364870598218073e-05	6.0	2.0364870598218073e-05	0.0
NZ_BMUF01000136.1	3.0688625900395967e-07	4.0729741196436146e-05	12.0	4.0729741196436146e-05	0.0	0.005522915645332303	0.005426389478149906	1598.749999999916	8.485362749257531e-05	0.016095036062791685
NC_012704.1	2.9955182436872483e-07	3.733559609673313e-05	11.0	3.733559609673313e-05	0.0	5.972235475179348e-07	2.1213406873143828e-05	6.25	1.6970725498515063e-05	6.788290199406025e-06
NZ_BMYZ01000007.1	2.933154871657157e-07	1.6970725498515063e-05	5.0	1.6970725498515063e-05	0.0	2.6175405884771807e-07	1.103097157403479e-05	3.25	6.788290199406025e-06	6.788290199406025e-06
NZ_CP007220.1	2.8225972114678677e-07	1.0182435299109036e-05	3.0	1.0182435299109036e-05	0.0	2.8211627584909127e-07	5.2908732436546955e-06	1.5588235294117647	6.788290199406025e-06	3.3941450997030124e-06
NZ_PXOH01000098.1	2.7240087962794167e-07	1.357658039881205e-05	4.0	1.357658039881205e-05	0.0	1.2228688111167184e-06	2.5667464106157358e-05	7.562276612276611	1.357658039881205e-05	3.054730589732711e-05
NZ_CP009571.1	2.6290917579237395e-07	6.788290199406025e-06	2.0	6.788290199406025e-06	0.0	6.191048266957135e-07	1.2856610226147775e-06	0.3787878787878788	0.0	6.788290199406025e-06
NZ_SUSS01000199.1	2.61594046317662e-07	0.00017310140008485362	51.0	0.00017310140008485362	0.0	2.61594046317662e-07	0.00017310140008485362	51.0	0.00017310140008485362	0.0
NZ_WACO01000049.1	2.2601614012730033e-07	3.3941450997030124e-06	1.0	3.3941450997030124e-06	0.0	0.00036647947698900874	0.00027087284969674864	79.80591334190457	3.3941450997030124e-06	0.0036622825625795504
NZ_BMTN01000099.1	2.2275359894620614e-07	0.0013135341535850658	387.0	0.0013135341535850658	0.0	1.5810043603346554e-07	0.0007868759722811486	231.83333333333343	0.0007738650827322868	0.00013237165888841748
NZ_JAAVUN010000048.1	2.0742427382637437e-07	3.3941450997030124e-06	1.0	3.3941450997030124e-06	0.0	3.1489021621392243e-06	4.327038782077524e-06	1.2748538011695907	0.0	1.357658039881205e-05
NZ_KB944666.1	2.0224771788034168e-07	3.3941450997030124e-06	1.0	3.3941450997030124e-06	0.0	2.02247717880344e-07	3.3941450997030124e-06	1.0	3.3941450997030124e-06	0.0
NZ_CP038452.1	2.0224771788034168e-07	3.3941450997030124e-06	1.0	3.3941450997030124e-06	0.0	2.0103559788937535e-07	3.3941450997030124e-06	1.0	3.3941450997030124e-06	0.0
NZ_WIPK01000148.1	1.809792882340042e-07	1.357658039881205e-05	4.0	1.357658039881205e-05	0.0	1.0598498531097432e-05	2.1497117186183965e-05	6.333588150979451	1.0182435299109036e-05	0.00014594823928722954
NZ_AP022870.1	1.8064627923919066e-07	6.788290199406025e-06	2.0	6.788290199406025e-06	0.0	2.6976953435413292e-08	1.357658039881205e-06	0.4	0.0	6.788290199406025e-06
NZ_SUSS01000212.1	1.6417819674509992e-07	0.00032583792957148916	96.0	0.00032583792957148916	0.0	1.6417819674509992e-07	0.00032583792957148916	96.0	0.00032583792957148916	0.0
NZ_QMIL01000013.1	1.6217985617796024e-07	3.3941450997030126e-05	10.0	3.3941450997030126e-05	0.0	0.0026509159871369436	0.003660185465785736	1078.3821428571225	0.00013237165888841748	0.021753075943996607
NZ_QXML01000029.1	1.4417387190259867e-07	1.0182435299109036e-05	3.0	1.0182435299109036e-05	0.0	1.3001371819738933e-05	8.10554175000505e-05	23.880952380952376	1.357658039881205e-05	0.00016291896478574458
NZ_BMUF01000077.1	1.1765695756469802e-07	3.3941450997030124e-06	1.0	3.3941450997030124e-06	0.0	1.3106295705314252e-07	4.525526799604016e-06	1.3333333333333333	3.3941450997030124e-06	3.3941450997030124e-06
NZ_WACO01000345.1	1.1604031997018674e-07	3.3941450997030124e-06	1.0	3.3941450997030124e-06	0.0	1.1604031997018674e-07	3.3941450997030124e-06	1.0	3.3941450997030124e-06	0.0
NZ_CP023407.1	1.0052575972187833e-07	3.3941450997030124e-06	1.0	3.3941450997030124e-06	0.0	7.887265648177338e-07	5.581945745911128e-07	0.1644580765389066	0.0	2.71531607976241e-05
NZ_VDMC01000070.1	9.293262010352705e-08	1.0182435299109036e-05	3.0	1.0182435299109036e-05	0.0	0.0004041055934877511	0.0001892816969030251	55.767119950053775	1.0182435299109036e-05	0.00197199830292745
NZ_BMJU01000015.1	8.595473907228098e-08	2.3759015697921086e-05	7.0	2.3759015697921086e-05	0.0	4.570597273696583e-06	7.202158139790723e-05	21.219358419358418	1.6970725498515063e-05	0.0001900721255833687
NZ_QYZP01000010.1	7.440277743201962e-08	3.3941450997030124e-06	1.0	3.3941450997030124e-06	0.0	1.673445250333091e-06	5.091217649554518e-06	1.5	3.3941450997030124e-06	6.788290199406025e-06
NZ_PEBQ01000060.1	7.082974494983727e-08	6.788290199406025e-06	2.0	6.788290199406025e-06	0.0	0.0010936429287500698	0.0008446872903114771	248.86599290801894	6.788290199406025e-06	0.007548578701739499
NZ_JADLRJ010000050.1	6.839077624250862e-08	1.0182435299109036e-05	3.0	1.0182435299109036e-05	0.0	6.839077624250862e-08	1.0182435299109036e-05	3.0	1.0182435299109036e-05	0.0
NZ_BMVN01000206.1	6.658155318697036e-08	1.357658039881205e-05	4.0	1.357658039881205e-05	0.0	0.0004150856651491922	0.0003139718905522915	92.50396825396888	2.3759015697921086e-05	0.0023351718285956726
NZ_SUSS01000211.1	6.657853052636078e-08	3.3941450997030124e-06	1.0	3.3941450997030124e-06	0.0	6.657853052636078e-08	3.3941450997030124e-06	1.0	3.3941450997030124e-06	0.0
NZ_BMSD01000336.1	5.9577086770713154e-08	3.3941450997030124e-06	1.0	3.3941450997030124e-06	0.0	5.9577086770713154e-08	3.3941450997030124e-06	1.0	3.3941450997030124e-06	0.0
NZ_BMZD01000005.1	5.9573811571506984e-08	3.3941450997030124e-06	1.0	3.3941450997030124e-06	0.0	1.90822205244644e-08	3.3941450997030124e-06	1.0	0.0	3.3941450997030124e-06
NZ_QPMH01000064.1	5.242439062470337e-08	6.448875689435723e-05	19.0	6.448875689435723e-05	0.0	0.001900409167984687	0.002690934804129613	792.8166666666873	6.448875689435723e-05	0.012918116249469664
NZ_BMUF01000152.1	5.155343462231952e-08	0.00031226134917267714	92.0	0.00031226134917267714	0.0	8.043161254512633e-08	0.0006069862819968888	178.83333333333337	0.0005193042002545609	0.00015273652948663555
NZ_BMSD01000182.1	4.897028896231447e-08	1.0182435299109036e-05	3.0	1.0182435299109036e-05	0.0	4.097764673187086e-08	6.788290199406025e-06	2.0	6.788290199406025e-06	0.0
NZ_KE007353.1	4.7705601734129873e-08	3.3941450997030124e-06	1.0	3.3941450997030124e-06	0.0	4.7705601734129873e-08	3.3941450997030124e-06	1.0	3.3941450997030124e-06	0.0
NZ_BMSY01000126.1	4.7705601734129873e-08	3.3941450997030124e-06	1.0	3.3941450997030124e-06	0.0	4.7705601734129873e-08	3.3941450997030124e-06	1.0	3.3941450997030124e-06	0.0
NZ_BMSD01000168.1	4.7705601734129873e-08	3.3941450997030124e-06	1.0	3.3941450997030124e-06	0.0	4.7705601734129873e-08	3.3941450997030124e-06	1.0	3.3941450997030124e-06	0.0
NZ_BMVN01000259.1	4.7210094379957137e-08	1.0182435299109036e-05	3.0	1.0182435299109036e-05	0.0	0.0019324917874378124	0.000962240135765804	283.5	0.001914297836232499	0.0
NZ_BMSE01000079.1	4.234910984617046e-08	6.788290199406025e-06	2.0	6.788290199406025e-06	0.0	4.0858449593563104e-08	6.788290199406025e-06	2.0	6.788290199406025e-06	0.0
NZ_KB291041.1	4.2055180326951084e-08	3.3941450997030126e-05	10.0	3.3941450997030126e-05	0.0	3.135939725584733e-06	2.5456088247772593e-05	7.5	2.0364870598218073e-05	6.788290199406025e-06
NZ_QYZP01000005.1	4.063880845492898e-08	6.788290199406025e-06	2.0	6.788290199406025e-06	0.0	1.809980815301323e-06	3.294892068757152e-05	9.707575757575759	1.357658039881205e-05	4.0729741196436146e-05
NZ_BNBF01000127.1	3.995986467605196e-08	6.788290199406025e-06	2.0	6.788290199406025e-06	0.0	0.004545045847944239	0.003985009192476355	1174.083333333346	0.0002477725922783199	0.012320746711921935
NC_012590.1	3.821148601520603e-08	1.357658039881205e-05	4.0	1.357658039881205e-05	0.0	9.581938184180104e-05	1.3354182512935606e-05	3.934476022873653	0.0	0.0001391599490878235
NZ_BMRF01000335.1	3.419402430277858e-08	6.788290199406025e-06	2.0	6.788290199406025e-06	0.0	3.419402430277858e-08	6.788290199406025e-06	2.0	6.788290199406025e-06	0.0
NZ_QZCH01000127.1	2.3833425426752105e-08	6.788290199406025e-06	2.0	6.788290199406025e-06	0.0	1.7686927674099788e-06	4.0729741196436146e-05	12.0	2.3759015697921086e-05	3.3941450997030126e-05
NZ_QEMY02000001.1	2.1988197825311973e-08	1.0182435299109036e-05	3.0	1.0182435299109036e-05	0.0	1.4311872894973319e-05	1.2778442217916996e-05	3.764848538453795	3.3941450997030124e-06	0.00011879507848960543
NZ_PEBQ01000026.1	2.1917185387832484e-08	1.0182435299109036e-05	3.0	1.0182435299109036e-05	0.0	2.393232043671965e-07	2.206194314806958e-05	6.5	2.0364870598218073e-05	3.3941450997030124e-06
NZ_BMJU01000023.1	2.1917185387832484e-08	3.3941450997030124e-06	1.0	3.3941450997030124e-06	0.0	7.109073424638846e-07	1.1879507848960543e-05	3.5	1.6970725498515063e-05	0.0
NZ_AVQF01000001.1	2.1917185387832484e-08	3.3941450997030124e-06	1.0	3.3941450997030124e-06	0.0	1.5903449464284832e-08	3.3941450997030124e-06	1.0	3.3941450997030124e-06	0.0
NZ_SMSJ01000307.1	2.1590680063975232e-08	7.806533729316928e-05	23.0	7.806533729316928e-05	0.0	0.0017751717390746585	0.0028818191001474098	849.0559523809306	7.467119219346626e-05	0.018090793381417055
NZ_BMJU01000044.1	1.996845600487812e-08	6.788290199406025e-06	2.0	6.788290199406025e-06	0.0	1.4518250832895472e-07	4.525526799604016e-06	1.3333333333333333	0.0	6.788290199406025e-06
NZ_BMTN01000087.1	1.9956054860611528e-08	0.0001900721255833687	56.0	0.0001900721255833687	0.0	0.022134749336807338	0.013822259561168532	4072.3832232092786	0.0001900721255833687	0.05683495969452694
NZ_JACJIL010000001.1	1.978551446399035e-08	6.788290199406025e-06	2.0	6.788290199406025e-06	0.0	2.7663007244046795e-06	1.6183108666786011e-06	0.4767948390951829	0.0	3.054730589732711e-05
NZ_LOAS01000088.1	1.9651299238832485e-08	1.357658039881205e-05	4.0	1.357658039881205e-05	0.0	1.6120110607199502e-08	3.3941450997030124e-06	1.0	3.3941450997030124e-06	0.0
NZ_JACHHZ010000006.1	1.9630243349653757e-08	6.788290199406025e-06	2.0	6.788290199406025e-06	0.0	1.7744039013663693e-08	3.3941450997030124e-06	1.0	3.3941450997030124e-06	0.0
NZ_CP047141.1	1.9612359198941847e-08	3.3941450997030124e-06	1.0	3.3941450997030124e-06	0.0	1.61942015137537e-08	3.3941450997030124e-06	1.0	3.3941450997030124e-06	0.0
NZ_BMSD01000337.1	1.755328836059459e-08	1.0182435299109036e-05	3.0	1.0182435299109036e-05	0.0	1.755328836059459e-08	1.0182435299109036e-05	3.0	1.0182435299109036e-05	0.0
NZ_JACXYZ010000001.1	1.7201166167519515e-08	6.788290199406025e-06	2.0	6.788290199406025e-06	0.0	1.4408719415836042e-08	5.091217649554518e-06	1.5	3.3941450997030124e-06	3.3941450997030124e-06
NZ_RHGC01000014.1	1.570434957003239e-08	3.3941450997030124e-06	1.0	3.3941450997030124e-06	0.0	2.713188550315536e-07	3.615344726927247e-06	1.0651709401709402	3.3941450997030124e-06	1.0182435299109036e-05
NZ_WNKY01000128.1	1.4048501755681013e-08	3.3941450997030124e-06	1.0	3.3941450997030124e-06	0.0	1.2207025379778727e-08	3.3941450997030124e-06	1.0	3.3941450997030124e-06	0.0
NZ_AP018359.1	1.258164620021265e-08	3.3941450997030124e-06	1.0	3.3941450997030124e-06	0.0	2.978795189035709e-07	3.3941450997030124e-06	1.0	3.3941450997030124e-06	0.0
NZ_BMRL01000118.1	1.2575060089205345e-08	3.3941450997030124e-06	1.0	3.3941450997030124e-06	0.0	1.2575060089205345e-08	3.3941450997030124e-06	1.0	3.3941450997030124e-06	0.0
NZ_BMRF01000175.1	1.1252658179124124e-08	3.3941450997030124e-06	1.0	3.3941450997030124e-06	0.0	1.9039773618295056e-08	6.788290199406025e-06	2.0	6.788290199406025e-06	0.0
NZ_QANL01000006.1	1.0573653418902615e-08	2.3759015697921086e-05	7.0	2.3759015697921086e-05	0.0	5.2392927655258254e-08	1.0245289837992426e-05	3.0185185185185186	3.3941450997030124e-06	1.0182435299109036e-05
NZ_BMSD01000326.1	9.110495309788489e-09	6.788290199406025e-06	2.0	6.788290199406025e-06	0.0	9.110495309788489e-09	6.788290199406025e-06	2.0	6.788290199406025e-06	0.0
NZ_BMRF01000236.1	4.25070519421422e-09	6.788290199406025e-06	2.0	6.788290199406025e-06	0.0	4.25070519421422e-09	6.788290199406025e-06	2.0	6.788290199406025e-06	0.0
NZ_BMVC01000049.1	3.42865798902065e-09	1.0182435299109036e-05	3.0	1.0182435299109036e-05	0.0	0.0016768889366923952	0.0014211050223057046	418.6930671968182	0.00017310140008485362	0.011536699193890538
NZ_UHCZ01000002.1	3.3150107993599805e-09	3.3941450997030124e-06	1.0	3.3941450997030124e-06	0.0	1.4284005504156327e-05	4.120207608867091e-06	1.2139161667624667	0.0	6.109461179465423e-05
NZ_BMLQ01000017.1	3.3144057903557518e-09	3.3941450997030124e-06	1.0	3.3941450997030124e-06	0.0	6.373460827414334e-08	1.6970725498515062e-06	0.5	0.0	3.3941450997030124e-06
NZ_SUSS01000222.1	2.12535259710711e-09	6.788290199406025e-06	2.0	6.788290199406025e-06	0.0	2.12535259710711e-09	6.788290199406025e-06	2.0	6.788290199406025e-06	0.0
NZ_BNBB01000110.1	1.9018490666474992e-09	6.788290199406025e-06	2.0	6.788290199406025e-06	0.0	3.8295701508676784e-07	2.5456088247772593e-05	7.5	2.0364870598218073e-05	1.6970725498515063e-05
NZ_ACVO01000017.1	1.9018490659849664e-09	3.3941450997030124e-06	1.0	3.3941450997030124e-06	0.0	1.9018490659849664e-09	3.3941450997030124e-06	1.0	3.3941450997030124e-06	0.0
NZ_CP042430.1	1.7303541677213359e-09	1.0182435299109036e-05	3.0	1.0182435299109036e-05	0.0	1.526171982545507e-09	3.3941450997030124e-06	1.0	3.3941450997030124e-06	0.0
NZ_PKKP01000008.1	1.7018934323298993e-09	3.3941450997030124e-06	1.0	3.3941450997030124e-06	0.0	1.79545113663885e-05	1.1992646018950643e-05	3.533333333333333	0.0	3.733559609673313e-05
NZ_BMPU01000006.1	1.7018493188900294e-09	3.3941450997030124e-06	1.0	3.3941450997030124e-06	0.0	1.7018462640923205e-09	3.3941450997030124e-06	1.0	3.3941450997030124e-06	0.0
NZ_BNAQ01000044.1	1.599211061644921e-09	4.0729741196436146e-05	12.0	4.0729741196436146e-05	0.0	1.9584306346328756e-09	5.0912176495545185e-05	15.0	5.0912176495545185e-05	3.3941450997030124e-06
NZ_BMTP01000058.1	1.5397950172987771e-09	6.788290199406025e-06	2.0	6.788290199406025e-06	0.0	4.053954037913807e-06	2.271799760132386e-05	6.693290043290043	6.788290199406025e-06	6.109461179465423e-05
NZ_CP035810.1	1.3993023431739582e-09	6.788290199406025e-06	2.0	6.788290199406025e-06	0.0	1.0462694265926782e-07	6.788290199406025e-06	2.0	6.788290199406025e-06	0.0
NZ_PENI01000096.1	1.3727504809719425e-09	5.0912176495545185e-05	15.0	5.0912176495545185e-05	0.0	2.2944616737714357e-08	0.00010861264319049636	31.99999999999999	7.467119219346626e-05	8.485362749257531e-05
NZ_LR130844.1	1.3649002347317394e-09	6.788290199406025e-06	2.0	6.788290199406025e-06	0.0	1.0868721262197186e-09	3.3941450997030124e-06	1.0	3.3941450997030124e-06	0.0
NZ_CP030239.1	1.3642063583810813e-09	2.71531607976241e-05	8.0	2.71531607976241e-05	0.0	1.4477419088959122e-09	2.040344042889652e-05	6.011363636363637	2.0364870598218073e-05	3.3941450997030124e-06
NZ_WIPK01000067.1	9.76511007014215e-10	6.788290199406025e-06	2.0	6.788290199406025e-06	0.0	6.351875826284213e-05	6.966617296942225e-05	20.525396211116032	6.788290199406025e-06	0.0005600339414509971
NZ_BNBB01000112.1	9.76441868292823e-10	3.3941450997030124e-06	1.0	3.3941450997030124e-06	0.0	9.76441868292823e-10	3.3941450997030124e-06	1.0	3.3941450997030124e-06	0.0
NZ_AMYT01000014.1	9.76441868292823e-10	3.3941450997030124e-06	1.0	3.3941450997030124e-06	0.0	8.94541545214901e-05	9.676377105275285e-05	28.509026046417308	3.3941450997030124e-06	0.0012524395417904115
NZ_SMOA01000697.1	8.842140693874911e-10	3.3941450997030126e-05	10.0	3.3941450997030126e-05	0.0	0.0009065987758740601	0.0009734933430308788	286.8154761904727	3.3941450997030126e-05	0.005396690708527789
NZ_WIPK01000119.1	8.737585743320938e-10	3.3941450997030124e-06	1.0	3.3941450997030124e-06	0.0	7.465349675840109e-05	2.2041372571707726e-05	6.493939393939389	3.3941450997030124e-06	0.0001968604157827747
NZ_BMSH01000195.1	6.996511715870259e-10	6.788290199406025e-06	2.0	6.788290199406025e-06	0.0	0.000941947621307074	0.0010666100975816706	314.2499999999997	0.0002172252863809928	0.002779804836656767
NC_015677.1	5.91414788866012e-10	1.357658039881205e-05	4.0	1.357658039881205e-05	0.0	3.540323740486055e-06	2.82845424975251e-06	0.8333333333333333	0.0	6.788290199406025e-06
NZ_JAAKGI010000035.1	5.602386037648088e-10	3.3941450997030124e-06	1.0	3.3941450997030124e-06	0.0	0.0007659921532100018	0.0006494830444525322	191.3539419718273	3.3941450997030124e-06	0.008896054306321595
NZ_PPCX01000005.1	5.602368620842561e-10	3.3941450997030124e-06	1.0	3.3941450997030124e-06	0.0	5.602363918509322e-10	3.3941450997030124e-06	1.0	3.3941450997030124e-06	0.0
NZ_SUSS01000184.1	5.013219709217004e-10	3.3941450997030124e-06	1.0	3.3941450997030124e-06	0.0	5.013219709217004e-10	3.3941450997030124e-06	1.0	3.3941450997030124e-06	0.0
NZ_AVSP01000023.1	4.014272530209812e-10	3.3941450997030124e-06	1.0	3.3941450997030124e-06	0.0	1.7017015619375804e-10	3.3941450997030124e-06	1.0	0.0	3.3941450997030124e-06
NZ_QMED01000080.1	2.953540453832298e-10	6.788290199406025e-06	2.0	6.788290199406025e-06	0.0	0.0004954866715173307	0.0007951906985693447	234.28305956599317	1.0182435299109036e-05	0.00525074246924056
NZ_VKHS01001503.1	2.892693505027558e-10	3.3941450997030126e-05	10.0	3.3941450997030126e-05	0.0	2.876265050509815e-10	3.054730589732711e-05	9.0	2.71531607976241e-05	3.3941450997030124e-06
NZ_VCRO01000013.1	2.8767069271031174e-10	6.788290199406025e-06	2.0	6.788290199406025e-06	0.0	4.6078349944219886e-08	1.357658039881205e-05	4.0	1.357658039881205e-05	0.0
NZ_CP061539.1	2.621064224382065e-10	1.6970725498515063e-05	5.0	1.6970725498515063e-05	0.0	1.3280746190396403e-06	2.3371964063744424e-05	6.885964912280701	1.357658039881205e-05	2.0364870598218073e-05
NZ_JHBW01000074.1	2.5738728201836273e-10	3.3941450997030124e-06	1.0	3.3941450997030124e-06	0.0	2.5738728201836273e-10	3.3941450997030124e-06	1.0	3.3941450997030124e-06	0.0
NC_016845.1	2.5738728201836273e-10	6.788290199406025e-06	2.0	6.788290199406025e-06	0.0	8.363859435881299e-06	7.159825384926333e-06	2.109463554033921	3.3941450997030124e-06	5.0912176495545185e-05
NC_020995.1	2.3032025959802812e-10	3.3941450997030124e-06	1.0	3.3941450997030124e-06	0.0	1.0153624618230745e-10	3.5246891419992822e-06	1.0384615384615385	0.0	6.788290199406025e-06
NZ_VDES01000002.1	2.3032025959801853e-10	3.3941450997030124e-06	1.0	3.3941450997030124e-06	0.0	2.3029207110794743e-10	3.3941450997030124e-06	1.0	3.3941450997030124e-06	0.0
NZ_JACDTZ010000002.1	2.3019220180466543e-10	3.3941450997030124e-06	1.0	3.3941450997030124e-06	0.0	4.5331978357615425e-05	2.7423404152411273e-05	8.079620448404171	0.0	0.00010521849809079338
NZ_AGUD01000068.1	2.2958539674598028e-10	3.3941450997030124e-06	1.0	3.3941450997030124e-06	0.0	2.18377983812215e-10	3.3941450997030124e-06	1.0	3.3941450997030124e-06	0.0
NZ_PDWL01000090.1	2.2697382918778083e-10	0.0001663131098854476	49.0	0.0001663131098854476	0.0	2.586661315490187e-10	0.00018328383538396268	54.0	0.00018667798048366567	0.0
NZ_VNFG01000065.1	2.0962992463773926e-10	7.467119219346626e-05	22.0	7.467119219346626e-05	0.0	2.096905208080721e-10	6.279168434450572e-05	18.5	6.788290199406025e-05	0.0
NZ_PZOY01000051.1	1.9555077229553568e-10	8.824777259227832e-05	26.0	8.824777259227832e-05	0.0	1.3899842518863678e-08	0.00021835666808089384	64.33333333333334	0.00023080186677980485	5.770046669495121e-05
NZ_BMIV01000079.1	1.8744870711922745e-10	6.788290199406025e-06	2.0	6.788290199406025e-06	0.0	0.000649559591726398	0.0005410832979776556	159.4166666666668	6.788290199406025e-06	0.0017479847263470513
NZ_NOWF01000035.1	1.607017016395105e-10	0.0004174798472634705	123.0	0.0004174798472634705	0.0	1.5781497654009024e-10	0.00040560033941450995	119.5	0.00040390326686465846	3.3941450997030124e-06
NZ_BMSD01000270.1	1.4767683351234572e-10	3.3941450997030124e-06	1.0	3.3941450997030124e-06	0.0	1.4767683351234572e-10	3.3941450997030124e-06	1.0	3.3941450997030124e-06	0.0
NZ_LAHB01000048.1	1.0588421377938083e-10	1.6970725498515063e-05	5.0	1.6970725498515063e-05	0.0	1.0588421377938083e-10	1.6970725498515063e-05	5.0	1.6970725498515063e-05	0.0
NZ_BMIV01000089.1	1.0581507505798887e-10	3.3941450997030124e-06	1.0	3.3941450997030124e-06	0.0	0.008097231022978811	0.012521284118229526	3689.083333333374	0.01103097157403479	0.015307594399660585
NZ_JH414601.1	9.468748947355173e-11	3.3941450997030124e-06	1.0	3.3941450997030124e-06	0.0	9.468748947355173e-11	3.3941450997030124e-06	1.0	3.3941450997030124e-06	0.0
