Total Number of Aligned Reads:	117497	Total Number of Mapped Genomes:	14310
Genome	Final Guess	Final Best Hit	Final Best Hit Read Numbers	Final High Confidence Hits	Final Low Confidence Hits	Initial Guess	Initial Best Hit	Initial Best Hit Read Numbers	Initial High Confidence Hits	Initial Low Confidence Hits
NZ_BMRF01000063.1	0.26924078923226236	0.18634518328127528	21895.0	0.18634518328127528	0.0	0.11665282434635879	0.07776667651493968	9137.351190475867	0.07987437977139841	0.09596840770402648
NZ_BHXD01000053.1	0.15372777903470225	0.11741576380673549	13796.0	0.11741576380673549	0.0	0.15372689740799436	0.11740725295113918	13795.0	0.11742427466233181	0.0
NZ_BMRF01000072.1	0.10587665193430318	0.07841902346442887	9214.0	0.07841902346442887	0.0	0.06336316300108222	0.04800916902842808	5640.933333333213	0.045124556371652046	0.03308169570286901
NZ_QPLJ01000067.1	0.08103940469284782	0.08789160574312535	10327.0	0.08789160574312535	0.0	0.033122091024475345	0.034539085158678616	4058.238888889261	0.022153757117202993	0.06324416793620263
NZ_BHXD01000057.1	0.061759337634781	0.04211171349055721	4948.0	0.04211171349055721	0.0	0.061759337634781	0.04211171349055721	4948.0	0.04211171349055721	0.0
NZ_BMRF01000099.1	0.03564788137197171	0.023813373958484048	2798.0	0.023813373958484048	0.0	0.01860818014616118	0.013632972189360793	1601.833333333325	0.01274926168327702	0.010919427730069703
NZ_BNBF01000074.1	0.0257877830724668	0.014247172268228124	1674.0	0.014247172268228124	0.0	0.019705148451145526	0.011434334493646647	1343.5	0.014238661412631812	0.0
NZ_BNBF01000096.1	0.02455513560002256	0.012936500506395908	1520.0	0.012936500506395908	0.0	0.02455513560002256	0.012936500506395908	1520.0	0.012936500506395908	0.0
NZ_QPLJ01000097.1	0.023985427162828137	0.034885997089287385	4099.0	0.034885997089287385	0.0	0.014390792645515262	0.019682062804440542	2312.5833333333503	0.015974875954279683	0.009932168480897384
NZ_BNBF01000107.1	0.02122296129519564	0.015481246329693525	1819.0	0.015481246329693525	0.0	0.02122296129519564	0.01547273547409721	1818.0	0.01547273547409721	0.0
NZ_WJPN01000037.1	0.018291145123758942	0.014613139058869589	1717.0	0.014613139058869589	0.0	0.0017666065953364214	0.0011784872982679453	138.46872208458876	0.0	0.012638620560524949
NZ_BMRF01000125.1	0.01618074790332952	0.017319591138497153	2035.0	0.017319591138497153	0.0	0.007948647272676666	0.00904987645074631	1063.3333333333392	0.009387473722733346	0.0073108249572329505
NZ_BHXD01000040.1	0.013910437645276675	0.020162216907665727	2369.0	0.020162216907665727	0.0	0.00328031318699117	0.005446238343674036	639.9166666666682	0.0017277036860515588	0.01659616841281054
NZ_RRUE01000006.1	0.011321393214097024	0.008400214473561027	987.0	0.008400214473561027	0.0	0.0016347805205961343	0.0011662281813189677	137.02831262043475	0.00010213026715575717	0.008221486506038453
NZ_JADKPO010000068.1	0.011028889830291997	0.007412955224388708	871.0	0.007412955224388708	0.0	0.003034306140594922	0.0029770843253038378	349.798476970225	0.0024170829893529196	0.010808786607317634
NZ_BMRF01000083.1	0.007820621955411658	0.004570329455220133	537.0	0.004570329455220133	0.0	0.0033633056690680002	0.0018901191803478736	222.0833333333341	0.001931964220363073	0.0025107024009123637
NZ_BNBF01000111.1	0.007545375628984854	0.004689481433568517	551.0	0.004689481433568517	0.0	0.007515057516516649	0.004659693438981421	547.5	0.00467245972237589	0.0
NZ_BMIV01000078.1	0.005958597797595776	0.004400112343293871	517.0	0.004400112343293871	0.0	0.010707993642795805	0.01010876873452102	1187.7500000000161	0.0046809705779722035	0.015719550286390292
NZ_BNBF01000121.1	0.005772120110515323	0.008604475007872541	1011.0	0.008604475007872541	0.0	0.005772120113015855	0.008604475007872541	1011.0	0.008604475007872541	0.0
NZ_MUYK01000052.1	0.005449232541026102	0.003744776462377763	440.0	0.003744776462377763	0.0	0.005449232541026102	0.003744776462377763	440.0	0.003744776462377763	0.0
NZ_BHXD01000064.1	0.005288534120100435	0.008621496719065168	1013.0	0.008621496719065168	0.0	0.005288534120100435	0.008621496719065168	1013.0	0.008621496719065168	0.0
NZ_BNBB01000081.1	0.00435425421420111	0.0027575172132054434	324.0	0.0027575172132054434	0.0	0.004953147075501584	0.0043965661534620505	516.5833333333305	0.004366068920908619	0.004800122556320587
NZ_BHXD01000058.1	0.004240025910430634	0.0060597291845749255	712.0	0.0060597291845749255	0.0	0.004240907543726049	0.006068240040171239	713.0	0.006076750895767552	0.0
NZ_WACO01000046.1	0.00400940001428429	0.0037107330399925105	436.0	0.0037107330399925105	0.0	0.00400940001428429	0.0037107330399925105	436.0	0.0037107330399925105	0.0
NZ_WACO01000134.1	0.003746280798367692	0.004578840310816446	538.0	0.004578840310816446	0.0	0.003746280798367692	0.004587351166412759	539.0	0.004587351166412759	0.0
NZ_WACO01000212.1	0.0036203106537575865	0.0067576193434726	794.0	0.0067576193434726	0.0	0.003609039748944129	0.004506498038247785	529.5	0.004527775177238568	0.0
NZ_JXXV01000068.1	0.0035698890734293005	0.004510753466045942	530.0	0.004510753466045942	0.0	0.0035698890734293005	0.004510753466045942	530.0	0.004510753466045942	0.0
NZ_BMIV01000076.1	0.0034019212575177654	0.0018894099423815076	222.0	0.0018894099423815076	0.0	0.05437167775753111	0.030913707219272633	3632.2678571428764	0.04897997395678187	0.0030809297258653414
NZ_NGUZ01000036.1	0.003176793436661139	0.0025873001012791815	304.0	0.0025873001012791815	0.0	0.0010997370940793634	0.001051603499751112	123.5602564102564	0.0005021404801824728	0.0014383345957769134
NZ_CP035288.1	0.0031362541575485022	0.0016936602636663063	199.0	0.0016936602636663063	0.0	0.0006061287342996759	0.00042063361716594884	49.42318811614749	8.510855596313097e-05	0.0013447151842174694
NZ_NISV01000002.1	0.002664864320741047	0.002110692187885648	248.0	0.002110692187885648	0.0	0.002664864320741047	0.002110692187885648	248.0	0.002110692187885648	0.0
NZ_BHXD01000050.1	0.0025977583091271747	0.0019489859315556992	229.0	0.0019489859315556992	0.0	0.0025977583091271747	0.0019489859315556992	229.0	0.0019489859315556992	0.0
NZ_JAAQXT010000007.1	0.0022649452468309645	0.0012596066282543384	148.0	0.0012596066282543384	0.0	0.00045831534676318635	0.00030472139355581504	35.8038495786276	8.510855596313098e-06	0.0011574763610985813
NZ_BNBF01000124.1	0.002212438330296285	0.0017532362528404981	206.0	0.0017532362528404981	0.0	0.002212438330296285	0.0017532362528404981	206.0	0.0017532362528404981	0.0
NZ_QGNX01000055.1	0.0020000763228190384	0.0033532771049473603	394.0	0.0033532771049473603	0.0	0.0043290038926635625	0.006722866683121029	789.9166666666715	0.0037958415959556415	0.007081031856132497
NZ_LPWH01000037.1	0.0017498297838054412	0.0010127918159612585	119.0	0.0010127918159612585	0.0	0.0020783291491754726	0.0013786152238623385	161.9831529581532	0.0010127918159612585	0.0009957701047686323
NZ_JAATJR010000019.1	0.0017348230398788508	0.0011830089278875204	139.0	0.0011830089278875204	0.0	0.0024740299475770667	0.001933391541799571	227.1677059868242	0.001140454649905955	0.004978850523843162
NZ_BMVC01000047.1	0.00168732212554945	0.0007404444368792394	87.0	0.0007404444368792394	0.0	0.0016725068446103663	0.0010815878986981213	127.08333333333316	0.0007829987148608049	0.0012085414946764598
NZ_QMIL01000023.1	0.0015038527925317373	0.0008766181264202491	103.0	0.0008766181264202491	0.0	0.0025688970654813314	0.0017560732047059366	206.33333333333343	0.0017362145416478718	0.00011915197834838336
NZ_BMRF01000161.1	0.0014710912070435725	0.005251197902925181	617.0	0.005251197902925181	0.0	0.0014710912051028682	0.005246942475127025	616.5	0.005251197902925181	0.0
NZ_JADKPO010000073.1	0.001245961737198632	0.0016425951300884278	193.0	0.0016425951300884278	0.0	0.001799050753272274	0.0012707560363595606	149.31002200413928	0.0005702273249529775	0.00708954271172881
NZ_JXXV01000067.1	0.001159649745658596	0.0009532158267870669	112.0	0.0009532158267870669	0.0	0.001159649745658596	0.0009532158267870669	112.0	0.0009532158267870669	0.0
NZ_BMRF01000060.1	0.0011201302776152574	0.005940577206226542	698.0	0.005932066350630229	8.510855596313098e-06	0.0004239985343408028	0.001640376877936135	192.73936202686207	0.0009361941155944407	0.0020596270543077697
NZ_JADLRJ010000039.1	0.000951716099969966	0.001131943794309642	133.0	0.001131943794309642	0.0	0.000951716099969966	0.001131943794309642	133.0	0.001131943794309642	0.0
NZ_CP014234.1	0.0009480565390758616	0.0007659770036681788	90.0	0.0007659770036681788	0.0	0.0006328478375176261	0.00043520104274315024	51.13481691919193	0.0003234125126598977	0.000263836523485706
NZ_WACO01000608.1	0.0009471574488330372	0.0011915197834838336	140.0	0.0011915197834838336	0.0	0.0009471574488330372	0.0011915197834838336	140.0	0.0011915197834838336	0.0
NZ_GL732443.1	0.0009256953015215421	0.00048511876898984656	57.0	0.00048511876898984656	0.0	6.848727546172146e-05	5.216795656070828e-05	6.12957839201354	8.510855596313098e-06	0.0002553256678893929
NC_014643.1	0.000906363290233365	0.0006638467365124216	78.0	0.0006638467365124216	0.0	0.0007278138798793507	0.0004877787894223119	57.312544420753376	0.0003829885018340894	0.00021277138990782743
NZ_BMSH01000105.1	0.0008364919451468126	0.0008851289820165621	104.0	0.0008851289820165621	0.0	0.0024508545687259003	0.002263887588619295	266.0000000000013	0.001302160906235904	0.003583070206047814
NZ_ACVO01000020.1	0.0008298489974334996	0.000527673046971412	62.0	0.000527673046971412	0.0	0.0007173137874460754	0.00053020603970841	62.29761904761905	0.00045107534660459415	0.00013617368954100956
NZ_WACO01000229.1	0.0007777663403131398	0.0011489655055022681	135.0	0.0011489655055022681	0.0	0.0007777663403131398	0.0011489655055022681	135.0	0.0011489655055022681	0.0
NZ_VSKS01000080.1	0.0007201863691625379	0.0010298135271538849	121.0	0.0010298135271538849	0.0	0.0004964768364755444	0.000768813955533616	90.33333333333329	0.0007064010144939871	0.0003234125126598977
NZ_QPLJ01000113.1	0.0007094933166933812	0.007949139126956432	934.0	0.007949139126956432	0.0	0.0030354379360899436	0.0085335512112367	1002.6666666666787	0.006723575921087347	0.01747278653923079
NZ_SUSS01000085.1	0.0006916426326453849	0.0006298033141271692	74.0	0.0006298033141271692	0.0	0.0008968615164536128	0.0013124261279533307	154.2061327561325	0.0014383345957769134	0.0028170932023796353
NZ_BMIV01000061.1	0.0006350164612193088	0.0005021404801824728	59.0	0.0005021404801824728	0.0	0.014863158031821234	0.011718029680190367	1376.8333333333276	0.008672561852643047	0.021651616637020518
NZ_QOWJ01000045.1	0.0006295285148160315	0.0006468250253197954	76.0	0.0006468250253197954	0.0	0.009170401961629502	0.009055617900949983	1064.0079365079202	0.00047660791339353343	0.04284364707184013
NZ_WACO01000384.1	0.0005580364649916204	0.0004936296245861597	58.0	0.0004936296245861597	0.0	0.0005580364649916204	0.0004936296245861597	58.0	0.0004936296245861597	0.0
NZ_JXXV01000071.1	0.0005492517382439134	0.00096172668238338	113.0	0.00096172668238338	0.0	0.0005492517382439134	0.00096172668238338	113.0	0.00096172668238338	0.0
NZ_SUSS01000130.1	0.0005490456812854402	0.0007404444368792394	87.0	0.0007404444368792394	0.0	0.0005490456812854402	0.0007489552924755526	88.0	0.0007489552924755526	0.0
NZ_WACO01000289.1	0.0005328790528271421	0.00096172668238338	113.0	0.00096172668238338	0.0	0.0005328790528271421	0.00096172668238338	113.0	0.00096172668238338	0.0
NZ_SUSS01000094.1	0.000527907175505101	0.00048511876898984656	57.0	0.00048511876898984656	0.0	0.000527907175505101	0.00048511876898984656	57.0	0.00048511876898984656	0.0
NC_000913.3	0.00048711266166477196	0.0004170319242193418	49.0	0.0004170319242193418	0.0	6.943198588289967e-05	0.00010016882516726119	11.769536450677688	3.404342238525239e-05	0.0003149016570635846
NZ_CP065748.1	0.00047153040180841993	0.00040852106862302866	48.0	0.00040852106862302866	0.0	0.0001171609762269763	9.616596975537306e-05	11.29921294834707	1.7021711192626195e-05	0.0002978799458709584
NZ_WACO01000076.1	0.0004303718247648127	0.00028936909027464533	34.0	0.00028936909027464533	0.0	0.0004303718247648127	0.00028936909027464533	34.0	0.00028936909027464533	0.0
NZ_AMYT01000013.1	0.00039971855189826003	0.00022128224550414054	26.0	0.00022128224550414054	0.0	0.0008679717905188524	0.0005811982308753966	68.28904853316648	0.000263836523485706	0.0022128224550414053
NZ_QMIL01000050.1	0.0003637428968983662	0.0009361941155944407	110.0	0.0009361941155944407	0.0	0.0003637428968983662	0.0009361941155944407	110.0	0.0009361941155944407	0.0
NZ_QMIL01000014.1	0.00035472754052639545	0.0006638467365124216	78.0	0.0006638467365124216	0.0	0.0010368894963282702	0.0013267815956395242	155.89285714285717	0.0011234329387133288	0.0005872490361456037
NZ_BNBB01000054.1	0.0003299645802029102	0.0010298135271538849	121.0	0.0009872592491723194	4.2554277981565487e-05	0.0002772232478450976	0.0011122917974795042	130.6909493284493	0.0005872490361456037	0.0016085517077031753
NZ_JADKPO010000071.1	0.00032850047623192576	0.00019574967871520123	23.0	0.00019574967871520123	0.0	0.000827462962490129	0.0006526404161418042	76.68329097541357	0.0	0.007344868379618203
NZ_WACO01000193.1	0.0003185856537158323	0.0006978901588976739	82.0	0.0006978901588976739	0.0	0.0003185856537158323	0.0006978901588976739	82.0	0.0006978901588976739	0.0
NZ_BMSD01000117.1	0.00030571594499662866	0.00046809705779722035	55.0	0.00046809705779722035	0.0	0.00027320540129293746	0.00039149935743040246	46.0	0.0004595862022009073	0.0
NZ_PJND01000001.1	0.0002936769292934721	0.00019574967871520123	23.0	0.00019574967871520123	0.0	0.00020354811238157953	0.0001346448445220189	15.820365296803653	0.00011064112275207027	6.808684477050478e-05
NZ_BMUF01000037.1	0.0002866753077903232	0.0009872592491723194	116.0	0.00096172668238338	2.553256678893929e-05	0.00018768251667490276	0.0007899465190927953	92.81634615384617	0.0004000102130267156	0.0012085414946764598
NZ_SUSS01000092.1	0.0002829770492881604	0.0010893895163280765	128.0	0.0010893895163280765	0.0	0.0002829770492881604	0.0010893895163280765	128.0	0.0010893895163280765	0.0
NZ_QMIL01000049.1	0.0002807753648304517	0.001310671761832217	154.0	0.001310671761832217	0.0	0.0002807753739858763	0.0013234380452266867	155.5	0.0013362043286211562	0.0
NZ_SHKM01000006.1	0.00027988749321763214	0.00012766283394469646	15.0	0.00012766283394469646	0.0	0.00026594641685157125	0.00011276883665114854	13.25	0.00011064112275207027	8.510855596313098e-06
NZ_WACO01000663.1	0.00027766943318598223	0.00034894507944883697	41.0	0.00034894507944883697	0.0	0.00027766943318598223	0.00034894507944883697	41.0	0.00034894507944883697	0.0
NZ_SUSS01000134.1	0.0002775742797698972	0.0010298135271538849	121.0	0.0010298135271538849	0.0	0.0002775742797698972	0.0010298135271538849	121.0	0.0010298135271538849	0.0
NZ_QMIL01000046.1	0.0002748370492949219	0.001217052350272773	143.0	0.001217052350272773	0.0	0.0025754699985547557	0.008856254485930205	1040.5833333333412	0.004144786675404478	0.008366171051175774
NZ_SUSS01000110.1	0.0002748354612786493	0.001387269462199035	163.0	0.001387269462199035	0.0	0.0002748354612786493	0.001387269462199035	163.0	0.001387269462199035	0.0
NC_006085.1	0.0002701899604339017	0.00018723882311888815	22.0	0.00018723882311888815	0.0	0.00021186955929572055	0.0001404291173391661	16.5	0.00010213026715575717	6.808684477050478e-05
NZ_FYAX01000003.1	0.00024692658226367636	0.00017021711192626195	20.0	0.00017021711192626195	0.0	3.847018116069676e-05	4.010477833354809e-05	4.7121911398569	8.510855596313098e-06	0.00014468454513732267
NZ_CDSE01000078.1	0.0002306428550829138	0.0011149220831170158	131.0	0.0011149220831170158	0.0	0.00023062898658001346	0.0011915197834838336	140.0	0.0012340740614653991	0.0
NZ_BMRF01000274.1	0.0002259317999795487	0.0002723473790820191	32.0	0.0002723473790820191	0.0	0.0007382948314244777	0.0007390259609465204	86.83333333333331	0.0006042707473382299	0.0005446947581640383
NZ_PKJQ01000001.1	0.00022402799615508842	0.00012766283394469646	15.0	0.00012766283394469646	0.0	6.629245655866385e-05	4.10913772531516e-05	4.828113553113553	2.553256678893929e-05	9.361941155944408e-05
NZ_JADLRJ010000035.1	0.00021791012392907344	0.0009957701047686323	117.0	0.0009957701047686323	0.0	0.000248228230387998	0.0010255580993557283	120.5	0.0010383243827501978	0.0
NZ_BMTE01000057.1	0.00021489362170359436	0.00011064112275207027	13.0	0.00011064112275207027	0.0	0.00018429354534658173	7.560476721391468e-05	8.883333333333333	6.808684477050478e-05	4.2554277981565487e-05
NZ_SUSS01000131.1	0.00020449545709545842	0.00023830395669676671	28.0	0.00023830395669676671	0.0	0.00020449545709545842	0.00023830395669676671	28.0	0.00023830395669676671	0.0
NZ_LT629753.1	0.0001950356483923782	0.00015319540073363574	18.0	0.00014468454513732267	8.510855596313098e-06	7.511334520760721e-06	3.1531245537256793e-06	0.37048267568910614	0.0	0.00011064112275207027
NZ_SUSS01000105.1	0.00019317105623600263	0.00023830395669676671	28.0	0.00023830395669676671	0.0	0.00019317105623600263	0.00023830395669676671	28.0	0.00023830395669676671	0.0
NZ_FUZV01000001.1	0.00019290688762269652	0.00023830395669676671	28.0	0.00023830395669676671	0.0	7.219793277466006e-05	0.0001150631651835938	13.51957671957672	8.510855596313097e-05	9.361941155944408e-05
NZ_BMSD01000246.1	0.0001923889892108298	0.00010213026715575717	12.0	0.00010213026715575717	0.0	0.0001923889892108298	0.00010213026715575717	12.0	0.00010213026715575717	0.0
NZ_BMSY01000055.1	0.00019096849125304916	0.00024681481229307984	29.0	0.00024681481229307984	0.0	0.0002234790349567404	0.0003234125126598977	38.0	0.00039149935743040246	0.0
NZ_LT906441.1	0.00018988735943496703	0.00011915197834838336	14.0	0.00011915197834838336	0.0	0.0001874728576607189	0.0001117049797016094	13.125	0.00010213026715575717	1.7021711192626195e-05
NZ_MVIH01000038.1	0.00018748765063555768	7.659770036681787e-05	9.0	7.659770036681787e-05	0.0	8.675588638048803e-05	4.822818171244089e-05	5.666666666666667	2.553256678893929e-05	5.106513357787858e-05
NZ_CP016278.1	0.00018742465891982986	0.00014468454513732267	17.0	0.00014468454513732267	0.0	7.98881804010614e-05	4.939938923255735e-05	5.804280036657791	3.404342238525239e-05	0.00014468454513732267
NC_017581.1	0.00018703461534855337	0.00010213026715575717	12.0	0.00010213026715575717	0.0	8.6261379876842e-05	6.44927583487717e-05	7.577705627705628	4.2554277981565487e-05	8.510855596313097e-05
NZ_VICC01000013.1	0.00017757891814887313	0.00014468454513732267	17.0	0.00014468454513732267	0.0	9.75064800893826e-05	7.782704617517422e-05	9.144444444444446	5.957598917419168e-05	5.957598917419168e-05
NZ_LR134242.1	0.0001753302234678891	0.00011915197834838336	14.0	0.00011915197834838336	0.0	0.00018816469873597988	0.00013173325546488458	15.478262317357542	8.510855596313098e-06	0.0007149118700903002
NZ_JAAXPF010000023.1	0.00016182224819015966	0.00011064112275207027	13.0	0.00011064112275207027	0.0	2.1607278280207348e-05	1.54415189434644e-05	1.8143321513002364	8.510855596313098e-06	8.510855596313097e-05
NZ_SUSS01000161.1	0.00015768932065309278	9.361941155944408e-05	11.0	9.361941155944408e-05	0.0	0.00015768932065309278	9.361941155944408e-05	11.0	9.361941155944408e-05	0.0
NZ_RXLO01000027.1	0.00015309680694438623	6.808684477050478e-05	8.0	6.808684477050478e-05	0.0	0.00028086445987034555	0.00022421376243175945	26.34444444444444	0.00011915197834838336	0.00022128224550414054
NZ_VWOY01000995.1	0.00015281419878024978	0.00022128224550414054	26.0	0.00022128224550414054	0.0	0.00015281419878024978	0.00022128224550414054	26.0	0.00022128224550414054	0.0
NZ_BMTN01000049.1	0.00014843925598471101	0.0005021404801824728	59.0	0.0005021404801824728	0.0	0.00022326999002336752	0.0009371076816415841	110.1073412698412	0.00047660791339353343	0.0013617368954100956
NZ_CP048832.1	0.0001466604636914372	0.00020426053431151433	24.0	0.00020426053431151433	0.0	6.183460697598031e-06	2.7913957417039934e-06	0.3279806254629941	0.0	8.510855596313097e-05
NZ_JADILU010000019.1	0.00012920695098179088	9.361941155944408e-05	11.0	9.361941155944408e-05	0.0	0.005256330036656518	0.002978090220743223	349.91666666666646	0.0022383550218303444	0.004740546567146395
NZ_BMRF01000235.1	0.00012750202128639456	0.0003659667906414632	43.0	0.0003659667906414632	0.0	0.00012750202119994885	0.00036171136284330664	42.5	0.0003659667906414632	0.0
NZ_BMDV01000018.1	0.0001236211677693625	8.510855596313097e-05	10.0	8.510855596313097e-05	0.0	1.73896458300638e-05	1.2807985040630279e-05	1.504899818318936	8.510855596313098e-06	7.659770036681787e-05
NZ_JXXV01000070.1	0.00012129824575382386	0.00022128224550414054	26.0	0.00022128224550414054	0.0	0.00012129824575382386	0.00022128224550414054	26.0	0.00022128224550414054	0.0
NZ_AGQV01000001.1	0.00011995628651381628	0.00021277138990782743	25.0	0.00021277138990782743	0.0	8.388759631213287e-06	1.878456931798015e-05	2.2071305411547137	0.0	0.00014468454513732267
NZ_BMTE01000077.1	0.00011982390924815699	8.510855596313097e-05	10.0	8.510855596313097e-05	0.0	0.00011513666490447472	6.808684477050478e-05	8.0	8.510855596313097e-05	0.0
NZ_WACO01000292.1	0.00011718540926299586	0.00022128224550414054	26.0	0.00022128224550414054	0.0	0.00011718540926299586	0.00022128224550414054	26.0	0.00022128224550414054	0.0
NZ_BMIV01000073.1	0.00011530481686871535	0.0004170319242193418	49.0	0.0004170319242193418	0.0	0.0022046647089611978	0.002286583203542796	268.6666666666679	0.0013617368954100956	0.003778819884763015
NZ_CADIKR010000016.1	0.00011287926876657428	4.2554277981565487e-05	5.0	4.2554277981565487e-05	0.0	2.146525404200085e-05	8.916134434232769e-06	1.0476190476190477	8.510855596313098e-06	8.510855596313098e-06
NZ_CP015880.1	0.00011047176204751067	5.957598917419168e-05	7.0	5.957598917419168e-05	0.0	3.4563173761160526e-06	1.3714254600367286e-06	0.1611383772779355	0.0	4.2554277981565487e-05
NZ_JVHT01000007.1	0.00010944808591677944	5.957598917419168e-05	7.0	5.957598917419168e-05	0.0	1.1225259112444283e-05	6.913793663806891e-06	0.8123500141163184	0.0	6.808684477050478e-05
NZ_BMVN01000200.1	0.00010805489820138029	5.957598917419168e-05	7.0	5.957598917419168e-05	0.0	7.112802163805376e-05	4.680970577972204e-05	5.5	5.957598917419168e-05	0.0
NZ_GG698765.1	0.00010736189484161546	0.00010213026715575717	12.0	0.00010213026715575717	0.0	1.7386695336841913e-05	5.4895018596219476e-05	6.45	4.2554277981565487e-05	4.2554277981565487e-05
NZ_CP012900.1	0.00010680269869334211	0.00010213026715575717	12.0	0.00010213026715575717	0.0	6.816313502101683e-05	3.5777115191908766e-05	4.203703703703704	1.7021711192626195e-05	5.106513357787858e-05
NZ_CP019724.1	0.00010537809647892139	5.106513357787858e-05	6.0	5.106513357787858e-05	0.0	1.1798362391849713e-05	1.7590443603823667e-05	2.0668243521184695	0.0	4.2554277981565487e-05
NZ_CP034161.1	0.00010502057226596681	9.361941155944408e-05	11.0	9.361941155944408e-05	0.0	1.4399999000382224e-05	1.882218505731474e-05	2.21155027767931	8.510855596313098e-06	6.808684477050478e-05
NZ_VTPZ01000030.1	0.00010069161125127998	0.00017872796752257505	21.0	0.00017021711192626195	8.510855596313098e-06	2.8195276395516968e-05	6.478419000810004e-05	7.611947973381731	2.553256678893929e-05	0.00013617368954100956
NZ_BMTE01000132.1	9.775179022357423e-05	5.106513357787858e-05	6.0	5.106513357787858e-05	0.0	9.775179022357423e-05	5.106513357787858e-05	6.0	5.106513357787858e-05	0.0
NZ_SUSS01000125.1	9.735084334255606e-05	9.361941155944408e-05	11.0	9.361941155944408e-05	0.0	9.735084334255606e-05	9.361941155944408e-05	11.0	9.361941155944408e-05	0.0
NZ_RBCK01000002.1	9.530967506702662e-05	5.957598917419168e-05	7.0	5.957598917419168e-05	0.0	5.960581475670555e-05	2.503128829203409e-05	2.9411012804491294	8.510855596313098e-06	0.00022128224550414054
NZ_CP012400.2	9.530510447714372e-05	5.957598917419168e-05	7.0	5.957598917419168e-05	0.0	1.6006011476466542e-05	1.660743942277902e-05	1.9513243098582664	8.510855596313098e-06	0.00010213026715575717
NZ_LR134477.1	9.17354501861684e-05	0.00010213026715575717	12.0	0.00010213026715575717	0.0	3.087516011488462e-05	9.697647126687867e-05	11.394444444444444	5.106513357787858e-05	0.00010213026715575717
NZ_SUSS01000147.1	9.031026246936727e-05	0.00017872796752257505	21.0	0.00017872796752257505	0.0	9.031026246936727e-05	0.00017872796752257505	21.0	0.00017872796752257505	0.0
NZ_WACO01000412.1	8.738083195916547e-05	0.0002808582346783322	33.0	0.0002808582346783322	0.0	8.738083195916547e-05	0.0002808582346783322	33.0	0.0002808582346783322	0.0
NZ_LDTZ01000038.1	8.61985263264889e-05	4.2554277981565487e-05	5.0	4.2554277981565487e-05	0.0	1.7544385394390815e-05	9.355186508645744e-06	1.099206349206349	0.0	4.2554277981565487e-05
NZ_NKUG01000045.1	8.564490500793634e-05	0.00011915197834838336	14.0	0.00011915197834838336	0.0	4.414541338458935e-05	3.51395174241715e-05	4.128787878787879	2.553256678893929e-05	3.404342238525239e-05
NZ_BMTE01000138.1	8.05476729663784e-05	9.361941155944408e-05	11.0	9.361941155944408e-05	0.0	8.05476729663784e-05	0.00010071179122303832	11.833333333333334	9.361941155944408e-05	1.7021711192626195e-05
NZ_WACO01000125.1	7.583590961914748e-05	8.510855596313097e-05	10.0	8.510855596313097e-05	0.0	0.0004888726905797574	0.0004355854052016517	51.179978354978466	0.00017872796752257505	0.0017106819748589326
NZ_SUSS01000128.1	7.469030345702366e-05	0.00017872796752257505	21.0	0.00017872796752257505	0.0	7.469030345702366e-05	0.00017872796752257505	21.0	0.00017872796752257505	0.0
NZ_BMWF01000062.1	7.44925631380201e-05	0.00024681481229307984	29.0	0.00024681481229307984	0.0	0.00012419568533601454	0.0004016860150421007	47.19690170940171	0.00019574967871520123	0.0007319335812829263
NZ_SUSS01000207.1	7.29074414980623e-05	0.0003574559350451501	42.0	0.0003574559350451501	0.0	7.29074414980623e-05	0.0003574559350451501	42.0	0.0003574559350451501	0.0
NZ_BMSD01000223.1	7.184510707345198e-05	4.2554277981565487e-05	5.0	4.2554277981565487e-05	0.0	7.184510707345198e-05	4.2554277981565487e-05	5.0	4.2554277981565487e-05	0.0
NZ_BMRF01000091.1	6.982580551386415e-05	0.0005361839025677252	63.0	0.0005361839025677252	0.0	5.3886579066443917e-05	0.0004014286889594345	47.16666666666667	0.00039149935743040246	5.957598917419168e-05
NZ_RJUG01000006.1	6.674809124360995e-05	5.106513357787858e-05	6.0	5.106513357787858e-05	0.0	1.876954331201873e-05	2.2661322098754544e-05	2.6626373626373625	1.7021711192626195e-05	4.2554277981565487e-05
NZ_FMYG01000015.1	6.288299505274685e-05	9.361941155944408e-05	11.0	9.361941155944408e-05	0.0	3.688727238787586e-06	3.3271100529257824e-06	0.39092544988862066	0.0	5.957598917419168e-05
NZ_SUSS01000123.1	6.199603712726287e-05	9.361941155944408e-05	11.0	9.361941155944408e-05	0.0	0.00037903006251149835	0.0005898370941233136	69.30408904820698	8.510855596313097e-05	0.0036426461952220055
NZ_QZWZ01000017.1	6.106525236492777e-05	2.553256678893929e-05	3.0	2.553256678893929e-05	0.0	1.4014845220562254e-06	5.318089402808564e-07	0.06248595505617978	0.0	2.553256678893929e-05
NZ_RRUE01000010.1	6.106524456925092e-05	3.404342238525239e-05	4.0	3.404342238525239e-05	0.0	0.0007749800533687264	0.0005364585389970321	63.032268956534274	0.00012766283394469646	0.004527775177238568
NZ_SUSS01000104.1	5.956539526281823e-05	4.2554277981565487e-05	5.0	4.2554277981565487e-05	0.0	5.956539526281823e-05	4.2554277981565487e-05	5.0	4.2554277981565487e-05	0.0
NZ_BMSD01000324.1	5.909104875763485e-05	9.361941155944408e-05	11.0	9.361941155944408e-05	0.0	5.909104875763485e-05	9.361941155944408e-05	11.0	9.361941155944408e-05	0.0
NZ_GG694020.1	5.6682079324818e-05	7.659770036681787e-05	9.0	7.659770036681787e-05	0.0	4.380425871165665e-05	6.383141697234823e-05	7.5	5.106513357787858e-05	1.7021711192626195e-05
NZ_WACO01000601.1	5.622983180832787e-05	0.00011915197834838336	14.0	0.00011915197834838336	0.0	5.622983180832787e-05	0.00011915197834838336	14.0	0.00011915197834838336	0.0
NZ_BMSD01000268.1	5.6090971921911455e-05	5.106513357787858e-05	6.0	5.106513357787858e-05	0.0	5.6090971921911455e-05	5.106513357787858e-05	6.0	5.106513357787858e-05	0.0
NZ_KQ130454.1	5.5642159430216e-05	0.00011064112275207027	13.0	0.00011064112275207027	0.0	2.9870465799371857e-06	2.451423717602387e-06	0.28803493254712764	0.0	5.957598917419168e-05
NZ_WACO01000195.1	5.302424897474674e-05	0.00022128224550414054	26.0	0.00022128224550414054	0.0	5.302424897474674e-05	0.00022128224550414054	26.0	0.00022128224550414054	0.0
NZ_JADZ01000076.1	4.985661456904486e-05	1.7021711192626195e-05	2.0	1.7021711192626195e-05	0.0	4.809679696642375e-05	1.7021711192626195e-05	2.0	1.7021711192626195e-05	0.0
NZ_JADGKM010000094.1	4.9766160707288186e-05	9.361941155944408e-05	11.0	8.510855596313097e-05	8.510855596313098e-06	5.92128197526927e-06	1.4847777291245846e-05	1.7445692883895132	0.0	4.2554277981565487e-05
NZ_BMSY01000161.1	4.973741589862557e-05	8.510855596313097e-05	10.0	8.510855596313097e-05	0.0	4.973741589862557e-05	8.510855596313097e-05	10.0	8.510855596313097e-05	0.0
NZ_BMSD01000242.1	4.973270389228334e-05	3.404342238525239e-05	4.0	3.404342238525239e-05	0.0	4.973270389228334e-05	2.978799458709584e-05	3.5	3.404342238525239e-05	0.0
NZ_SUSS01000069.1	4.972929216914544e-05	0.012281164625479799	1443.0	0.012281164625479799	0.0	6.0999042298554216e-05	0.01379609692162353	1621.0	0.014374835102172821	0.0
NZ_SMSJ01000397.1	4.9561417152882186e-05	0.00021277138990782743	25.0	0.00021277138990782743	0.0	6.187874322076358e-05	0.00025674414382211166	30.166666666666654	0.00022128224550414054	0.00010213026715575717
NZ_BJNV01000128.1	4.8690307721048664e-05	1.7021711192626195e-05	2.0	1.7021711192626195e-05	0.0	1.8211983784316176e-05	8.510855596313098e-06	1.0	0.0	8.510855596313098e-06
NZ_JADBEH010000002.1	4.827559373080882e-05	3.404342238525239e-05	4.0	3.404342238525239e-05	0.0	9.42039724406312e-06	8.606483187282908e-06	1.0112359550561798	0.0	3.404342238525239e-05
NZ_AMRJ01000061.1	4.805712721613095e-05	0.0003829885018340894	45.0	0.0003829885018340894	0.0	8.380936795799328e-05	0.00044454256349028164	52.232417582417625	0.00015319540073363574	0.0010298135271538849
NZ_PZOY01000041.1	4.6694417833146795e-05	4.2554277981565487e-05	5.0	4.2554277981565487e-05	0.0	4.6694417833146795e-05	4.2554277981565487e-05	5.0	4.2554277981565487e-05	0.0
NZ_WACO01000553.1	4.645680734279708e-05	9.361941155944408e-05	11.0	9.361941155944408e-05	0.0	4.645680734279708e-05	9.361941155944408e-05	11.0	9.361941155944408e-05	0.0
NZ_CP009756.1	4.567968041625222e-05	1.7021711192626195e-05	2.0	1.7021711192626195e-05	0.0	5.454468345995424e-06	2.711977900706124e-06	0.3186492673992674	0.0	4.2554277981565487e-05
NZ_SUSS01000177.1	4.422943981043539e-05	2.553256678893929e-05	3.0	2.553256678893929e-05	0.0	4.422943981043539e-05	2.553256678893929e-05	3.0	2.553256678893929e-05	0.0
NZ_BMSD01000155.1	4.422942663412734e-05	1.7021711192626195e-05	2.0	1.7021711192626195e-05	0.0	4.422942663412734e-05	1.7021711192626195e-05	2.0	1.7021711192626195e-05	0.0
NZ_SDWS01000022.1	4.26086613734414e-05	8.510855596313097e-05	10.0	8.510855596313097e-05	0.0	8.074902782519034e-06	2.2340995940321885e-05	2.6250000000000004	8.510855596313098e-06	4.2554277981565487e-05
NZ_CP026100.1	4.196958953340723e-05	2.553256678893929e-05	3.0	2.553256678893929e-05	0.0	5.874860843733009e-06	1.7021711192626195e-06	0.2	0.0	8.510855596313098e-06
NZ_KB903796.1	4.1454999568784514e-05	1.7021711192626195e-05	2.0	1.7021711192626195e-05	0.0	2.6053247924669787e-05	3.4786433588105126e-05	4.087301587301588	8.510855596313098e-06	9.361941155944408e-05
NZ_CP014635.1	4.1411884826302885e-05	5.106513357787858e-05	6.0	5.106513357787858e-05	0.0	0.00012556340031178608	0.0001727219519386848	20.294311186939648	2.553256678893929e-05	0.00034894507944883697
NC_014212.1	4.129156914786769e-05	2.553256678893929e-05	3.0	2.553256678893929e-05	0.0	4.1291546886907737e-05	2.553256678893929e-05	3.0	2.553256678893929e-05	0.0
NZ_JRYB01000001.1	4.082623235122496e-05	6.808684477050478e-05	8.0	6.808684477050478e-05	0.0	6.637048810939205e-06	1.9493289068754442e-05	2.2904029857114407	0.0	9.361941155944408e-05
NZ_CP013909.1	4.066406882009632e-05	0.00011064112275207027	13.0	0.00011064112275207027	0.0	7.879336596779536e-06	2.6748403302698304e-05	3.142857142857143	1.7021711192626195e-05	2.553256678893929e-05
NZ_NDYD01000036.1	3.992115983029498e-05	3.404342238525239e-05	4.0	3.404342238525239e-05	0.0	3.7871293143718925e-05	3.404342238525239e-05	4.0	3.404342238525239e-05	0.0
NZ_JADKPO010000083.1	3.9822822525661215e-05	4.2554277981565487e-05	5.0	4.2554277981565487e-05	0.0	0.004808108504212707	0.0047551433599589	558.7150793650909	0.00040852106862302866	0.029634799186362203
NZ_JONN01000001.1	3.931989999456231e-05	5.106513357787858e-05	6.0	5.106513357787858e-05	0.0	3.7919490363372866e-05	2.786786253183008e-05	3.274390243902439	1.7021711192626195e-05	3.404342238525239e-05
NZ_BMRF01000078.1	3.921172624488064e-05	4.2554277981565487e-05	5.0	4.2554277981565487e-05	0.0	2.7658266810779998e-05	2.978799458709584e-05	3.5	3.404342238525239e-05	0.0
NZ_BMSD01000210.1	3.7960597833103005e-05	1.7021711192626195e-05	2.0	1.7021711192626195e-05	0.0	3.7960597833103005e-05	1.7021711192626195e-05	2.0	1.7021711192626195e-05	0.0
NZ_SUSS01000228.1	3.768367765261579e-05	6.808684477050478e-05	8.0	6.808684477050478e-05	0.0	3.768367765261579e-05	6.808684477050478e-05	8.0	6.808684477050478e-05	0.0
NZ_CP018762.1	3.754715581850043e-05	6.808684477050478e-05	8.0	6.808684477050478e-05	0.0	6.13414062673683e-06	1.9133635712881694e-05	2.24814479535646	8.510855596313098e-06	5.957598917419168e-05
NZ_BMSH01000039.1	3.723512708376345e-05	0.0002808582346783322	33.0	0.0002808582346783322	0.0	0.0002674288853664658	0.0010511250888664773	123.5040445665445	0.0005872490361456037	0.0017191928304552456
NZ_SUSS01000083.1	3.701064395422142e-05	0.00011064112275207027	13.0	0.00011064112275207027	0.0	3.701064395422142e-05	0.00011064112275207027	13.0	0.00011064112275207027	0.0
NZ_PDEA01000001.1	3.697834557541327e-05	1.7021711192626195e-05	2.0	1.7021711192626195e-05	0.0	4.0722779202818175e-05	2.1433818940613683e-05	2.518409424065286	1.7021711192626195e-05	0.00012766283394469646
NZ_BMIV01000083.1	3.6795058875590556e-05	3.404342238525239e-05	4.0	3.404342238525239e-05	0.0	0.0017405938474799923	0.00083761003827048	98.41666666666659	0.0008000204260534312	0.0010042809603649455
NZ_KB849705.1	3.663079596105973e-05	4.2554277981565487e-05	5.0	4.2554277981565487e-05	0.0	5.999353210939431e-06	1.3729204421307196e-05	1.6131403318903317	8.510855596313098e-06	6.808684477050478e-05
NZ_BMTE01000074.1	3.6372300288335806e-05	3.404342238525239e-05	4.0	3.404342238525239e-05	0.0	5.949020949450656e-05	2.411409085622044e-05	2.833333333333333	3.404342238525239e-05	1.7021711192626195e-05
NZ_BMSD01000344.1	3.624089892299884e-05	4.2554277981565487e-05	5.0	4.2554277981565487e-05	0.0	3.624089892299884e-05	4.2554277981565487e-05	5.0	4.2554277981565487e-05	0.0
NZ_CP062804.1	3.488994828074817e-05	1.7021711192626195e-05	2.0	1.7021711192626195e-05	0.0	1.2892535839375471e-05	5.127379527448713e-06	0.6024517123366415	0.0	5.106513357787858e-05
NZ_BMSD01000207.1	3.480310573135659e-05	1.7021711192626195e-05	2.0	1.7021711192626195e-05	0.0	3.480310573135659e-05	1.7021711192626195e-05	2.0	1.7021711192626195e-05	0.0
NZ_BMRF01000285.1	3.47664382907854e-05	4.2554277981565487e-05	5.0	4.2554277981565487e-05	0.0	3.47664382907854e-05	4.2554277981565487e-05	5.0	4.2554277981565487e-05	0.0
NZ_LT629736.1	3.476385138651319e-05	3.404342238525239e-05	4.0	3.404342238525239e-05	0.0	1.1079194200573442e-05	2.338342736050026e-05	2.747482564576699	8.510855596313098e-06	7.659770036681787e-05
NZ_OLMF01000004.1	3.35533504042652e-05	3.404342238525239e-05	4.0	3.404342238525239e-05	0.0	1.8353510435406174e-05	1.2766283394469646e-05	1.5	8.510855596313098e-06	8.510855596313098e-06
NZ_CP021359.1	3.171360099625439e-05	3.404342238525239e-05	4.0	3.404342238525239e-05	0.0	1.194773964481399e-05	1.6736645710397034e-05	1.9665056610345204	0.0	0.00014468454513732267
NZ_JAATJC010000001.1	3.161635349944024e-05	4.2554277981565487e-05	5.0	4.2554277981565487e-05	0.0	3.229468763112198e-05	2.978799458709584e-05	3.5	1.7021711192626195e-05	2.553256678893929e-05
NZ_QXML01000029.1	3.075366758671618e-05	7.659770036681787e-05	9.0	7.659770036681787e-05	0.0	5.673083416040566e-05	0.00028486880651191224	33.47123015873015	9.361941155944408e-05	0.0006212924585308561
NZ_JAASQN010000006.1	3.062062839939807e-05	3.404342238525239e-05	4.0	3.404342238525239e-05	0.0	4.3311889859003785e-06	9.744228213635943e-06	1.1449175824175823	8.510855596313098e-06	2.553256678893929e-05
NZ_BMTE01000135.1	2.9883579083635392e-05	2.553256678893929e-05	3.0	2.553256678893929e-05	0.0	0.0004607931972405112	0.00040247381711419297	47.28946608946633	1.7021711192626195e-05	0.002621343523664434
NZ_CDSE01000102.1	2.9872044636598923e-05	0.00017872796752257505	21.0	0.00017872796752257505	0.0	2.9886359963786488e-05	0.00020426053431151433	24.0	0.00022979310110045364	0.0
NZ_CP041730.1	2.953926109485616e-05	2.553256678893929e-05	3.0	2.553256678893929e-05	0.0	2.320115327758687e-05	1.4468454513732265e-05	1.7	8.510855596313098e-06	1.7021711192626195e-05
NZ_BMSD01000343.1	2.9400916917732838e-05	5.106513357787858e-05	6.0	5.106513357787858e-05	0.0	2.9400916917732838e-05	5.106513357787858e-05	6.0	5.106513357787858e-05	0.0
NZ_BMSY01000091.1	2.9394721868423113e-05	1.7021711192626195e-05	2.0	1.7021711192626195e-05	0.0	2.9394721868423113e-05	1.7021711192626195e-05	2.0	1.7021711192626195e-05	0.0
NZ_CP011602.1	2.9152272239682666e-05	8.510855596313098e-06	1.0	8.510855596313098e-06	0.0	2.745497391997148e-05	1.4046161101849914e-05	1.6503817909840595	8.510855596313098e-06	0.00011064112275207027
NC_012590.1	2.8527574701841705e-05	4.2554277981565487e-05	5.0	4.2554277981565487e-05	0.0	8.30688486002636e-05	4.156825878368027e-05	4.88414570230608	0.0	0.00017021711192626195
NZ_JVHT01000003.1	2.7942109410278947e-05	4.2554277981565487e-05	5.0	4.2554277981565487e-05	0.0	2.189899178448669e-05	1.7202793226590304e-05	2.021276595744681	8.510855596313098e-06	2.553256678893929e-05
NZ_CP049019.1	2.774662708495202e-05	8.510855596313098e-06	1.0	8.510855596313098e-06	0.0	2.796200572757649e-06	1.0638569495391372e-06	0.125	0.0	8.510855596313098e-06
NZ_JABULH010000022.1	2.761918408163203e-05	2.553256678893929e-05	3.0	2.553256678893929e-05	0.0	2.7059744043563824e-05	1.7264878495377998e-05	2.0285714285714285	1.7021711192626195e-05	8.510855596313098e-06
NZ_QGHH01000055.1	2.7617934825185957e-05	1.7021711192626195e-05	2.0	1.7021711192626195e-05	0.0	3.105338419040191e-05	1.9765687324658795e-05	2.3224089635854344	1.7021711192626195e-05	4.2554277981565487e-05
NZ_WACO01000699.1	2.7617934714311577e-05	3.404342238525239e-05	4.0	3.404342238525239e-05	0.0	2.7617934714311577e-05	3.404342238525239e-05	4.0	3.404342238525239e-05	0.0
NZ_ACCK01000460.1	2.7617934714311577e-05	8.510855596313098e-06	1.0	8.510855596313098e-06	0.0	2.754963978407411e-05	8.510855596313098e-06	1.0	8.510855596313098e-06	0.0
NZ_JAAQXT010000005.1	2.761060140507001e-05	8.510855596313098e-06	1.0	8.510855596313098e-06	0.0	2.7280978735719636e-05	8.510855596313098e-06	1.0	8.510855596313098e-06	0.0
NZ_AVPJ01000034.1	2.733876661827613e-05	6.808684477050478e-05	8.0	6.808684477050478e-05	0.0	6.269971543220318e-06	1.006952069227654e-05	1.1831384727804166	8.510855596313098e-06	2.553256678893929e-05
NZ_SUSS01000098.1	2.7031836740737142e-05	5.106513357787858e-05	6.0	5.106513357787858e-05	0.0	2.7031836740737142e-05	5.106513357787858e-05	6.0	5.106513357787858e-05	0.0
NZ_QDAG01000019.1	2.6490103742162453e-05	0.00017872796752257505	21.0	0.00017872796752257505	0.0	5.288769563347926e-05	0.0004232519152049014	49.730830280830304	0.00020426053431151433	0.0007234227256866133
NZ_SDKM01000013.1	2.439527241616873e-05	8.510855596313098e-06	1.0	8.510855596313098e-06	0.0	1.1141769180902255e-05	8.606483187282908e-06	1.0112359550561798	0.0	1.7021711192626195e-05
NZ_BMSY01000169.1	2.4356589846370882e-05	6.808684477050478e-05	8.0	6.808684477050478e-05	0.0	2.4356589846370882e-05	6.808684477050478e-05	8.0	6.808684477050478e-05	0.0
NZ_SUSS01000196.1	2.391355462551118e-05	0.0010638569495391372	125.0	0.0010638569495391372	0.0	2.391355462551118e-05	0.0010638569495391372	125.0	0.0010638569495391372	0.0
NZ_QMED01000074.1	2.21281340338065e-05	8.510855596313098e-06	1.0	8.510855596313098e-06	0.0	0.0006025542972607868	0.0004126870719996456	48.48949289874236	8.510855596313098e-06	0.004408623198890184
NZ_MVIH01000024.1	2.211471331706367e-05	8.510855596313098e-06	1.0	8.510855596313098e-06	0.0	2.11714929345843e-05	8.510855596313098e-06	1.0	8.510855596313098e-06	0.0
NZ_JADLRJ010000032.1	2.211471331706367e-05	1.7021711192626195e-05	2.0	1.7021711192626195e-05	0.0	2.211471331706367e-05	1.7021711192626195e-05	2.0	1.7021711192626195e-05	0.0
NZ_BMRF01000258.1	2.211471331706367e-05	8.510855596313098e-06	1.0	8.510855596313098e-06	0.0	2.211471331706367e-05	8.510855596313098e-06	1.0	8.510855596313098e-06	0.0
NZ_BMRF01000189.1	2.211471331706367e-05	8.510855596313098e-06	1.0	8.510855596313098e-06	0.0	2.211471331706367e-05	8.510855596313098e-06	1.0	8.510855596313098e-06	0.0
NZ_JXXV01000069.1	2.202629817443637e-05	7.659770036681787e-05	9.0	7.659770036681787e-05	0.0	2.202629817443637e-05	7.659770036681787e-05	9.0	7.659770036681787e-05	0.0
NZ_CABKQE010000003.1	2.201153010585418e-05	2.553256678893929e-05	3.0	2.553256678893929e-05	0.0	2.2766276559155285e-05	1.738010271818016e-05	2.042109929078014	1.7021711192626195e-05	1.7021711192626195e-05
NZ_CP048833.1	2.2000665332763217e-05	5.957598917419168e-05	7.0	5.957598917419168e-05	0.0	0.00034921721239947775	0.00023057251670749725	27.091578995580804	8.510855596313098e-06	0.0010893895163280765
NZ_SAWZ01000021.1	1.9808607976712226e-05	1.7021711192626195e-05	2.0	1.7021711192626195e-05	0.0	1.3904888447700504e-05	1.7730949158985618e-05	2.083333333333333	8.510855596313098e-06	1.7021711192626195e-05
NZ_RCNS01000007.1	1.9712395219025482e-05	0.0003319233682562108	39.0	0.0003319233682562108	0.0	8.58265664339747e-05	0.0007445806191731619	87.485989010989	0.0003744776462377763	0.0007064010144939871
NZ_BMSH01000160.1	1.95063230843209e-05	7.659770036681787e-05	9.0	7.659770036681787e-05	0.0	0.005218990653427755	0.003530444748943902	414.81666666666166	0.0002553256678893929	0.010927938585666017
NZ_SUSS01000232.1	1.9251700834698193e-05	1.7021711192626195e-05	2.0	1.7021711192626195e-05	0.0	1.9251700834698193e-05	1.7021711192626195e-05	2.0	1.7021711192626195e-05	0.0
NZ_BMRF01000071.1	1.922805263556125e-05	3.404342238525239e-05	4.0	3.404342238525239e-05	0.0	1.922793422450709e-05	2.978799458709584e-05	3.5	3.404342238525239e-05	0.0
NZ_WACO01000655.1	1.8516386244766216e-05	0.00018723882311888815	22.0	0.00018723882311888815	0.0	1.8516386244766216e-05	0.00018723882311888815	22.0	0.00018723882311888815	0.0
NZ_SUSS01000211.1	1.8414057828156103e-05	2.553256678893929e-05	3.0	2.553256678893929e-05	0.0	1.8414057828156103e-05	2.553256678893929e-05	3.0	2.553256678893929e-05	0.0
NZ_BMKL01000001.1	1.82699810258457e-05	4.2554277981565487e-05	5.0	4.2554277981565487e-05	0.0	5.399065466163964e-06	1.5603235259907346e-05	1.8333333333333333	8.510855596313098e-06	1.7021711192626195e-05
NZ_CP039546.1	1.7849585635934968e-05	5.957598917419168e-05	7.0	5.957598917419168e-05	0.0	5.477782763158076e-06	7.092379663594248e-06	0.8333333333333334	0.0	3.404342238525239e-05
NZ_SUSS01000193.1	1.7828885718547895e-05	0.00018723882311888815	22.0	0.00018723882311888815	0.0	1.7828885718547895e-05	0.00018723882311888815	22.0	0.00018723882311888815	0.0
NZ_QMIL01000013.1	1.7710579140106587e-05	0.00010213026715575717	12.0	0.00010213026715575717	0.0	0.004261267163304787	0.005547750560601985	651.8440476190514	3.404342238525239e-05	0.03491152965607632
NZ_JADLRJ010000040.1	1.6863486939161144e-05	0.00028936909027464533	34.0	0.00028936909027464533	0.0	1.6863486939161144e-05	0.0002808582346783322	33.0	0.0002808582346783322	0.0
NZ_BMRF01000242.1	1.6566993757363664e-05	3.404342238525239e-05	4.0	3.404342238525239e-05	0.0	0.001812149936979377	0.002115977699396842	248.62103174603072	0.0016085517077031753	0.008102334527690068
NZ_NJGV01000018.1	1.609568316623865e-05	8.510855596313098e-06	1.0	8.510855596313098e-06	0.0	9.899411883484087e-06	8.86547457949281e-06	1.0416666666666667	8.510855596313098e-06	1.7021711192626195e-05
NZ_QPMH01000064.1	1.5878133234391408e-05	6.808684477050478e-05	8.0	6.808684477050478e-05	0.0	0.002361662588529734	0.00321639417743995	377.9166666666618	6.808684477050478e-05	0.01552380060767509
NZ_WIPK01000170.1	1.5845884516039336e-05	8.510855596313098e-06	1.0	8.510855596313098e-06	0.0	1.5845884516039464e-05	8.510855596313098e-06	1.0	8.510855596313098e-06	0.0
NZ_SUSS01000162.1	1.5845884516039336e-05	8.510855596313098e-06	1.0	8.510855596313098e-06	0.0	1.5845884516039336e-05	8.510855596313098e-06	1.0	8.510855596313098e-06	0.0
NZ_BMSY01000146.1	1.5845884516039336e-05	8.510855596313098e-06	1.0	8.510855596313098e-06	0.0	1.5845884516039336e-05	8.510855596313098e-06	1.0	8.510855596313098e-06	0.0
NZ_BMSD01000248.1	1.5845884516039336e-05	8.510855596313098e-06	1.0	8.510855596313098e-06	0.0	1.5845884516039336e-05	8.510855596313098e-06	1.0	8.510855596313098e-06	0.0
NZ_BMRF01000162.1	1.5845884516039336e-05	8.510855596313098e-06	1.0	8.510855596313098e-06	0.0	1.5845884516039336e-05	8.510855596313098e-06	1.0	8.510855596313098e-06	0.0
NZ_LT707420.1	1.558287416536684e-05	5.106513357787858e-05	6.0	5.106513357787858e-05	0.0	4.9179605708443894e-06	1.4184759327188495e-05	1.6666666666666665	0.0	4.2554277981565487e-05
NZ_QMIL01000034.1	1.5396770879157345e-05	0.00022128224550414054	26.0	0.00022128224550414054	0.0	1.3883251348614423e-05	0.0001687986359935431	19.833333333333332	0.00016170625632994884	5.957598917419168e-05
NZ_BMQF01000127.1	1.532915139957075e-05	4.2554277981565487e-05	5.0	4.2554277981565487e-05	0.0	1.651128529384709e-05	7.517922443409904e-05	8.833333333333334	5.957598917419168e-05	4.2554277981565487e-05
NZ_JACCAI010000001.1	1.509156697750419e-05	2.553256678893929e-05	3.0	2.553256678893929e-05	0.0	6.9492452547611255e-06	6.9966981328986535e-06	0.8220910405211931	0.0	5.106513357787858e-05
NZ_MSPX01000036.1	1.465474587200695e-05	8.510855596313097e-05	10.0	8.510855596313097e-05	0.0	5.497950589800549e-06	3.378212418711997e-05	3.969298245614035	0.0	6.808684477050478e-05
NZ_BMJU01000015.1	1.441788736209695e-05	0.00010213026715575717	12.0	0.00010213026715575717	0.0	2.9852421174862935e-05	0.000211770013445801	24.88234126984128	9.361941155944408e-05	0.000527673046971412
NZ_BMUC01000037.1	1.4346465780515956e-05	1.0638569495391372e-05	1.25	0.0	4.2554277981565487e-05	1.1620463082748299e-05	8.510855596313096e-06	0.9999999999999999	0.0	4.2554277981565487e-05
NZ_BMRK01000039.1	1.4346465780515956e-05	1.0638569495391372e-05	1.25	0.0	4.2554277981565487e-05	1.1620463082748299e-05	8.510855596313096e-06	0.9999999999999999	0.0	4.2554277981565487e-05
NZ_BMRG01000045.1	1.4346465780515956e-05	1.0638569495391372e-05	1.25	0.0	4.2554277981565487e-05	1.1620463082748299e-05	8.510855596313096e-06	0.9999999999999999	0.0	4.2554277981565487e-05
NZ_BMQZ01000037.1	1.4346465780515956e-05	1.0638569495391372e-05	1.25	0.0	4.2554277981565487e-05	1.1620463082748299e-05	8.510855596313096e-06	0.9999999999999999	0.0	4.2554277981565487e-05
NZ_CP015866.1	1.4256224590111046e-05	7.659770036681787e-05	9.0	7.659770036681787e-05	0.0	6.7949107967463035e-06	2.814957078989273e-05	3.3074901191000263	2.553256678893929e-05	5.106513357787858e-05
NZ_QOHL01000049.1	1.4180605771165871e-05	0.00016170625632994884	19.0	0.00016170625632994884	0.0	0.0005836631312695922	0.0005751888669505518	67.58296630008898	0.00016170625632994884	0.005361839025677251
NZ_BMRF01000335.1	1.39188107957427e-05	1.7021711192626195e-05	2.0	1.7021711192626195e-05	0.0	1.39188107957427e-05	1.7021711192626195e-05	2.0	1.7021711192626195e-05	0.0
NZ_VHIB01000011.1	1.3832255938864929e-05	2.553256678893929e-05	3.0	2.553256678893929e-05	0.0	6.801543925329182e-06	8.606483187282908e-06	1.0112359550561798	8.510855596313098e-06	8.510855596313098e-06
NZ_CP022048.2	1.3758476838311523e-05	5.957598917419168e-05	7.0	5.957598917419168e-05	0.0	2.0127100050533262e-06	4.374168996144325e-06	0.5139517345399698	0.0	3.404342238525239e-05
NZ_ML133854.1	1.268839241429292e-05	8.510855596313098e-06	1.0	8.510855596313098e-06	0.0	1.2673937297671481e-05	8.510855596313098e-06	1.0	8.510855596313098e-06	0.0
NZ_BMSD01000328.1	1.268839241429292e-05	8.510855596313098e-06	1.0	8.510855596313098e-06	0.0	1.268839241429292e-05	8.510855596313098e-06	1.0	8.510855596313098e-06	0.0
NZ_BMSD01000168.1	1.268839241429292e-05	1.7021711192626195e-05	2.0	1.7021711192626195e-05	0.0	1.268839241429292e-05	1.7021711192626195e-05	2.0	1.7021711192626195e-05	0.0
NC_015635.1	1.1918752181951736e-05	4.2554277981565487e-05	5.0	4.2554277981565487e-05	0.0	9.879959615120064e-06	2.6306280934058665e-05	3.090909090909091	2.553256678893929e-05	8.510855596313098e-06
NZ_RBCI01000027.1	1.1658753062406371e-05	5.106513357787858e-05	6.0	5.106513357787858e-05	0.0	3.997501037134341e-06	1.659616841281054e-05	1.95	8.510855596313098e-06	2.553256678893929e-05
NZ_SUSS01000113.1	1.1356280715034377e-05	2.553256678893929e-05	3.0	2.553256678893929e-05	0.0	1.1356280715034377e-05	2.553256678893929e-05	3.0	2.553256678893929e-05	0.0
NZ_RRCO01000003.1	1.1354053800824684e-05	1.7021711192626195e-05	2.0	1.7021711192626195e-05	0.0	4.498893621784988e-06	4.255427798156549e-06	0.5	0.0	8.510855596313098e-06
NZ_JMFB01000017.1	1.1296768797588596e-05	2.553256678893929e-05	3.0	2.553256678893929e-05	0.0	2.963789510814954e-06	1.4184759327188495e-05	1.6666666666666665	0.0	2.553256678893929e-05
NZ_CP014025.1	1.023516527449981e-05	5.106513357787858e-05	6.0	5.106513357787858e-05	0.0	4.404237246785051e-06	9.317616165769322e-07	0.1094791946629398	0.0	5.106513357787858e-05
NZ_CP004373.1	9.27037174614576e-06	9.361941155944408e-05	11.0	9.361941155944408e-05	0.0	6.859097210104119e-06	2.7759440842533793e-05	3.261651020675193	0.0	0.00022979310110045364
NZ_CP015285.1	9.222392283255229e-06	5.957598917419168e-05	7.0	5.957598917419168e-05	0.0	6.924451926573621e-06	8.936398376128752e-06	1.05	8.510855596313098e-06	8.510855596313098e-06
NZ_BMRF01000184.1	9.110947810047724e-06	0.00011064112275207027	13.0	0.00011064112275207027	0.0	9.110947810047724e-06	0.00011064112275207027	13.0	0.00011064112275207027	0.0
NZ_UGYX01000002.1	9.091630445687874e-06	3.404342238525239e-05	4.0	3.404342238525239e-05	0.0	9.091629807247043e-06	1.3024188109509436e-05	1.5303030303030303	8.510855596313098e-06	1.7021711192626195e-05
NZ_BMRF01000171.1	8.954035085265635e-06	1.7021711192626195e-05	2.0	1.7021711192626195e-05	0.0	8.954035085265635e-06	1.7021711192626195e-05	2.0	1.7021711192626195e-05	0.0
NZ_JVGP01000036.1	8.948714775103675e-06	1.7021711192626195e-05	2.0	1.7021711192626195e-05	0.0	2.4162613412242215e-05	1.852575231606133e-05	2.176720319880258	0.0	0.00015319540073363574
NZ_CZJT01000051.1	8.559487812711338e-06	7.659770036681787e-05	9.0	7.659770036681787e-05	0.0	0.00010419663402387168	0.0004258440111057627	50.035393772893805	0.00020426053431151433	0.0010638569495391372
NZ_SUSS01000075.1	8.428078091392705e-06	0.00010213026715575717	12.0	0.00010213026715575717	0.0	0.00032508453839212646	0.00035286071352936686	41.46007525756002	0.00010213026715575717	0.002868158335957514
NZ_CP060717.1	8.130324306314645e-06	1.7021711192626195e-05	2.0	1.7021711192626195e-05	0.0	3.792156020040444e-06	6.590723541047338e-06	0.774390243902439	0.0	2.553256678893929e-05
NZ_BMWF01000097.1	7.914610826311871e-06	1.7021711192626195e-05	2.0	1.7021711192626195e-05	0.0	2.123553235440598e-05	4.893741967880031e-05	5.75	3.404342238525239e-05	4.2554277981565487e-05
NZ_BMSH01000149.1	7.40691311003521e-06	0.0003149016570635846	37.0	0.0003149016570635846	0.0	1.2942790821531352e-05	0.0002695104272165814	31.66666666666666	0.00022979310110045364	0.00011064112275207027
NZ_BMSD01000308.1	7.294458127677881e-06	1.7021711192626195e-05	2.0	1.7021711192626195e-05	0.0	7.294458127677881e-06	1.7021711192626195e-05	2.0	1.7021711192626195e-05	0.0
NZ_BMRF01000153.1	7.280008551359444e-06	8.510855596313098e-06	1.0	8.510855596313098e-06	0.0	7.280008551359444e-06	8.510855596313098e-06	1.0	8.510855596313098e-06	0.0
NZ_BMJU01000018.1	7.280008551359444e-06	8.510855596313098e-06	1.0	8.510855596313098e-06	0.0	4.988268969523331e-06	8.510855596313098e-06	1.0	8.510855596313098e-06	0.0
NC_010524.1	6.931710750950619e-06	8.510855596313098e-06	1.0	8.510855596313098e-06	0.0	4.440487606457102e-06	8.510855596313098e-06	1.0	8.510855596313098e-06	0.0
NZ_CP031421.1	6.7554401359945735e-06	2.553256678893929e-05	3.0	2.553256678893929e-05	0.0	7.29084026067624e-06	1.948197484222379e-05	2.2890735980367687	1.7021711192626195e-05	5.957598917419168e-05
NZ_BMSY01000139.1	6.514437878501327e-06	8.510855596313098e-06	1.0	8.510855596313098e-06	0.0	6.514437878501327e-06	8.510855596313098e-06	1.0	8.510855596313098e-06	0.0
NZ_BMSY01000053.1	6.34419620714646e-06	4.255427798156549e-06	0.5	8.510855596313098e-06	0.0	6.34419620714646e-06	4.255427798156549e-06	0.5	8.510855596313098e-06	0.0
NZ_BMSD01000107.1	6.34419620714646e-06	4.255427798156549e-06	0.5	8.510855596313098e-06	0.0	6.34419620714646e-06	4.255427798156549e-06	0.5	8.510855596313098e-06	0.0
NZ_MAEN01000001.1	5.837022101426601e-06	2.553256678893929e-05	3.0	2.553256678893929e-05	0.0	1.0742404896326752e-06	9.863963974528773e-06	1.1589861751152073	0.0	3.404342238525239e-05
NZ_BMRE01000160.1	5.829699575596388e-06	2.553256678893929e-05	3.0	2.553256678893929e-05	0.0	1.1642622866836946e-05	5.613618503734846e-05	6.595833333333332	2.553256678893929e-05	0.0002723473790820191
NZ_LR134089.1	5.829381207084081e-06	1.7021711192626195e-05	2.0	1.7021711192626195e-05	0.0	1.814330352659209e-05	1.316819440572222e-05	1.5472233380891436	8.510855596313098e-06	0.00014468454513732267
NZ_SUSS01000227.1	5.829375140627761e-06	8.510855596313098e-06	1.0	8.510855596313098e-06	0.0	5.829375140627761e-06	8.510855596313098e-06	1.0	8.510855596313098e-06	0.0
NZ_JAAXPD010000049.1	5.829355756114282e-06	8.510855596313098e-06	1.0	8.510855596313098e-06	0.0	4.38733298911338e-06	8.510855596313098e-06	1.0	8.510855596313098e-06	0.0
NZ_AAXW01000147.1	5.234269879506527e-06	5.957598917419168e-05	7.0	5.957598917419168e-05	0.0	2.5171720942720948e-05	0.00013255826457440114	15.57519841269841	6.808684477050478e-05	0.0003574559350451501
NZ_BMRF01000211.1	5.2163540682940005e-06	8.510855596313098e-06	1.0	8.510855596313098e-06	0.0	5.2163540682940005e-06	8.510855596313098e-06	1.0	8.510855596313098e-06	0.0
NZ_BMRF01000103.1	5.2163540682940005e-06	8.510855596313098e-06	1.0	8.510855596313098e-06	0.0	5.2163540682940005e-06	8.510855596313098e-06	1.0	8.510855596313098e-06	0.0
NZ_SUSS01000212.1	5.109914179932236e-06	0.0007915095704571181	93.0	0.0007915095704571181	0.0	5.109914179932236e-06	0.0007915095704571181	93.0	0.0007915095704571181	0.0
NZ_CP011366.1	4.841146040261206e-06	5.957598917419168e-05	7.0	5.957598917419168e-05	0.0	4.141239748989343e-06	3.243295072022614e-05	3.810774410774411	2.553256678893929e-05	5.106513357787858e-05
NZ_CP009312.1	4.7432727322424265e-06	2.553256678893929e-05	3.0	2.553256678893929e-05	0.0	4.8203547353974595e-06	2.553256678893929e-05	3.0	1.7021711192626195e-05	8.510855596313098e-06
NZ_NWMZ01000001.1	4.6878665400291115e-06	2.553256678893929e-05	3.0	2.553256678893929e-05	0.0	9.40746396957043e-07	1.5603235259907346e-06	0.18333333333333335	0.0	1.7021711192626195e-05
NZ_JACJQN010000036.1	4.667799012067297e-06	8.510855596313098e-06	1.0	8.510855596313098e-06	0.0	4.255166791346494e-06	8.510855596313098e-06	1.0	8.510855596313098e-06	0.0
NC_011144.1	4.6263306910059704e-06	8.510855596313098e-06	1.0	8.510855596313098e-06	0.0	3.733206660478996e-06	8.510855596313098e-06	1.0	8.510855596313098e-06	0.0
NZ_SUSS01000191.1	4.445855898338231e-06	5.957598917419168e-05	7.0	5.957598917419168e-05	0.0	4.445855898338231e-06	5.957598917419168e-05	7.0	5.957598917419168e-05	0.0
NZ_NDYD01000037.1	4.305196621021114e-06	5.106513357787858e-05	6.0	5.106513357787858e-05	0.0	4.040318231328767e-06	4.2554277981565487e-05	5.0	4.2554277981565487e-05	0.0
NZ_QZCH01000134.1	4.291164262143794e-06	0.00015319540073363574	18.0	0.00015319540073363574	0.0	5.2731664341152e-06	0.0001829833953207316	21.5	0.00017872796752257505	8.510855596313098e-06
NZ_BMUF01000096.1	4.2657327412562314e-06	5.106513357787858e-05	6.0	5.106513357787858e-05	0.0	0.004174296233550482	0.0025207735800346037	296.18333333332583	5.106513357787858e-05	0.012025838957590407
NZ_FQWC01000017.1	4.047511020705307e-06	2.553256678893929e-05	3.0	2.553256678893929e-05	0.0	4.82185477882456e-07	1.1890165906613885e-06	0.13970588235294118	0.0	1.7021711192626195e-05
NZ_BMSY01000166.1	3.7119769305419916e-06	4.2554277981565487e-05	5.0	4.2554277981565487e-05	0.0	3.7119769305419916e-06	4.2554277981565487e-05	5.0	4.2554277981565487e-05	0.0
NZ_UFTA01000002.1	3.6722287256123808e-06	8.510855596313098e-06	1.0	8.510855596313098e-06	0.0	1.2513613501757527e-06	2.836951865437699e-06	0.3333333333333333	0.0	8.510855596313098e-06
NZ_JACHMW010000001.1	3.6052423357214685e-06	8.510855596313098e-06	1.0	8.510855596313098e-06	0.0	8.753917726402332e-06	4.351055389126359e-06	0.5112359550561798	0.0	2.553256678893929e-05
NZ_QZCH01000127.1	3.3446239276969262e-06	8.510855596313098e-06	1.0	8.510855596313098e-06	0.0	2.1337328141478354e-05	0.00013440059462511102	15.791666666666668	5.957598917419168e-05	0.00017872796752257505
NZ_NPNH01000009.1	3.343831552028687e-06	8.510855596313098e-06	1.0	8.510855596313098e-06	0.0	1.9903621300642124e-06	8.510855596313098e-06	1.0	8.510855596313098e-06	0.0
NZ_KB899241.1	2.993123276086742e-06	3.404342238525239e-05	4.0	2.553256678893929e-05	8.510855596313098e-06	2.845980647440422e-06	8.510855596313098e-06	1.0	8.510855596313098e-06	0.0
NZ_UGGU01000003.1	2.9146875703138806e-06	4.255427798156549e-06	0.5	8.510855596313098e-06	0.0	2.867165000709225e-06	4.255427798156549e-06	0.5	0.0	8.510855596313098e-06
NZ_CP028102.1	2.9146875703138806e-06	4.255427798156549e-06	0.5	8.510855596313098e-06	0.0	2.867165000709225e-06	4.255427798156549e-06	0.5	0.0	8.510855596313098e-06
NZ_JAAN01000045.1	2.680552397319384e-06	1.7021711192626195e-05	2.0	1.7021711192626195e-05	0.0	1.3263979763201098e-06	4.255427798156549e-06	0.5	0.0	8.510855596313098e-06
NZ_FNBZ01000018.1	2.6786004888291514e-06	1.7021711192626195e-05	2.0	1.7021711192626195e-05	0.0	1.2715978631521799e-06	5.029141943275921e-06	0.5909090909090909	0.0	1.7021711192626195e-05
NZ_BMSD01000330.1	2.6781654775974336e-06	8.510855596313098e-06	1.0	8.510855596313098e-06	0.0	2.6781654775974336e-06	8.510855596313098e-06	1.0	8.510855596313098e-06	0.0
NZ_JADLRJ010000041.1	2.6370740965959035e-06	5.957598917419168e-05	7.0	5.957598917419168e-05	0.0	2.6370740965959035e-06	6.808684477050478e-05	8.0	6.808684477050478e-05	0.0
NZ_SMSJ01000370.1	2.48309402791851e-06	0.00042554277981565487	50.0	0.00042554277981565487	0.0	0.002461198318863122	0.002606449526370888	306.2500000000002	0.001217052350272773	0.004221384375771296
NZ_MSLT01000005.1	2.4609828909199915e-06	8.510855596313097e-05	10.0	8.510855596313097e-05	0.0	1.656294143703152e-05	0.00026091851585268426	30.657142857142844	0.00012766283394469646	0.0003659667906414632
NZ_FOMB01000028.1	2.432265110756377e-06	3.404342238525239e-05	4.0	3.404342238525239e-05	0.0	9.489253331570956e-07	1.1347807461750796e-05	1.3333333333333333	8.510855596313098e-06	8.510855596313098e-06
NZ_JXCB02000005.1	2.4086439156837727e-06	2.553256678893929e-05	3.0	2.553256678893929e-05	0.0	1.1991191242754905e-06	1.2766283394469646e-05	1.5	8.510855596313098e-06	8.510855596313098e-06
NZ_QOHL01000046.1	2.3965277662891444e-06	8.510855596313098e-06	1.0	8.510855596313098e-06	0.0	0.0005363377762344528	0.00042478810218937957	49.91132764294553	1.7021711192626195e-05	0.0041192541086155395
NZ_QAOG01000004.1	2.3965277662891444e-06	8.510855596313098e-06	1.0	8.510855596313098e-06	0.0	2.305373486519354e-06	8.510855596313098e-06	1.0	8.510855596313098e-06	0.0
NZ_FOVI01000062.1	2.3937811799744524e-06	3.404342238525239e-05	4.0	3.404342238525239e-05	0.0	1.9726621191551147e-06	3.464229126534e-05	4.070365296803653	3.404342238525239e-05	2.553256678893929e-05
NZ_CP034120.1	2.370726606520295e-06	5.106513357787858e-05	6.0	5.106513357787858e-05	0.0	1.3742557606870561e-06	8.510855596313098e-06	1.0	8.510855596313098e-06	0.0
NZ_MIKE01000016.1	2.2432541632449556e-06	8.510855596313098e-06	1.0	8.510855596313098e-06	0.0	4.5241353279659347e-07	9.66232429463781e-07	0.11352941176470588	0.0	2.553256678893929e-05
NZ_BMSD01000244.1	2.1445072691128387e-06	8.510855596313098e-06	1.0	8.510855596313098e-06	0.0	2.1445072691128387e-06	8.510855596313098e-06	1.0	8.510855596313098e-06	0.0
NZ_ACFY01000068.1	1.9195654717207844e-06	1.7021711192626195e-05	2.0	1.7021711192626195e-05	0.0	1.9195654717207844e-06	1.7021711192626195e-05	2.0	1.7021711192626195e-05	0.0
NZ_BMSD01000326.1	1.9189894195963764e-06	8.510855596313098e-06	1.0	8.510855596313098e-06	0.0	1.9189894195963764e-06	8.510855596313098e-06	1.0	8.510855596313098e-06	0.0
NZ_BMSD01000183.1	1.9189894195963764e-06	8.510855596313098e-06	1.0	8.510855596313098e-06	0.0	1.9189894195963764e-06	8.510855596313098e-06	1.0	8.510855596313098e-06	0.0
NZ_SUSS01000214.1	1.8668753146774884e-06	2.553256678893929e-05	3.0	2.553256678893929e-05	0.0	1.8668753146774884e-06	2.553256678893929e-05	3.0	2.553256678893929e-05	0.0
NZ_WACO01000681.1	1.8219928571300053e-06	5.106513357787858e-05	6.0	5.106513357787858e-05	0.0	2.7175178204566635e-06	6.808684477050478e-05	8.0	6.808684477050478e-05	0.0
NZ_BNAQ01000045.1	1.793690319257085e-06	1.7021711192626195e-05	2.0	1.7021711192626195e-05	0.0	1.793690319257085e-06	1.7021711192626195e-05	2.0	1.7021711192626195e-05	0.0
NZ_FONZ01000010.1	1.7442674042898315e-06	8.510855596313098e-06	1.0	8.510855596313098e-06	0.0	2.336414292587703e-06	8.881396248125368e-06	1.0435374149659864	8.510855596313098e-06	1.7021711192626195e-05
NZ_RCNS01000009.1	1.71718718120562e-06	8.510855596313098e-06	1.0	8.510855596313098e-06	0.0	1.71718718120562e-06	8.510855596313098e-06	1.0	8.510855596313098e-06	0.0
NZ_BMRF01000175.1	1.71718718120562e-06	8.510855596313098e-06	1.0	8.510855596313098e-06	0.0	1.71718718120562e-06	8.510855596313098e-06	1.0	8.510855596313098e-06	0.0
NZ_JADLRJ010000050.1	1.5126613355781821e-06	0.00012766283394469646	15.0	0.00012766283394469646	0.0	1.5126613355781821e-06	0.00012766283394469646	15.0	0.00012766283394469646	0.0
NZ_JACICY010000039.1	1.4995293476461483e-06	3.404342238525239e-05	4.0	3.404342238525239e-05	0.0	2.439990908997701e-06	2.992465263427241e-05	3.5160569105691053	0.0	6.808684477050478e-05
NZ_QYZP01000010.1	1.3750160038006334e-06	8.510855596313098e-06	1.0	8.510855596313098e-06	0.0	1.8336669411476636e-06	1.2766283394469646e-05	1.5	8.510855596313098e-06	1.7021711192626195e-05
NZ_PZOY01000049.1	1.3750160038006334e-06	8.510855596313098e-06	1.0	8.510855596313098e-06	0.0	1.3750160038006334e-06	8.510855596313098e-06	1.0	8.510855596313098e-06	0.0
NZ_SUSS01000199.1	1.2599031741526814e-06	0.00040852106862302866	48.0	0.00040852106862302866	0.0	1.2599031741526814e-06	0.00040852106862302866	48.0	0.00040852106862302866	0.0
NZ_FWFS01000019.1	1.236326796086823e-06	1.7021711192626195e-05	2.0	1.7021711192626195e-05	0.0	3.328789250912484e-07	4.255427798156549e-06	0.5	0.0	8.510855596313098e-06
NZ_CP004353.1	1.2344926660171692e-06	1.7021711192626195e-05	2.0	1.7021711192626195e-05	0.0	3.356450620323941e-06	8.599510342108026e-06	1.0104166666666667	8.510855596313098e-06	8.510855596313098e-06
NZ_BMCE01000013.1	1.230829984473813e-06	0.00011064112275207027	13.0	0.00011064112275207027	0.0	1.2245758567179078e-06	1.4027150890219735e-05	1.6481481481481481	8.510855596313098e-06	2.553256678893929e-05
NZ_PJND01000007.1	1.2304183830758653e-06	1.7021711192626195e-05	2.0	1.7021711192626195e-05	0.0	1.2304183824073613e-06	1.7021711192626195e-05	2.0	1.7021711192626195e-05	0.0
NZ_NPMS01000028.1	1.2304183814497798e-06	8.510855596313098e-06	1.0	8.510855596313098e-06	0.0	1.2304183814497798e-06	8.510855596313098e-06	1.0	8.510855596313098e-06	0.0
NZ_CZJT01000075.1	1.2304183814497798e-06	8.510855596313098e-06	1.0	8.510855596313098e-06	0.0	1.2304183814497798e-06	8.510855596313098e-06	1.0	8.510855596313098e-06	0.0
NZ_KQ948708.1	1.2298358043603985e-06	8.510855596313098e-06	1.0	8.510855596313098e-06	0.0	6.647109575202016e-07	8.510855596313098e-06	1.0	8.510855596313098e-06	0.0
NZ_BMVN01000206.1	1.1010268809008092e-06	3.404342238525239e-05	4.0	3.404342238525239e-05	0.0	0.0003913431921867515	0.00039258501346895266	46.12756132756153	0.00011915197834838336	0.002178779032656153
