Total Number of Aligned Reads:	387178	Total Number of Mapped Genomes:	25599
Genome	Final Guess	Final Best Hit	Final Best Hit Read Numbers	Final High Confidence Hits	Final Low Confidence Hits	Initial Guess	Initial Best Hit	Initial Best Hit Read Numbers	Initial High Confidence Hits	Initial Low Confidence Hits
NZ_BMRF01000063.1	0.30379592721319804	0.15627437509362618	60506.0	0.15627437509362618	0.0	0.1140578441578174	0.06014059659663141	23285.115909090557	0.06468084446946883	0.08498675028023286
NZ_BMRF01000072.1	0.14375015666859728	0.06805655280000414	26350.0	0.06805655280000414	0.0	0.06781892661507923	0.030882006036845513	11956.833333333772	0.031776082318726785	0.0200708717954016
NZ_BMSH01000129.1	0.09736207652732068	0.03739365356502694	14478.0	0.03739365356502694	0.0	0.07343168825858058	0.03629008420473885	14050.722222222379	0.03524477113885603	0.002117888929639597
NZ_BHXD01000053.1	0.05103265257931354	0.028333221412373637	10970.0	0.028333221412373637	0.0	0.05103265257931354	0.02817567113833947	10909.0	0.02817567113833947	0.0
NZ_QPLJ01000067.1	0.04795205225881283	0.035404904204267805	13708.0	0.035404904204267805	0.0	0.017042467539394066	0.012789491966576057	4951.809920634984	0.00713366978495679	0.02667248655657088
NZ_WJPN01000037.1	0.0365494954825065	0.020985179943075277	8125.0	0.02098259715169767	2.582791377609265e-06	0.003575875052727678	0.0016881952339689295	653.6320542976222	1.033116551043706e-05	0.01897318545991766
NZ_BMIV01000059.1	0.03053857371756856	0.012901042931158279	4995.0	0.012901042931158279	0.0	0.06188383499515247	0.028601401250416148	11073.833333333623	0.0277934180144533	0.009538248557511016
NZ_BMRF01000083.1	0.02630301706326398	0.01204872177654722	4665.0	0.01204872177654722	0.0	0.010505778294575779	0.004369308173501479	1691.6999999999557	0.004442401169487936	0.006302010961366606
NZ_JADKPO010000068.1	0.024504743147259863	0.012170112971294857	4712.0	0.012170112971294857	0.0	0.005638724712709241	0.004124350857389613	1596.8579162623955	0.0025672946293436093	0.018428216479242105
NZ_RRUE01000006.1	0.020255586296996742	0.011341036939082283	4391.0	0.011341036939082283	0.0	0.0024253047019459	0.0013201641381962181	511.13851069853536	3.874187066413898e-05	0.011219645744334646
NZ_BHXD01000057.1	0.018989274524996023	0.009788779321139114	3790.0	0.009788779321139114	0.0	0.018989274524996023	0.009788779321139114	3790.0	0.009788779321139114	0.0
NZ_QPLJ01000097.1	0.018370725505660872	0.01735635805753426	6720.0	0.01735635805753426	0.0	0.012797010859786557	0.009980121115697448	3864.0833333335063	0.00864460274085821	0.003954253599119785
NZ_BMRF01000161.1	0.017698899188715988	0.00801440164472155	3103.0	0.00801440164472155	0.0	0.017698899188715988	0.008016984436099158	3104.0	0.008016984436099158	0.0
NZ_BMRF01000125.1	0.016274536394824138	0.008673013446011912	3358.0	0.008673013446011912	0.0	0.009459713864154581	0.005207553115104658	2016.2499999999911	0.005669227073852336	0.002884977968789549
NZ_BHXD01000040.1	0.012594734658238002	0.010834809829070867	4195.0	0.010834809829070867	0.0	0.0031487504076383142	0.0033153571053453124	1283.6333333333873	0.0012319914871196194	0.009579573219552764
NZ_BNBF01000140.1	0.012054899744755451	0.009930832846907624	3845.0	0.009930832846907624	0.0	0.023862573392252406	0.01705029727928714	6601.499999999836	0.016157942858323563	0.0020481535624441473
NZ_BMIV01000088.1	0.011862352859338555	0.0045663751556131804	1768.0	0.0045663751556131804	0.0	0.009485910939371931	0.004327596092753179	1675.5499999999902	0.00428743368683138	0.0013869589697761754
NZ_BNBF01000096.1	0.011459341718388022	0.004698097515871253	1819.0	0.004698097515871253	0.0	0.011459341718388022	0.004698097515871253	1819.0	0.004698097515871253	0.0
NZ_BNBF01000074.1	0.011437437122468317	0.005090681805267862	1971.0	0.005090681805267862	0.0	0.00921654989788241	0.004225446693768758	1636.0	0.005088099013890252	0.0
NZ_BMRF01000099.1	0.006987152908602941	0.0036520670079395008	1414.0	0.0036520670079395008	0.0	0.017913209869899974	0.0026731890758256204	1035.000000000012	0.002272856412296153	0.003207826890990707
NZ_BNBF01000107.1	0.0062036958855980024	0.0031045152358863365	1202.0	0.0031045152358863365	0.0	0.0062036958855980024	0.0031045152358863365	1202.0	0.0031045152358863365	0.0
NZ_BMIV01000078.1	0.0039067300388457606	0.002156630800303736	835.0	0.002156630800303736	0.0	0.011543014553257465	0.006773155155165595	2622.4166666667047	0.002779083522307569	0.01177236309914303
NZ_QGNX01000055.1	0.0036617331445373356	0.0028333221412373635	1097.0	0.0028333221412373635	0.0	0.0053316468118088005	0.0042958277588085415	1663.2499999999734	0.002680937449958417	0.003499682316660554
NZ_BHXD01000058.1	0.003627818896939445	0.00463869331418624	1796.0	0.00463869331418624	0.0	0.003627818896939445	0.004628391168803641	1792.0112359550562	0.004628362148675803	2.582791377609265e-06
NZ_BNBF01000093.1	0.0031632830002793688	0.001714973474732552	664.0	0.001714973474732552	0.0	0.0058023091253368245	0.0034594338176927963	1339.4166666666615	0.0021772931313246103	0.006867642273063036
NZ_BNBF01000111.1	0.0029804117822336837	0.0016400725247818833	635.0	0.0016400725247818833	0.0	0.002978249197705512	0.0016245757765162277	629.0	0.0016271585678938369	0.0
NC_000913.3	0.0024948508502542605	0.0019474246987173857	754.0	0.0019474246987173857	0.0	0.0006680798287634394	0.0005249038404657957	203.23121914386581	0.00023761680674005238	0.0013404687249792084
NZ_JADKPO010000073.1	0.002445404909158764	0.0025078904276585965	971.0	0.002484645305260113	2.3245122398483386e-05	0.0033260065959553513	0.0017812949386051306	689.6782117392572	0.0008833146511423686	0.009512420643734924
NZ_BNBB01000081.1	0.002252040436230214	0.0010408649251765338	403.0	0.0010408649251765338	0.0	0.003991433208580617	0.00189576887116521	734.0000000000036	0.001996497734891962	0.0020429879796889285
NZ_SMSJ01000182.1	0.002165690028013318	0.013446011911833833	5206.0	0.013440846329078614	5.16558275521853e-06	0.00018113191602318868	0.0015826177637277552	612.7547805245848	0.00023245122398483386	0.003683060504470812
NZ_BHXD01000064.1	0.002128090081490408	0.0009143081476736798	354.0	0.0009143081476736798	0.0	0.002128090081490408	0.0009143081476736798	354.0	0.0009143081476736798	0.0
NZ_MUYK01000052.1	0.002024666053438844	0.0010744412130854542	416.0	0.0010744412130854542	0.0	0.002024666053438844	0.0010744412130854542	416.0	0.0010744412130854542	0.0
NC_006085.1	0.0019283738657100218	0.0014928534162581553	578.0	0.0014928534162581553	0.0	0.0016324641102662403	0.0012648175356283768	489.70952380952366	0.0011519249544137322	0.0002660275118937543
NZ_WACO01000134.1	0.0018198933818475978	0.001960338655605432	759.0	0.001960338655605432	0.0	0.0018198933818475978	0.001960338655605432	759.0	0.001960338655605432	0.0
NZ_LPWH01000037.1	0.0017790894310235061	0.0008833146511423686	342.0	0.0008833146511423686	0.0	0.0022089754918614675	0.0012033924337180027	465.9270757020688	0.0008858974425199779	0.0010460305079317523
NZ_JAATJR010000019.1	0.0014984428876111233	0.0008626523201214945	334.0	0.0008626523201214945	0.0	0.002752171946198821	0.001687931567175851	653.5299683160116	0.0008600695287438852	0.006544793350861878
NZ_BNBF01000121.1	0.0014041370900079214	0.0017330530143758168	671.0	0.0017330530143758168	0.0	0.0014041370901120723	0.0017330530143758168	671.0	0.0017330530143758168	0.0
NZ_BNBF01000124.1	0.0013443740933953177	0.000604373182360568	234.0	0.000604373182360568	0.0	0.0013443740933953177	0.000604373182360568	234.0	0.000604373182360568	0.0
NZ_QMIL01000014.1	0.0013058051665990073	0.0011260970406376395	436.0	0.0011260970406376395	0.0	0.0020434267390970883	0.0025186366846404406	975.1607142857165	0.002241862915764842	0.0006353666788918792
NZ_FNKR01000003.1	0.0011325419865859153	0.0009427188528273817	365.0	0.0009013941907856335	4.132466204174824e-05	7.097906024718899e-05	5.780631448947179e-05	22.38133323140471	2.582791377609265e-06	0.0008058309098140907
NZ_BMSH01000086.1	0.0011298754037866855	0.0007748374132827795	300.0	0.0007748374132827795	0.0	0.004673389620238584	0.0025612681161292228	991.6666666666802	0.0024045787725542256	0.0033111385460950775
NZ_JXXV01000068.1	0.0011000302274038775	0.0014799394593701088	573.0	0.0014799394593701088	0.0	0.0011000302274038775	0.0014799394593701088	573.0	0.0014799394593701088	0.0
NZ_SUSS01000085.1	0.0010938341071318881	0.0008239104494573555	319.0	0.0008239104494573555	0.0	0.0014119633603423866	0.0014186576093502634	549.2730158730163	0.0013895417611537845	0.002874646803279112
NZ_CP012400.2	0.0010843817572308734	0.0005630485203188197	218.0	0.0005630485203188197	0.0	0.00011233408389682045	0.00015264505614683206	59.10080754881814	9.039769821632427e-05	0.0008032481184364814
NZ_QMIL01000023.1	0.0010282920451822736	0.0004933131531233696	191.0	0.0004933131531233696	0.0	0.0019433774375454942	0.0009991097979051833	386.8333333333331	0.0010176198027780504	8.264932408349648e-05
NZ_AMYT01000013.1	0.0008320981050050827	0.0003538424187324693	137.0	0.0003538424187324693	0.0	0.0015549848920545371	0.000746185364367513	288.90655700508495	0.0003719219583757342	0.0029702100842506547
NZ_WACO01000212.1	0.0008268170326199322	0.0012604021922733213	488.0	0.0012604021922733213	0.0	0.0008235824865100664	0.0008523211546110574	330.0	0.0008523211546110574	0.0
NZ_CP015866.1	0.0006669532383538147	0.000516558275521853	200.0	0.000516558275521853	0.0	0.00011293751401635035	0.00012035107724382138	46.597289385108276	6.198699306262235e-05	0.0004003326635294361
NZ_VTPZ01000030.1	0.0006655759951476647	0.0009143081476736798	354.0	0.0008755662770095408	3.874187066413898e-05	0.00015426461371275963	0.00025095534648674226	97.16438914204389	5.9404201685013094e-05	0.0006766913409336275
NZ_KV440950.1	0.0005809056079638794	0.00037967033250856195	147.0	0.00037967033250856195	0.0	0.00015107858739841243	0.0001246211542591549	48.250569263751075	3.3576287908920444e-05	0.0003151005480683303
NZ_JXXV01000067.1	0.0005643441837978077	0.000302186591180284	117.0	0.000302186591180284	0.0	0.0005643441837978077	0.000302186591180284	117.0	0.000302186591180284	0.0
NZ_WACO01000229.1	0.0005476486531024991	0.0005966248082277402	231.0	0.0005966248082277402	0.0	0.0005476486531024991	0.0005966248082277402	231.0	0.0005966248082277402	0.0
NZ_NISV01000002.1	0.0005376319420865682	0.0005088099013890252	197.0	0.0005088099013890252	0.0	0.0005376319420865682	0.0005088099013890252	197.0	0.0005088099013890252	0.0
NZ_JADBEH010000002.1	0.0005213582355793777	0.000692188089199283	268.0	0.000692188089199283	0.0	0.00024151307931732428	0.00037972091401583145	147.0195840468216	0.00033834567046681373	0.00019629214469830413
NZ_QPLJ01000113.1	0.0005041959311671557	0.003078687322110244	1192.0	0.003078687322110244	0.0	0.0027801628617329264	0.004190923382354915	1622.6333333334114	0.0029263026308312973	0.009502089478224486
NZ_QYZP01000009.1	0.00046595149843964344	0.00029960379980267473	116.0	0.00029960379980267473	0.0	0.0006085825468684254	0.00041376317869300423	160.2	0.00034867683597725077	0.0002453651808728802
NZ_SUSS01000123.1	0.0004561756844944095	0.00029702100842506546	115.0	0.00029702100842506546	0.0	0.0007865915275053633	0.0008733428365316744	338.1391327626606	0.00011364282061480765	0.004969290610520226
NZ_CP032621.1	0.00042120649834345264	0.0004261605773055287	165.0	0.0004261605773055287	0.0	3.1831666032315184e-05	4.862274292976633e-05	18.825656362061068	2.3245122398483386e-05	0.00018079539643264854
NZ_CP033732.1	0.000408750396751674	0.00033576287908920445	130.0	0.00032801450495637663	7.748374132827794e-06	9.802298317029087e-05	8.423393596627754e-05	32.613526859551406	4.3907453419357505e-05	0.00020145772745352268
NZ_JADLRJ010000039.1	0.0003883092330151495	0.00032284892220115814	125.0	0.00032284892220115814	0.0	0.0003883092330151495	0.00032284892220115814	125.0	0.00032284892220115814	0.0
NZ_BHXD01000050.1	0.00037389894346555926	0.001120931457882421	434.0	0.001120931457882421	0.0	0.00037389894346555926	0.001120931457882421	434.0	0.001120931457882421	0.0
NZ_BMSH01000039.1	0.00037084014476378304	0.0011260970406376395	436.0	0.0011131830837495932	1.2913956888046325e-05	0.00014054032668180038	0.00027012205616103554	104.58531746031741	0.00016788143954460223	0.0003719219583757342
NZ_JACIDK010000019.1	0.00035167249496995096	0.0016581520644251481	642.0	0.0016219929851386185	3.615907928652971e-05	4.0791964012244864e-05	0.0003136973373976657	121.4567076989534	0.00010589444648197986	0.0006250355133814421
NZ_BMVC01000047.1	0.0003219603955522184	0.00018854377056547634	73.0	0.00018854377056547634	0.0	0.006104144678498238	0.0022778067624366106	881.916666666682	0.0013998729266642216	0.004065313628356983
NZ_JXXV01000071.1	0.00031660066116606206	0.000428743368683138	166.0	0.000428743368683138	0.0	0.00031660066116606206	0.000428743368683138	166.0	0.000428743368683138	0.0
NZ_WACO01000608.1	0.0002943109977714097	0.0003331800877115952	129.0	0.0003331800877115952	0.0	0.0002943109977714097	0.0003331800877115952	129.0	0.0003331800877115952	0.0
NZ_JADKPO010000071.1	0.000270301399366409	0.0001239739861252447	48.0	0.00012139119474763545	2.582791377609265e-06	0.0014134648623240135	0.000797937558026046	308.94386784140846	0.0	0.01015553569675963
NZ_BMIV01000076.1	0.00026621701048023513	0.0006715257581784089	260.0	0.0006715257581784089	0.0	0.03838006590206297	0.02601617056983839	10072.888888888889	0.04628878706951325	0.0006276183047590514
NZ_LT629803.1	0.00022592320196090275	0.00017304702229982075	67.0	0.00016013306541177443	1.2913956888046325e-05	3.051894856064307e-05	1.4680783535734518e-05	5.684076407798619	0.0	0.0006586118012903625
NZ_WACO01000384.1	0.00021296335352402626	0.00012913956888046326	50.0	0.00012913956888046326	0.0	0.00021296335352402626	0.00012913956888046326	50.0	0.00012913956888046326	0.0
NZ_WACO01000046.1	0.0002118610457027365	0.00041582941179509167	161.0	0.00041582941179509167	0.0	0.0002118610457027365	0.00041582941179509167	161.0	0.00041582941179509167	0.0
NZ_JADZ01000076.1	0.00020916106116737338	0.00010589444648197986	41.0	0.00010589444648197986	0.0	0.00014032368540724128	5.434186424344281e-05	21.0399743140477	4.3907453419357505e-05	3.615907928652971e-05
NZ_BMTE01000132.1	0.00020211897216192897	9.298048959393354e-05	36.0	9.298048959393354e-05	0.0	0.00020211897216192897	9.298048959393354e-05	36.0	9.298048959393354e-05	0.0
NZ_LR134512.1	0.0002006346890344348	0.00014463631714611884	56.0	0.00014463631714611884	0.0	0.0001229203809618605	6.214245358196612e-05	24.06019089295848	4.649024479696677e-05	9.298048959393354e-05
NZ_CP044483.1	0.00019319759405910016	0.00019370935332069488	75.0	0.00019370935332069488	0.0	2.5295910521436115e-05	1.9645934584471027e-05	7.606473660546323	7.748374132827794e-06	0.00012655677750285398
NZ_BBPI01000114.1	0.00018585371009019371	0.0003305972963339859	128.0	0.00032026613082354887	1.033116551043706e-05	3.402359213102605e-05	1.7235595355097453e-05	6.673243338395922	1.033116551043706e-05	0.00010072886372676134
NZ_RXOE01000007.1	0.00018388137777170899	0.0001704642309222115	66.0	0.0001704642309222115	0.0	3.206620010042128e-05	1.6804214000974524e-05	6.506221968469314	7.748374132827794e-06	7.490094995066868e-05
NZ_FNTZ01000001.1	0.00018090362263780064	0.00012913956888046326	50.0	0.00012913956888046326	0.0	3.7694822011937815e-05	2.8538718511665726e-05	11.049563955909713	2.582791377609265e-06	0.0003977498721518268
NZ_JRYB01000001.1	0.00017681996357348577	0.00021695447571917827	84.0	0.00021695447571917827	0.0	1.713348290687655e-05	1.9151477092550213e-05	7.415030597739406	5.16558275521853e-06	9.55632809715428e-05
NZ_JACBZL010000001.1	0.00016728802582962964	0.0002427823894952709	94.0	0.0002427823894952709	0.0	6.606217964000017e-05	0.00011880923551284209	46.00032218739118	9.298048959393354e-05	8.781490683871501e-05
NZ_SUSS01000092.1	0.00015714428690383618	0.0003435112532220322	133.0	0.0003435112532220322	0.0	0.00015714428690383618	0.0003435112532220322	133.0	0.0003435112532220322	0.0
NZ_SUSS01000094.1	0.0001522484112209927	6.198699306262235e-05	24.0	6.198699306262235e-05	0.0	0.0001522484112209927	6.198699306262235e-05	24.0	6.198699306262235e-05	0.0
NZ_JXXV01000070.1	0.00015139529126024986	0.00011622561199241693	45.0	0.00011622561199241693	0.0	0.00015139529126024986	0.00011622561199241693	45.0	0.00011622561199241693	0.0
NZ_QMIL01000028.1	0.00015087200577641743	8.781490683871501e-05	34.0	8.781490683871501e-05	0.0	0.00034462166145616174	0.0003809617281973664	147.49999999999994	0.00040291545490704536	0.00013688794301329105
NZ_SUSS01000110.1	0.00014912675900524542	0.0003254317135787674	126.0	0.0003254317135787674	0.0	0.00014912675900524542	0.0003254317135787674	126.0	0.0003254317135787674	0.0
NZ_SUSS01000207.1	0.00014737517591355997	0.00010072886372676134	39.0	0.00010072886372676134	0.0	0.00014737517591355997	0.00010072886372676134	39.0	0.00010072886372676134	0.0
NZ_SUSS01000130.1	0.00014537242413264074	0.0001782126050550393	69.0	0.0001782126050550393	0.0	0.00014537242413264074	0.0001782126050550393	69.0	0.0001782126050550393	0.0
NC_016631.1	0.0001447246806522912	0.0009091425649184612	352.0	0.0009091425649184612	0.0	6.791943985807746e-05	0.0004662066840717107	180.50497152551682	0.00028152426015940987	0.0004261605773055287
NZ_WACO01000193.1	0.00014325545386793486	0.0001472191085237281	57.0	0.0001472191085237281	0.0	0.00014325545386793486	0.0001472191085237281	57.0	0.0001472191085237281	0.0
NZ_WACO01000289.1	0.00014307973882237522	0.0001317223602580725	51.0	0.0001317223602580725	0.0	0.00014307973882237522	0.0001317223602580725	51.0	0.0001317223602580725	0.0
NC_007795.1	0.0001333085978586157	4.649024479696677e-05	18.0	4.649024479696677e-05	0.0	6.789629283328387e-05	3.397021492916459e-05	13.152519875844087	2.582791377609265e-05	0.00011364282061480765
NZ_JABULH010000022.1	0.0001331602851647636	0.00023245122398483386	90.0	0.00022470284985200606	7.748374132827794e-06	2.218080356151314e-05	3.166974056552598e-05	12.26182681267922	5.16558275521853e-06	0.0001549674826565559
NZ_LQQC01000012.1	0.00012991456873873662	5.16558275521853e-05	20.0	5.16558275521853e-05	0.0	5.327108393227874e-05	2.2539413884141537e-05	8.726765188834152	5.16558275521853e-06	4.649024479696677e-05
NZ_SUSS01000131.1	0.00012941467422196459	8.523211546110575e-05	33.0	8.523211546110575e-05	0.0	0.00012941467422196459	8.523211546110575e-05	33.0	8.523211546110575e-05	0.0
NZ_QMIL01000046.1	0.00012863237119080297	0.000653446218535144	253.0	0.000653446218535144	0.0	0.0019503995279144255	0.004808081382034402	1861.5833333333157	0.0026654407016927614	0.0035926628062544876
NZ_VSKS01000080.1	0.0001252044116606478	0.00022986843260722458	89.0	0.00022986843260722458	0.0	0.00010789818703032599	0.0001780834654861589	68.95000000000003	0.00015755027403416516	7.490094995066868e-05
NC_010172.1	0.0001246201068597114	0.00020920610158635047	81.0	0.00020920610158635047	0.0	2.4573030973566658e-05	4.250378902161339e-05	16.45653202581023	1.8079539643264856e-05	0.00012655677750285398
NZ_QOWJ01000045.1	0.00012300691121387423	7.748374132827796e-05	30.0	7.748374132827796e-05	0.0	0.006180394458952835	0.003411677800137258	1320.9265873015433	5.9404201685013094e-05	0.016981853307780917
NZ_CP039887.1	0.00012218492265873948	0.00018079539643264854	70.0	0.00018079539643264854	0.0	2.655025837374906e-05	1.8338855338400272e-05	7.10040133221114	5.16558275521853e-06	9.039769821632427e-05
NZ_WACO01000663.1	0.00011332298208671955	0.0001033116551043706	40.0	0.0001033116551043706	0.0	0.00011332298208671955	0.0001033116551043706	40.0	0.0001033116551043706	0.0
NC_007969.1	0.00011258323410011531	7.231815857305942e-05	28.0	7.231815857305942e-05	0.0	1.3904165853027141e-05	1.1977115193285963e-05	4.637275506306072	2.582791377609265e-06	6.456978444023163e-05
NZ_BNBB01000054.1	0.00011235806588794591	0.00023245122398483386	90.0	0.00023245122398483386	0.0	8.327063012452543e-05	0.0002456285845967078	95.10198412698414	0.00011880840337002619	0.00034867683597725077
NZ_NSDJ01000001.1	0.0001093525575053337	8.523211546110575e-05	33.0	8.523211546110575e-05	0.0	3.743145943561832e-05	1.4434995294073957e-05	5.588912607968966	7.748374132827794e-06	7.748374132827796e-05
NZ_QMIL01000034.1	9.969102914015419e-05	0.00036417358424290636	141.0	0.00036417358424290636	0.0	8.848578096973179e-05	0.0002470870417912863	95.66666666666666	0.00023245122398483386	0.00011364282061480765
NZ_CP007601.1	9.849612921361608e-05	5.682141030740383e-05	22.0	5.682141030740383e-05	0.0	6.795739278021496e-05	5.155559473432577e-05	19.961192058046784	2.3245122398483386e-05	0.0001317223602580725
NZ_SUSS01000134.1	9.812483873730923e-05	0.00022986843260722458	89.0	0.00022986843260722458	0.0	9.812483873730923e-05	0.00022986843260722458	89.0	0.00022986843260722458	0.0
NZ_JAADZV010000022.1	9.790913733687293e-05	0.0004803991962353233	186.0	0.0004803991962353233	0.0	1.3328628689012613e-05	4.013674286866704e-05	15.540063830404767	5.16558275521853e-06	0.00023761680674005238
NZ_AEKI01000019.1	9.625496292880684e-05	4.3907453419357505e-05	17.0	4.3907453419357505e-05	0.0	9.460866842466628e-05	4.3907453419357505e-05	17.0	4.132466204174824e-05	2.582791377609265e-06
NZ_LT629736.1	9.530379706820397e-05	0.00010072886372676134	39.0	0.00010072886372676134	0.0	9.091910708915279e-05	0.00015759801625948953	61.018484739316634	1.549674826565559e-05	0.0004803991962353233
NZ_SUSS01000161.1	9.520211373499675e-05	3.3576287908920444e-05	13.0	3.3576287908920444e-05	0.0	9.520211373499675e-05	3.3576287908920444e-05	13.0	3.3576287908920444e-05	0.0
NZ_QMIL01000050.1	9.457876879749873e-05	0.0002763586774041914	107.0	0.0002763586774041914	0.0	9.457876879749873e-05	0.0002763586774041914	107.0	0.0002763586774041914	0.0
NZ_CP046037.1	9.371557574100524e-05	6.456978444023163e-05	25.0	6.456978444023163e-05	0.0	6.870682682016591e-05	2.9001058360571393e-05	11.22857177392931	2.3245122398483386e-05	3.3576287908920444e-05
NZ_LR134484.1	9.371155218810057e-05	6.715257581784089e-05	26.0	6.715257581784089e-05	0.0	5.07772286806662e-05	3.9452138292981526e-05	15.275	3.3576287908920444e-05	1.8079539643264856e-05
NZ_UFXX01000001.1	9.187259766342133e-05	5.16558275521853e-05	20.0	5.16558275521853e-05	0.0	3.5800760484802474e-05	2.1336726547249874e-05	8.261111111111111	5.16558275521853e-06	3.874187066413898e-05
NZ_LT629770.1	8.937685517072264e-05	0.00013430515163568178	52.0	0.00013430515163568178	0.0	1.8361233507364766e-05	2.8816060897626636e-05	11.156944826221286	2.3245122398483386e-05	5.423861892979457e-05
NZ_VOIX01000008.1	8.863210835604694e-05	3.615907928652971e-05	14.0	3.615907928652971e-05	0.0	8.863201753683056e-05	3.3576287908920444e-05	13.0	3.3576287908920444e-05	0.0
NZ_QMIL01000049.1	8.72190759925489e-05	0.0006302010961366606	244.0	0.0006302010961366606	0.0	8.721907599254907e-05	0.0006444064487135116	249.5	0.0006586118012903625	0.0
NZ_JXLF01000033.1	8.692568071900222e-05	7.748374132827796e-05	30.0	7.748374132827796e-05	0.0	3.1213166225319656e-05	3.6768485880237775e-05	14.235948826138701	2.066233102087412e-05	3.874187066413898e-05
NC_015968.1	8.691637978670156e-05	7.748374132827796e-05	30.0	7.748374132827796e-05	0.0	8.409528500216269e-06	1.0864510688770733e-05	4.206499519456875	5.16558275521853e-06	0.0001033116551043706
NZ_SUSS01000105.1	8.650986174152003e-05	0.00011880840337002619	46.0	0.00011880840337002619	0.0	8.650986174152003e-05	0.00011880840337002619	46.0	0.00011880840337002619	0.0
NZ_VFPS01000001.1	8.472282079343617e-05	3.615907928652971e-05	14.0	3.615907928652971e-05	0.0	8.062551625671997e-05	2.6115776547318568e-05	10.111454132037709	2.582791377609265e-05	1.8079539643264856e-05
NZ_CP048832.1	8.421488484829093e-05	0.00011364282061480765	44.0	0.00011364282061480765	0.0	1.9161621123607806e-05	1.2963098910259922e-05	5.019026709876616	0.0	9.298048959393354e-05
NZ_RRUE01000010.1	8.418577680530054e-05	7.748374132827796e-05	30.0	7.748374132827796e-05	0.0	0.0018133133218730254	0.0009032209043474327	349.7072633034303	0.0002066233102087412	0.007637314103590596
NC_012803.1	8.417759055938666e-05	0.00012655677750285398	49.0	0.0001239739861252447	2.582791377609265e-06	0.00017436732462355675	0.00027686493590865655	107.19601215524182	0.0002350340153624431	0.00019629214469830413
NZ_CP029553.1	8.382294355019881e-05	0.00014980189990133736	58.0	0.0001472191085237281	2.582791377609265e-06	2.895428619472326e-05	8.82626261452965e-06	3.417334706568361	5.16558275521853e-06	3.874187066413898e-05
NZ_JAAXPF010000023.1	8.304810267966788e-05	0.00010072886372676134	39.0	0.00010072886372676134	0.0	3.086637109985793e-05	3.228287757845582e-05	12.499219975071368	2.582791377609265e-05	3.615907928652971e-05
NZ_CP065820.1	8.302410160648498e-05	8.781490683871501e-05	34.0	8.523211546110575e-05	2.582791377609265e-06	8.686963972127025e-06	7.525298467112838e-06	2.9136300098998142	0.0	0.00010847723785958913
NZ_SELD02000066.1	8.298972234078306e-05	5.682141030740383e-05	22.0	5.682141030740383e-05	0.0	1.5361010269076683e-05	1.0654014432638219e-05	4.125	2.582791377609265e-06	3.099349653131118e-05
NZ_WACO01000125.1	8.065060771575166e-05	0.00010072886372676134	39.0	0.00010072886372676134	0.0	0.0008907149451563616	0.000659552911811564	255.3643772893777	0.00023761680674005238	0.002172127548569392
NZ_KB906317.1	8.001727415414064e-05	4.132466204174824e-05	16.0	4.132466204174824e-05	0.0	2.4463360301217223e-05	1.57894379737021e-05	6.113323015782031	5.16558275521853e-06	3.874187066413898e-05
NZ_CP014025.1	7.932218436199306e-05	0.00010072886372676134	39.0	9.814607234915207e-05	2.582791377609265e-06	1.4388060722342189e-05	2.233055597318084e-05	8.645900000584211	5.16558275521853e-06	0.0003305972963339859
NZ_JADZ01000071.1	7.805448577971754e-05	5.682141030740383e-05	22.0	5.682141030740383e-05	0.0	5.663581334477006e-05	5.355548371714175e-05	20.73550507463551	5.16558275521853e-05	2.3245122398483386e-05
NZ_BMTE01000057.1	7.798634252993139e-05	3.3576287908920444e-05	13.0	3.3576287908920444e-05	0.0	6.659702870620899e-05	2.195372670967875e-05	8.499999999999998	1.8079539643264856e-05	1.549674826565559e-05
NZ_CP023643.1	7.621753847690841e-05	4.907303617457603e-05	19.0	4.907303617457603e-05	0.0	6.391043370082709e-05	3.119288779110103e-05	12.077199909182916	2.8410705153701913e-05	2.066233102087412e-05
NZ_AEKI01000017.1	7.591151043577167e-05	5.16558275521853e-05	20.0	5.16558275521853e-05	0.0	7.547456703607786e-05	5.16558275521853e-05	20.0	5.16558275521853e-05	0.0
NZ_QPLJ01000130.1	7.5579664844647e-05	4.3907453419357505e-05	17.0	4.3907453419357505e-05	0.0	7.5579664844647e-05	4.3907453419357505e-05	17.0	4.3907453419357505e-05	0.0
NZ_JADLRJ010000035.1	7.149876986030014e-05	0.0001782126050550393	69.0	0.0001782126050550393	0.0	7.366106402808554e-05	0.0001872523748766717	72.5	0.00019629214469830413	0.0
NZ_UIGE01000001.1	6.880125251876589e-05	0.0004261605773055287	165.0	0.0004003326635294361	2.582791377609265e-05	2.1381780996061697e-05	5.9391555551500976e-05	22.995103695319045	2.3245122398483386e-05	0.0002427823894952709
NZ_CP017420.1	6.879481810755446e-05	6.456978444023163e-05	25.0	6.456978444023163e-05	0.0	3.151728706600682e-05	1.7612179133022184e-05	6.819048292365263	1.549674826565559e-05	4.132466204174824e-05
NZ_BMSH01000105.1	6.808472861874053e-05	4.3907453419357505e-05	17.0	4.3907453419357505e-05	0.0	0.0003472814062127352	0.0002414909938064659	93.49999999999986	0.00010589444648197986	0.00043132616006074726
NZ_BMRF01000060.1	6.730812928099013e-05	0.000214371684341569	83.0	0.000214371684341569	0.0	0.00011420961625774595	0.0003214335115295395	124.45198412698404	0.00021178889296395972	0.000390001498018999
NZ_QGNX01000109.1	6.588847051948671e-05	0.00024019959811766165	93.0	0.00024019959811766165	0.0	6.65789871735763e-05	0.0002754977469449881	106.6666666666666	0.0002608619291385358	4.132466204174824e-05
NZ_CP022048.2	6.468667465562478e-05	0.0003151005480683303	122.0	0.0002789414687818006	3.615907928652971e-05	1.722954529749722e-05	3.386209100337325e-05	13.110656670504047	0.0	0.0002711930946489728
NZ_CP027850.1	6.383186188351888e-05	0.0004519884910816214	175.0	0.0004494056997040121	2.582791377609265e-06	4.701215762614477e-05	0.00010464136380521374	40.514833955375046	7.748374132827794e-06	0.000643115053024707
NZ_PJRN01000037.1	6.204034936680726e-05	0.00019629214469830413	76.0	0.00019629214469830413	0.0	2.1573330321487084e-05	4.1470016766217085e-05	16.056278151510398	2.582791377609265e-06	0.0002195372670967875
NZ_NQBD01000088.1	5.96306759632418e-05	1.549674826565559e-05	6.0	1.549674826565559e-05	0.0	6.201495513144403e-05	1.549674826565559e-05	6.0	1.549674826565559e-05	0.0
NZ_LKDJ02000001.1	5.9626855168067444e-05	2.066233102087412e-05	8.0	2.066233102087412e-05	0.0	6.107810828535952e-05	2.1685085291932896e-05	8.395987953159995	2.066233102087412e-05	3.3576287908920444e-05
NZ_JABEVZ010000031.1	5.859642091204721e-05	8.264932408349648e-05	32.0	6.456978444023163e-05	1.8079539643264856e-05	2.4757493908229704e-05	2.6318616430234298e-05	10.189989272225255	5.16558275521853e-06	0.00011364282061480765
NZ_JADILU010000019.1	5.747169034601681e-05	3.874187066413898e-05	15.0	3.874187066413898e-05	0.0	0.007844666234503353	0.004417864651400621	1710.4999999999895	0.004478560248774466	0.004858230581283028
NZ_AP022642.1	5.673381884969241e-05	8.006653270588722e-05	31.0	8.006653270588722e-05	0.0	5.308855458170767e-05	3.909113378045754e-05	15.13522699484999	3.099349653131118e-05	0.00012139119474763545
NZ_CP014234.1	5.602434467973345e-05	9.298048959393354e-05	36.0	9.039769821632427e-05	2.582791377609265e-06	4.429254705247912e-05	6.041682962874816e-05	23.392067261999454	5.16558275521853e-05	4.132466204174824e-05
NZ_HG916826.1	5.329093871243726e-05	6.456978444023163e-05	25.0	6.456978444023163e-05	0.0	9.585730339447533e-06	1.3359911906051007e-05	5.172663971961017	2.582791377609265e-06	0.0001704642309222115
NZ_PPCX01000007.1	5.150384236504495e-05	3.874187066413898e-05	15.0	3.874187066413898e-05	0.0	6.826182214890411e-06	7.432699631119996e-06	2.8777777777777778	0.0	3.615907928652971e-05
NZ_LS483377.1	5.121601785533394e-05	7.490094995066868e-05	29.0	7.231815857305942e-05	2.582791377609265e-06	2.4143535813471417e-05	5.064745820154131e-05	19.60958157155636	4.907303617457603e-05	1.8079539643264856e-05
NZ_AEKI01000004.1	4.996170833578514e-05	5.16558275521853e-05	20.0	5.16558275521853e-05	0.0	4.988529818979162e-05	3.9110840860940294e-05	15.142857142857142	3.874187066413898e-05	2.582791377609265e-06
NZ_JVGP01000023.1	4.974486061859788e-05	2.582791377609265e-05	10.0	2.582791377609265e-05	0.0	1.8096442340798333e-05	9.104687697626026e-06	3.5251347733914495	2.582791377609265e-06	7.490094995066868e-05
NZ_JAAXCY010000005.1	4.968887748327908e-05	1.2913956888046325e-05	5.0	1.2913956888046325e-05	0.0	4.886957087478865e-05	1.2913956888046325e-05	5.0	1.2913956888046325e-05	0.0
NZ_CP046672.1	4.936275694453225e-05	5.682141030740383e-05	22.0	5.682141030740383e-05	0.0	2.518637256091862e-05	1.7683009075329565e-05	6.846472087767951	1.549674826565559e-05	7.490094995066868e-05
NZ_BMTE01000135.1	4.862532409503803e-05	2.066233102087412e-05	8.0	2.066233102087412e-05	0.0	0.0007131585406891957	0.00042019350928947905	162.6896825396819	2.066233102087412e-05	0.002662857910315152
NZ_WACO01000412.1	4.861441971549882e-05	0.00010589444648197986	41.0	0.00010589444648197986	0.0	4.861441971549882e-05	0.00010589444648197986	41.0	0.00010589444648197986	0.0
NZ_KB849705.1	4.799440125595698e-05	0.00017304702229982075	67.0	0.0001704642309222115	2.582791377609265e-06	9.694727150229734e-06	7.455199848312703e-05	28.864893668700155	6.456978444023163e-05	0.00016788143954460223
NZ_SUSS01000193.1	4.792117644103937e-05	9.814607234915207e-05	38.0	9.814607234915207e-05	0.0	4.792117644103937e-05	9.814607234915207e-05	38.0	9.814607234915207e-05	0.0
NZ_BMRF01000091.1	4.713632070068589e-05	0.00011622561199241693	45.0	0.00011622561199241693	0.0	4.188314847284498e-05	9.986793326755824e-05	38.666666666666664	0.0001033116551043706	5.16558275521853e-06
NZ_WACO01000195.1	4.6346939792541944e-05	8.006653270588722e-05	31.0	8.006653270588722e-05	0.0	4.6346939792541944e-05	8.006653270588722e-05	31.0	8.006653270588722e-05	0.0
NZ_SUSS01000147.1	4.594360585692329e-05	6.198699306262235e-05	24.0	6.198699306262235e-05	0.0	4.594360585692329e-05	6.198699306262235e-05	24.0	6.198699306262235e-05	0.0
NZ_CABKQE010000002.1	4.484855294416812e-05	7.231815857305942e-05	28.0	7.231815857305942e-05	0.0	3.995303439233268e-05	5.467900722150705e-05	21.170508658008657	5.423861892979457e-05	7.748374132827794e-06
NZ_VHKO01000098.1	4.431398541360766e-05	2.8410705153701913e-05	11.0	2.8410705153701913e-05	0.0	1.0288679084535693e-05	1.2485537347604667e-05	4.83412537917088	7.748374132827794e-06	2.066233102087412e-05
NZ_BMRF01000285.1	4.4035739256371505e-05	5.16558275521853e-05	20.0	5.16558275521853e-05	0.0	4.4035739256371505e-05	5.16558275521853e-05	20.0	5.16558275521853e-05	0.0
NZ_VNGZ01000001.1	4.383679227936588e-05	1.549674826565559e-05	6.0	1.549674826565559e-05	0.0	4.383679673975283e-05	1.5631146579201427e-05	6.05203607024205	1.549674826565559e-05	7.748374132827794e-06
NZ_CDSE01000078.1	4.375586298295847e-05	0.0002066233102087412	80.0	0.0002066233102087412	0.0	4.375587362435424e-05	0.0002221200584743968	86.0	0.0002272856412296153	0.0
NZ_AYZA01000005.1	4.2871082494268344e-05	0.0001239739861252447	48.0	0.0001239739861252447	0.0	3.792205491343312e-05	0.0001090798891810313	42.233333333333334	0.00010072886372676134	1.8079539643264856e-05
NZ_BMWA01000068.1	4.2696483861941764e-05	1.033116551043706e-05	4.0	1.033116551043706e-05	0.0	1.0176846817632914e-05	2.1922858668122787e-06	0.8488048573406445	0.0	5.16558275521853e-05
NZ_RCNS01000007.1	4.250371842326091e-05	0.00010847723785958913	42.0	0.00010847723785958913	0.0	4.3031954012048717e-05	0.00016956025394004827	65.65	0.0001110600292371984	0.00012139119474763545
NZ_SMZO01000103.1	4.23254701805068e-05	2.066233102087412e-05	8.0	4.132466204174824e-05	0.0	3.3667335586370686e-06	3.839945514059229e-06	1.486742424242424	0.0	2.066233102087412e-05
NZ_MSIF01000054.1	4.23254701805068e-05	2.066233102087412e-05	8.0	4.132466204174824e-05	0.0	3.3667335586370686e-06	3.839945514059229e-06	1.486742424242424	0.0	2.066233102087412e-05
NZ_ACVO01000020.1	4.042909202033412e-05	3.615907928652971e-05	14.0	3.615907928652971e-05	0.0	8.046382887685513e-06	2.5895173968217895e-05	10.026041666666668	1.8079539643264856e-05	2.066233102087412e-05
NZ_NOIT01000036.1	4.0153226556761293e-05	3.099349653131118e-05	12.0	3.099349653131118e-05	0.0	1.9230249517146843e-05	2.0194968771592447e-05	7.819047619047621	1.2913956888046325e-05	1.8079539643264856e-05
NC_012590.1	3.989937973832707e-05	1.8079539643264856e-05	7.0	1.549674826565559e-05	2.582791377609265e-06	2.5903662513667915e-05	1.1103760314895671e-05	4.299131711200676	7.748374132827794e-06	2.582791377609265e-05
NC_022369.1	3.9720824428135276e-05	4.132466204174824e-05	16.0	3.874187066413898e-05	2.582791377609265e-06	2.8982716357207516e-05	1.1393161800368336e-05	4.411181599543012	7.748374132827794e-06	2.3245122398483386e-05
NZ_FMBB01000005.1	3.9700527103875456e-05	1.033116551043706e-05	4.0	1.033116551043706e-05	0.0	3.8977573604745993e-05	1.033116551043706e-05	4.0	1.033116551043706e-05	0.0
NZ_JAAQYZ010000014.1	3.887208432799197e-05	2.582791377609265e-05	10.0	2.582791377609265e-05	0.0	2.3687897924687304e-05	1.3650925958769893e-05	5.28533821086461	0.0	0.0001394707343909003
NC_014212.1	3.718079820473409e-05	0.00011622561199241693	45.0	0.00011622561199241693	0.0	3.7180798206165586e-05	0.0001033116551043706	40.0	0.0001033116551043706	0.0
NZ_GG666997.1	3.61362845999509e-05	2.066233102087412e-05	8.0	2.066233102087412e-05	0.0	4.1984675355417725e-05	2.6605633166617956e-05	10.301115838184806	1.549674826565559e-05	3.615907928652971e-05
NZ_CP035288.1	3.5890994659003094e-05	2.8410705153701913e-05	11.0	2.8410705153701913e-05	0.0	6.037397281139783e-05	5.180475931629732e-05	20.057663102565364	2.8410705153701913e-05	0.0001782126050550393
NZ_BMOE01000030.1	3.5713047241290613e-05	2.1953726709678753e-05	8.5	4.3907453419357505e-05	0.0	1.8811567218908873e-05	1.4635817806452505e-05	5.666666666666668	7.748374132827794e-06	3.3576287908920444e-05
NZ_BMDT01000023.1	3.5713047241290613e-05	2.1953726709678753e-05	8.5	4.3907453419357505e-05	0.0	1.8811567218908873e-05	1.4635817806452505e-05	5.666666666666668	7.748374132827794e-06	3.3576287908920444e-05
NZ_FPCH01000001.1	3.566582422811804e-05	0.0002221200584743968	86.0	0.0002221200584743968	0.0	1.1927978298055219e-05	5.7357535184271194e-05	22.207575757575754	0.0	0.0001627158567893837
NZ_JACHBX010000014.1	3.5000966747142175e-05	2.582791377609265e-05	10.0	2.582791377609265e-05	0.0	3.6375487213011014e-05	2.8410705153701913e-05	11.0	2.8410705153701913e-05	0.0
NZ_VDDC01000074.1	3.410000482058344e-05	2.582791377609265e-05	10.0	2.582791377609265e-05	0.0	7.3813392295789104e-06	2.5123516127653757e-06	0.9727272727272727	0.0	1.2913956888046325e-05
NZ_AEKI01000022.1	3.390799618561924e-05	2.066233102087412e-05	8.0	2.066233102087412e-05	0.0	3.390799618561924e-05	2.066233102087412e-05	8.0	2.066233102087412e-05	0.0
NZ_MBTW01000012.1	3.37798649101192e-05	1.2913956888046325e-05	5.0	1.2913956888046325e-05	0.0	2.105912633483505e-05	7.807692430461395e-06	3.022966739841182	5.16558275521853e-06	4.649024479696677e-05
NZ_ML133873.1	3.2993361705897304e-05	9.039769821632427e-05	35.0	9.039769821632427e-05	0.0	8.05480984227221e-06	4.80465943593139e-05	18.60258431085044	3.3576287908920444e-05	5.16558275521853e-05
NZ_PZZN01000005.1	3.299029728358421e-05	7.231815857305942e-05	28.0	5.9404201685013094e-05	1.2913956888046325e-05	2.563398100813532e-05	8.406948023489491e-06	3.2549853218386144	5.16558275521853e-06	5.9404201685013094e-05
NZ_QMIL01000018.1	3.283329987596644e-05	0.00032284892220115814	125.0	0.00032284892220115814	0.0	0.002166367035754105	0.002879338874281881	1114.8166666667103	0.0019448419073397766	0.008159037961867668
NZ_BMCE01000013.1	3.2505641076131404e-05	0.0020094116917800083	778.0	0.0020094116917800083	0.0	4.076801978068838e-06	0.00043670625105753563	169.08305287195452	0.00028152426015940987	0.0005113926927666345
NZ_RAIJ01000006.1	3.242145024493188e-05	1.033116551043706e-05	4.0	1.033116551043706e-05	0.0	4.993878019074276e-06	2.87570851472852e-06	1.113411071315559	0.0	3.874187066413898e-05
NZ_WIPK01000170.1	3.19931783592695e-05	1.2913956888046325e-05	5.0	1.2913956888046325e-05	0.0	4.116979099536394e-05	2.561268116129188e-05	9.916666666666668	1.2913956888046325e-05	2.3245122398483386e-05
NZ_UGZE01000001.1	3.115074320774117e-05	1.033116551043706e-05	4.0	1.033116551043706e-05	0.0	8.036264095226528e-06	6.300559560048449e-06	2.4394380493404384	0.0	5.9404201685013094e-05
NZ_JAAXCY010000009.1	3.067577313587302e-05	1.033116551043706e-05	4.0	1.033116551043706e-05	0.0	3.06752382829756e-05	1.033116551043706e-05	4.0	1.033116551043706e-05	0.0
NZ_BMRF01000162.1	3.034481770504882e-05	1.2913956888046325e-05	5.0	1.2913956888046325e-05	0.0	3.034481770504882e-05	1.2913956888046325e-05	5.0	1.2913956888046325e-05	0.0
NZ_FNJE01000003.1	3.0200674430427313e-05	5.16558275521853e-05	20.0	5.16558275521853e-05	0.0	1.0459120344486947e-05	8.502337214788614e-06	3.291917918147426	0.0	3.3576287908920444e-05
NZ_PJBV01000026.1	2.9979025843646432e-05	2.3245122398483386e-05	9.0	2.3245122398483386e-05	0.0	1.670786149189269e-05	7.966575473349955e-06	3.0844827586206893	7.748374132827794e-06	5.16558275521853e-06
NZ_SUSS01000083.1	2.9943705101538616e-05	2.066233102087412e-05	8.0	2.066233102087412e-05	0.0	2.9943705101538616e-05	2.066233102087412e-05	8.0	2.066233102087412e-05	0.0
NZ_BAFB01000010.1	2.990666767859277e-05	1.549674826565559e-05	6.0	1.549674826565559e-05	0.0	4.274248930745145e-06	2.341444433811139e-06	0.9065557729941291	0.0	1.2913956888046325e-05
NZ_WACO01000553.1	2.982408695605595e-05	3.3576287908920444e-05	13.0	3.3576287908920444e-05	0.0	2.982408695605595e-05	3.3576287908920444e-05	13.0	3.3576287908920444e-05	0.0
NZ_SUSS01000196.1	2.9816030942100106e-05	0.00013430515163568178	52.0	0.00013430515163568178	0.0	2.9816030942100106e-05	0.00013430515163568178	52.0	0.00013430515163568178	0.0
NZ_CP028251.1	2.9813427690350672e-05	1.549674826565559e-05	6.0	1.549674826565559e-05	0.0	6.292663278616867e-06	3.903207194252204e-06	1.5112359550561798	0.0	1.033116551043706e-05
NZ_JADLRJ010000052.1	2.9473830480489673e-05	5.423861892979457e-05	21.0	5.423861892979457e-05	0.0	2.9473830480489673e-05	5.423861892979457e-05	21.0	5.423861892979457e-05	0.0
NZ_CP016604.1	2.945678007862501e-05	3.615907928652971e-05	14.0	3.615907928652971e-05	0.0	3.446669303480615e-06	1.7063754600313561e-06	0.6606710378640204	0.0	2.8410705153701913e-05
NZ_CP013290.1	2.9439719847532684e-05	6.456978444023163e-05	25.0	6.456978444023163e-05	0.0	1.3485186209459235e-05	3.214459393137944e-05	12.44567958916363	3.099349653131118e-05	1.549674826565559e-05
NZ_SUSS01000104.1	2.8881298837462222e-05	1.8079539643264856e-05	7.0	1.8079539643264856e-05	0.0	2.8881298837462222e-05	1.8079539643264856e-05	7.0	1.8079539643264856e-05	0.0
NZ_QEOP01000007.1	2.8634715960002036e-05	1.549674826565559e-05	6.0	1.033116551043706e-05	5.16558275521853e-06	3.6553643711404645e-06	8.145122445650851e-07	0.3153612218262205	0.0	1.2913956888046325e-05
NZ_SUSS01000128.1	2.7850602401257165e-05	0.0001033116551043706	40.0	0.0001033116551043706	0.0	2.7850602401257165e-05	0.0001033116551043706	40.0	0.0001033116551043706	0.0
NZ_RXLO01000027.1	2.742947464487267e-05	7.748374132827794e-06	3.0	7.748374132827794e-06	0.0	3.0621937274379376e-05	1.395375110477685e-05	5.4025854452452915	1.033116551043706e-05	2.066233102087412e-05
NZ_FNTR01000004.1	2.7367746180761833e-05	1.549674826565559e-05	6.0	1.549674826565559e-05	0.0	5.225052748963145e-05	2.1727772516718513e-05	8.41251550747804	0.0	0.0006172871392486144
NZ_CP016022.1	2.6864795038918786e-05	7.490094995066868e-05	29.0	7.231815857305942e-05	2.582791377609265e-06	2.5418502852020514e-05	3.0210504430372293e-05	11.696842684342684	2.582791377609265e-05	2.3245122398483386e-05
NZ_QMED01000074.1	2.6775052083433737e-05	3.874187066413898e-05	15.0	3.874187066413898e-05	0.0	0.0018392509867053578	0.0010389192395712044	402.2466733386998	3.874187066413898e-05	0.009985071465837419
NZ_BMSD01000324.1	2.651141364783865e-05	2.8410705153701913e-05	11.0	2.8410705153701913e-05	0.0	2.651141364783865e-05	2.8410705153701913e-05	11.0	2.8410705153701913e-05	0.0
NZ_CP034161.1	2.6096674236018927e-05	2.3245122398483386e-05	9.0	2.3245122398483386e-05	0.0	4.070819118729365e-06	5.467488093185411e-06	2.116891104943341	0.0	2.066233102087412e-05
NZ_CP045845.1	2.5937255010027447e-05	1.549674826565559e-05	6.0	1.549674826565559e-05	0.0	4.313843817759016e-06	3.049546497617357e-06	1.180717313854493	0.0	9.55632809715428e-05
NZ_QXTG01000005.1	2.5692206026889e-05	2.582791377609265e-05	10.0	2.582791377609265e-05	0.0	1.5309074418748377e-05	1.409238988390421e-05	5.456263330470264	2.582791377609265e-06	2.582791377609265e-05
NZ_CP054626.1	2.557875360466723e-05	1.8079539643264856e-05	7.0	1.8079539643264856e-05	0.0	3.6540703293671915e-06	3.386769050753058e-06	1.3112824675324675	0.0	2.3245122398483386e-05
NZ_LQQO01000036.1	2.483688873023321e-05	6.715257581784089e-05	26.0	5.9404201685013094e-05	7.748374132827794e-06	2.265307672832221e-05	1.4545966609512632e-05	5.631878259937881	7.748374132827794e-06	0.00011880840337002619
NZ_BMTE01000074.1	2.430552758961885e-05	3.615907928652971e-05	14.0	3.615907928652971e-05	0.0	9.205262276488558e-06	1.549674826565559e-05	6.0	1.8079539643264856e-05	1.2913956888046325e-05
NZ_BMSD01000298.1	2.387272657568734e-05	7.748374132827794e-06	3.0	7.748374132827794e-06	0.0	2.387272657568734e-05	7.748374132827794e-06	3.0	7.748374132827794e-06	0.0
NZ_AQWR01000035.1	2.3872721665524202e-05	7.748374132827794e-06	3.0	7.748374132827794e-06	0.0	2.3869641385046753e-05	7.748374132827794e-06	3.0	7.748374132827794e-06	0.0
NZ_UFTA01000002.1	2.3832306316552776e-05	4.907303617457603e-05	19.0	4.907303617457603e-05	0.0	2.3303599502399208e-05	2.6258379005694198e-05	10.166666666666668	2.582791377609265e-05	2.582791377609265e-06
NZ_BMRF01000062.1	2.376234851518999e-05	2.066233102087412e-05	8.0	2.066233102087412e-05	0.0	1.518375633141453e-05	1.764907441366331e-05	6.833333333333333	1.8079539643264856e-05	2.582791377609265e-06
NZ_BMSD01000268.1	2.365746174393628e-05	1.8079539643264856e-05	7.0	1.8079539643264856e-05	0.0	2.365746174393628e-05	1.8079539643264856e-05	7.0	1.8079539643264856e-05	0.0
NZ_PKKP01000008.1	2.363901875904414e-05	1.2913956888046325e-05	5.0	1.2913956888046325e-05	0.0	6.399880795154465e-06	1.2913956888046324e-06	0.5	0.0	2.582791377609265e-06
NZ_VOIX01000011.1	2.2828430891438238e-05	1.2913956888046325e-05	5.0	1.2913956888046325e-05	0.0	2.282839604147135e-05	1.2913956888046325e-05	5.0	1.2913956888046325e-05	0.0
NZ_LZDS01000027.1	2.282843056607352e-05	1.2913956888046325e-05	5.0	1.2913956888046325e-05	0.0	1.0941355617377167e-05	1.2913956888046325e-05	5.0	0.0	1.2913956888046325e-05
NZ_WACO01000681.1	2.2637670916323925e-05	7.231815857305942e-05	28.0	7.231815857305942e-05	0.0	2.3667473282670872e-05	7.296385641746174e-05	28.25	7.231815857305942e-05	2.582791377609265e-06
NZ_SUSS01000069.1	2.2565935284366503e-05	0.003101932444508727	1201.0	0.003101932444508727	0.0	2.579870168338442e-05	0.0033718341434688954	1305.5	0.003460940445996415	2.582791377609265e-06
NZ_JADLRJ010000041.1	2.2272439414384575e-05	8.781490683871501e-05	34.0	8.781490683871501e-05	0.0	2.2272439414384575e-05	8.781490683871501e-05	34.0	8.781490683871501e-05	0.0
NC_014370.1	2.1917555128914422e-05	6.198699306262235e-05	24.0	6.198699306262235e-05	0.0	8.31112877650739e-06	2.8564442735702462e-05	11.059523809523808	2.3245122398483386e-05	1.549674826565559e-05
NZ_BMSH01000177.1	2.165463406035912e-05	1.033116551043706e-05	4.0	1.033116551043706e-05	0.0	0.0010035210636053819	0.0005332172799074353	206.450000000001	0.00011364282061480765	0.0013223891853359436
NZ_BMSD01000155.1	2.1617003070540577e-05	7.748374132827794e-06	3.0	7.748374132827794e-06	0.0	2.1617003070540577e-05	7.748374132827794e-06	3.0	7.748374132827794e-06	0.0
NZ_ML133858.1	2.1378610263808882e-05	7.748374132827794e-06	3.0	7.748374132827794e-06	0.0	2.1378610235902738e-05	7.748374132827794e-06	3.0	7.748374132827794e-06	0.0
NZ_BMSC01000076.1	2.131120083660905e-05	1.8079539643264856e-05	7.0	1.8079539643264856e-05	0.0	2.3172376971529318e-05	3.360396067368054e-05	13.010714285714284	1.8079539643264856e-05	3.3576287908920444e-05
NZ_CP033231.1	2.1282983393276194e-05	3.3576287908920444e-05	13.0	3.3576287908920444e-05	0.0	9.095475854079895e-06	9.241174506565904e-06	3.5779794631031736	5.16558275521853e-06	4.649024479696677e-05
NZ_BJCL01000019.1	2.1164227331372506e-05	4.132466204174824e-05	16.0	3.874187066413898e-05	2.582791377609265e-06	5.167824945769633e-06	5.696574621810166e-06	2.2055883689232165	2.582791377609265e-06	1.549674826565559e-05
NZ_BMWF01000062.1	2.091030813911637e-05	5.682141030740383e-05	22.0	5.682141030740383e-05	0.0	3.321324102434453e-05	8.045907599859527e-05	31.15198412698412	4.3907453419357505e-05	0.00013688794301329105
NZ_NSGN01000016.1	2.0903688249540624e-05	1.2913956888046325e-05	5.0	1.2913956888046325e-05	0.0	1.1425277552175606e-05	7.095664185137852e-06	2.747285067873303	5.16558275521853e-06	1.8079539643264856e-05
NZ_CDSE01000102.1	2.048087288647549e-05	9.039769821632427e-05	35.0	9.039769821632427e-05	0.0	2.048087288647549e-05	9.039769821632427e-05	35.0	9.039769821632427e-05	0.0
NZ_JXXV01000069.1	2.0414602811934648e-05	4.132466204174824e-05	16.0	4.132466204174824e-05	0.0	2.0414602811934648e-05	4.132466204174824e-05	16.0	4.132466204174824e-05	0.0
NZ_AZUT01000001.1	2.0360338848296835e-05	1.2913956888046325e-05	5.0	1.2913956888046325e-05	0.0	2.036033849331528e-05	1.2913956888046325e-05	5.0	1.2913956888046325e-05	0.0
NZ_CP048632.1	2.033838091161747e-05	5.682141030740383e-05	22.0	5.423861892979457e-05	2.582791377609265e-06	6.60570602845199e-06	3.2531321584510855e-06	1.2595412028447743	2.582791377609265e-06	2.066233102087412e-05
NZ_SUSS01000112.1	2.0236552159111437e-05	2.8410705153701913e-05	11.0	2.8410705153701913e-05	0.0	2.0236552159111437e-05	2.8410705153701913e-05	11.0	2.8410705153701913e-05	0.0
NZ_SUSS01000113.1	2.02205390487335e-05	1.033116551043706e-05	4.0	1.033116551043706e-05	0.0	2.02205390487335e-05	1.033116551043706e-05	4.0	1.033116551043706e-05	0.0
NC_012704.1	2.002119572697758e-05	1.8079539643264856e-05	7.0	1.8079539643264856e-05	0.0	2.080637610070603e-05	7.748374132827794e-06	3.0	7.748374132827794e-06	0.0
NZ_CP022379.1	1.990999718130647e-05	2.582791377609265e-05	10.0	2.582791377609265e-05	0.0	1.9909466676797072e-05	1.0362662966261562e-05	4.012195121951219	1.033116551043706e-05	2.582791377609265e-06
NZ_QMED01000071.1	1.9891515925756357e-05	5.16558275521853e-06	2.0	5.16558275521853e-06	0.0	0.0020544613299144187	0.0010158232964604579	393.30443227696713	2.8410705153701913e-05	0.008915795835507183
NZ_AP022606.1	1.989004301584094e-05	2.3245122398483386e-05	9.0	2.3245122398483386e-05	0.0	2.0536376593490123e-06	7.606777643654184e-07	0.29451769545147394	0.0	2.066233102087412e-05
NZ_BMTN01000049.1	1.988225569185793e-05	0.0001110600292371984	43.0	0.0001110600292371984	0.0	5.936397178654764e-05	0.00020192201495116438	78.17976190476192	0.00012655677750285398	0.0002479479722504894
NZ_ACIS01000017.1	1.9881382877511754e-05	7.748374132827794e-06	3.0	7.748374132827794e-06	0.0	3.4819268712662456e-06	1.2913956888046324e-06	0.5	0.0	5.16558275521853e-06
NZ_WACO01000292.1	1.9876713580407312e-05	5.423861892979457e-05	21.0	5.423861892979457e-05	0.0	1.9876713580407312e-05	5.423861892979457e-05	21.0	5.423861892979457e-05	0.0
NZ_JYLD01000002.1	1.9875639156803258e-05	1.033116551043706e-05	4.0	1.033116551043706e-05	0.0	1.987563915687703e-05	1.037216219897054e-05	4.015873015873016	1.033116551043706e-05	2.582791377609265e-06
NZ_VOIX01000001.1	1.987563748085428e-05	5.16558275521853e-06	2.0	5.16558275521853e-06	0.0	1.9875344143345195e-05	5.16558275521853e-06	2.0	5.16558275521853e-06	0.0
NZ_MIPP01000035.1	1.9875618389355814e-05	5.16558275521853e-06	2.0	5.16558275521853e-06	0.0	1.9875618389355814e-05	5.16558275521853e-06	2.0	5.16558275521853e-06	0.0
NZ_LDJG01000017.1	1.9875618389355814e-05	5.16558275521853e-06	2.0	1.033116551043706e-05	0.0	1.981587965621092e-05	5.16558275521853e-06	2.0	0.0	1.033116551043706e-05
NZ_JABMCG010000035.1	1.9875618389355814e-05	7.748374132827794e-06	3.0	7.748374132827794e-06	0.0	1.9875618389355814e-05	7.748374132827794e-06	3.0	7.748374132827794e-06	0.0
NZ_GG698760.1	1.9875618389355814e-05	5.16558275521853e-06	2.0	5.16558275521853e-06	0.0	1.9874555149297134e-05	5.16558275521853e-06	2.0	5.16558275521853e-06	0.0
NZ_BCTI01000052.1	1.9875618389355814e-05	5.16558275521853e-06	2.0	1.033116551043706e-05	0.0	1.981587965621092e-05	5.16558275521853e-06	2.0	0.0	1.033116551043706e-05
NZ_BBPI01000059.1	1.9875618389355814e-05	5.16558275521853e-06	2.0	5.16558275521853e-06	0.0	1.987561838580096e-05	5.16558275521853e-06	2.0	5.16558275521853e-06	0.0
NZ_VHKO01000113.1	1.9872901760320236e-05	7.748374132827794e-06	3.0	7.748374132827794e-06	0.0	1.0681336442341851e-05	5.273199062618917e-06	2.041666666666667	5.16558275521853e-06	2.582791377609265e-06
NZ_JMIR01000092.1	1.9779363372616266e-05	1.033116551043706e-05	4.0	1.033116551043706e-05	0.0	2.2352830768143452e-05	1.3606854439753002e-05	5.268274688274688	0.0	5.16558275521853e-05
NZ_BMSD01000246.1	1.969707567224564e-05	1.2913956888046325e-05	5.0	1.2913956888046325e-05	0.0	1.969707567224564e-05	1.2913956888046325e-05	5.0	1.2913956888046325e-05	0.0
NZ_LMAU01000005.1	1.9273599667953396e-05	3.3576287908920444e-05	13.0	2.8410705153701913e-05	5.16558275521853e-06	5.344743353489287e-06	2.8668045702695006e-06	1.1099636599078047	0.0	2.3245122398483386e-05
NZ_JIAH01000003.1	1.906906726177545e-05	5.16558275521853e-06	2.0	5.16558275521853e-06	0.0	1.7960324129731428e-05	6.4569784440231625e-06	2.5	5.16558275521853e-06	2.582791377609265e-06
NZ_VOIX01000003.1	1.826274278150811e-05	2.3245122398483386e-05	9.0	2.3245122398483386e-05	0.0	1.765305028596388e-05	1.033116551043706e-05	4.0	1.033116551043706e-05	0.0
NZ_PZPL01000001.1	1.7901658712416786e-05	1.033116551043706e-05	4.0	1.033116551043706e-05	0.0	5.767490116077799e-06	2.0954630650993534e-06	0.8113171986190375	0.0	1.549674826565559e-05
NZ_JPSY01000006.1	1.7877106216446654e-05	1.033116551043706e-05	4.0	1.033116551043706e-05	0.0	6.0126760288226925e-06	5.7472703171954865e-06	2.225216626871114	0.0	2.8410705153701913e-05
NZ_QPMH01000058.1	1.7582792807066143e-05	2.582791377609265e-05	10.0	2.582791377609265e-05	0.0	0.008830593193647839	0.00572024437798054	2214.7527777777495	0.0007205987943529849	0.02438929897876429
NZ_BMSD01000117.1	1.743067854407739e-05	1.2913956888046325e-05	5.0	1.2913956888046325e-05	0.0	1.7435894539378797e-05	1.2913956888046325e-05	5.0	1.2913956888046325e-05	0.0
NZ_BMRF01000263.1	1.6637237566169492e-05	1.033116551043706e-05	4.0	1.033116551043706e-05	0.0	1.6637237566169492e-05	1.033116551043706e-05	4.0	1.033116551043706e-05	0.0
NZ_BMSD01000219.1	1.5915151050458226e-05	5.16558275521853e-06	2.0	5.16558275521853e-06	0.0	1.5915151050458226e-05	5.16558275521853e-06	2.0	5.16558275521853e-06	0.0
NC_017581.1	1.571199948246166e-05	4.907303617457603e-05	19.0	4.907303617457603e-05	0.0	1.867043237915432e-05	3.83407718995849e-05	14.844703382537483	3.099349653131118e-05	8.781490683871501e-05
NZ_QFLG01000018.1	1.563966121476026e-05	5.16558275521853e-06	2.0	5.16558275521853e-06	0.0	1.563966121476026e-05	5.16558275521853e-06	2.0	5.16558275521853e-06	0.0
NZ_CP018776.1	1.5434802058663597e-05	7.748374132827794e-06	3.0	7.748374132827794e-06	0.0	1.6841542776357043e-05	8.660098436234809e-06	3.3529995923445206	5.16558275521853e-06	3.874187066413898e-05
NZ_LR134475.1	1.5290133546407115e-05	2.3245122398483386e-05	9.0	2.066233102087412e-05	2.582791377609265e-06	6.249050935481538e-06	4.99654801649076e-06	1.9345534679288594	0.0	7.231815857305942e-05
NZ_BMRF01000242.1	1.5267730516480544e-05	3.615907928652971e-05	14.0	3.615907928652971e-05	0.0	0.0009700736122943511	0.0007834108457723462	303.3194444444454	0.0005217238582770716	0.003166502228948959
NZ_JADKMZ010000012.1	1.5173136230139445e-05	1.033116551043706e-05	4.0	1.033116551043706e-05	0.0	1.34036853095925e-05	7.139087821004557e-06	2.7640977443609023	5.16558275521853e-06	2.066233102087412e-05
NZ_RDEX01000005.1	1.4919683062615075e-05	1.2913956888046325e-05	5.0	1.2913956888046325e-05	0.0	7.0373628409622706e-06	3.6220574319329935e-06	1.4023809523809525	0.0	1.8079539643264856e-05
NZ_QPKK01000274.1	1.4906713792016863e-05	3.874187066413897e-06	1.5	7.748374132827794e-06	0.0	1.4906713792016863e-05	3.874187066413897e-06	1.5	7.748374132827794e-06	0.0
NZ_NXGA01000003.1	1.4906713792016863e-05	3.874187066413897e-06	1.5	7.748374132827794e-06	0.0	1.4906713792016863e-05	3.874187066413897e-06	1.5	7.748374132827794e-06	0.0
NZ_ATVI01000001.1	1.461192006816104e-05	4.3907453419357505e-05	17.0	4.3907453419357505e-05	0.0	4.645141368614985e-06	9.900700280835517e-06	3.8333333333333335	0.0	2.066233102087412e-05
NZ_QTJP01000001.1	1.4439033286782315e-05	0.00028152426015940987	109.0	0.0002582791377609265	2.3245122398483386e-05	9.595559489631904e-06	0.0001221883438763581	47.30863860536058	6.973536719545015e-05	0.0001859609791878671
NZ_JYLD01000004.1	1.4233613944541702e-05	1.033116551043706e-05	4.0	1.033116551043706e-05	0.0	1.423407952979736e-05	7.748374132827794e-06	3.0	7.748374132827794e-06	0.0
NZ_BMSD01000242.1	1.4230662548157955e-05	1.033116551043706e-05	4.0	1.033116551043706e-05	0.0	8.378672845329523e-06	9.039769821632428e-06	3.5	1.033116551043706e-05	0.0
NZ_QZCH01000134.1	1.4076925544022386e-05	3.099349653131118e-05	12.0	3.099349653131118e-05	0.0	1.4218855707036293e-05	4.5198849108162135e-05	17.5	3.615907928652971e-05	1.033116551043706e-05
NZ_LS483458.1	1.4048485805359302e-05	4.907303617457603e-05	19.0	4.907303617457603e-05	0.0	1.3093759369499566e-05	2.2170322457778523e-05	8.583861108557773	1.549674826565559e-05	2.3245122398483386e-05
NZ_JAAQYZ010000001.1	1.4035573925960164e-05	1.8079539643264856e-05	7.0	1.8079539643264856e-05	0.0	1.4035526741348037e-05	1.8079539643264856e-05	7.0	1.8079539643264856e-05	0.0
NZ_VEDN01000002.1	1.4023364695325284e-05	5.16558275521853e-06	2.0	5.16558275521853e-06	0.0	1.4023364695325284e-05	5.16558275521853e-06	2.0	5.16558275521853e-06	0.0
NZ_QVMU01000100.1	1.3700443085230748e-05	1.033116551043706e-05	4.0	1.033116551043706e-05	0.0	4.003448909571375e-05	1.35872486574231e-05	5.260683760683761	1.033116551043706e-05	4.132466204174824e-05
NZ_VDNQ01000014.1	1.3697821620238843e-05	7.748374132827794e-06	3.0	7.748374132827794e-06	0.0	1.339653025116116e-05	7.748374132827794e-06	3.0	7.748374132827794e-06	0.0
NZ_FPCG01000002.1	1.369705853513001e-05	1.2913956888046325e-05	5.0	1.2913956888046325e-05	0.0	1.369705853513001e-05	1.2913956888046325e-05	5.0	1.2913956888046325e-05	0.0
NZ_UHCT01000001.1	1.3678893706178103e-05	5.16558275521853e-06	2.0	5.16558275521853e-06	0.0	1.6100147003038823e-05	9.655375263077797e-06	3.738348883607935	5.16558275521853e-06	5.16558275521853e-05
NZ_VYKI01000048.1	1.3551867975507032e-05	7.748374132827794e-06	3.0	7.748374132827794e-06	0.0	2.665789516002387e-06	2.4361677612244272e-06	0.9432305614553512	0.0	2.3245122398483386e-05
NZ_BMSH01000126.1	1.3404855584102805e-05	1.8079539643264856e-05	7.0	1.8079539643264856e-05	0.0	0.004911632481855311	0.002781020615840795	1076.7500000000073	0.0014386147973283606	0.007198239569397021
NZ_CP027756.1	1.3209574119760056e-05	7.748374132827794e-06	3.0	7.748374132827794e-06	0.0	4.52645012880779e-05	2.538521155496416e-05	9.828595439427914	7.748374132827794e-06	0.0007438439167514684
NZ_CABKQE010000003.1	1.3209266295739097e-05	1.549674826565559e-05	6.0	1.549674826565559e-05	0.0	1.3408247205083563e-05	2.633313071208314e-05	10.195608882842926	2.582791377609265e-05	1.2913956888046325e-05
NZ_MIPT01000001.1	1.3190798173176119e-05	0.00012655677750285398	49.0	0.00011622561199241693	1.033116551043706e-05	5.8380364598442226e-06	1.6577188386643e-05	6.418322645163663	0.0	0.00020920610158635047
NZ_CABIYR010000010.1	1.2784485030117244e-05	2.8410705153701913e-05	11.0	2.8410705153701913e-05	0.0	1.3759662869866535e-05	2.201242651371533e-05	8.522727272727273	2.066233102087412e-05	5.16558275521853e-06
NZ_BMRF01000071.1	1.2744525614071263e-05	1.8079539643264856e-05	7.0	1.8079539643264856e-05	0.0	1.2744525614071263e-05	1.8079539643264856e-05	7.0	1.8079539643264856e-05	0.0
NZ_JADIJF010000006.1	1.2525687999459107e-05	0.00021695447571917827	84.0	0.00021695447571917827	0.0	0.00022250302399092972	0.00032745750600919035	126.78434226162629	0.00018079539643264854	0.002154048008926127
NZ_JVHT01000008.1	1.2075769420818578e-05	2.066233102087412e-05	8.0	2.066233102087412e-05	0.0	4.162174731334284e-06	1.6905471638223276e-05	6.545426697944012	1.549674826565559e-05	4.132466204174824e-05
NZ_JABUKA010000015.1	1.1823326238118094e-05	1.2913956888046325e-05	5.0	1.2913956888046325e-05	0.0	9.663241045221396e-06	1.1392357984235622e-05	4.41087037962038	1.033116551043706e-05	1.549674826565559e-05
NZ_BMQK01000056.1	1.1612084703162165e-05	7.748374132827794e-06	3.0	7.748374132827794e-06	0.0	4.741282330231691e-06	7.748374132827794e-06	3.0	0.0	7.748374132827794e-06
NZ_QDAG01000019.1	1.1307168418918116e-05	5.423861892979457e-05	21.0	5.423861892979457e-05	0.0	1.058202265988578e-05	5.770386402808698e-05	22.34166666666666	3.3576287908920444e-05	6.715257581784089e-05
NZ_SUSS01000125.1	1.118495302820806e-05	2.8410705153701913e-05	11.0	2.8410705153701913e-05	0.0	1.118495302820806e-05	2.8410705153701913e-05	11.0	2.8410705153701913e-05	0.0
NZ_BCNT01000031.1	1.111339719795945e-05	1.549674826565559e-05	6.0	1.549674826565559e-05	0.0	5.607858973288209e-06	1.5169827051158543e-06	0.5873423298013463	0.0	1.549674826565559e-05
NZ_CP023705.1	1.109465904945165e-05	2.066233102087412e-05	8.0	2.066233102087412e-05	0.0	1.539142409617783e-05	8.155761609358867e-06	3.1577314683883477	2.582791377609265e-06	0.00012139119474763545
NZ_CP025959.1	1.1083067655013286e-05	3.099349653131118e-05	12.0	3.099349653131118e-05	0.0	1.029940301302663e-05	5.980971240855079e-06	2.3157004830917876	5.16558275521853e-06	1.549674826565559e-05
NZ_CP060111.1	1.1070309756383616e-05	7.748374132827796e-05	30.0	7.748374132827796e-05	0.0	1.2279447845471703e-05	4.8278379600343076e-05	18.692326456901633	4.3907453419357505e-05	0.00012139119474763545
NZ_VCMZ01000001.1	1.096476547619232e-05	7.748374132827794e-06	3.0	7.748374132827794e-06	0.0	4.470458102142172e-06	3.4591622591020677e-06	1.3393115251546204	0.0	0.0001033116551043706
NZ_LT629753.1	1.090866380724852e-05	1.033116551043706e-05	4.0	1.033116551043706e-05	0.0	4.356047632577286e-05	2.0956254499291454e-05	8.113800704526666	0.0	0.0006379494702694885
NZ_CP009215.1	1.0881020199734385e-05	5.16558275521853e-06	2.0	5.16558275521853e-06	0.0	8.425698252314612e-06	1.748204810065606e-05	6.768664419515812	0.0	5.9404201685013094e-05
NZ_KB946314.1	1.0620157124700798e-05	3.099349653131118e-05	12.0	3.099349653131118e-05	0.0	2.1447511226853137e-06	4.6964860306527436e-07	0.1818376068376068	0.0	1.549674826565559e-05
NZ_BMSD01000308.1	1.0499544334402525e-05	7.748374132827794e-06	3.0	7.748374132827794e-06	0.0	1.0499544334402525e-05	7.748374132827794e-06	3.0	7.748374132827794e-06	0.0
NZ_VWOY01000995.1	1.049815363797682e-05	4.3907453419357505e-05	17.0	4.3907453419357505e-05	0.0	1.049815363797682e-05	4.3907453419357505e-05	17.0	4.3907453419357505e-05	0.0
NZ_SELD02000037.1	1.0487970673950775e-05	1.2913956888046325e-05	5.0	1.2913956888046325e-05	0.0	1.0486490445493361e-05	1.2913956888046325e-05	5.0	1.2913956888046325e-05	0.0
NZ_CP038157.1	1.0364135100861446e-05	7.748374132827794e-06	3.0	7.748374132827794e-06	0.0	1.0370346866259437e-05	3.490623698516174e-06	1.3514927023440952	2.582791377609265e-06	2.066233102087412e-05
NZ_VFIO01000024.1	1.0267538198651639e-05	7.748374132827794e-06	3.0	7.748374132827794e-06	0.0	9.854208522401785e-06	6.4569784440231625e-06	2.5	7.748374132827794e-06	0.0
NZ_BMSY01000055.1	1.0201148981792737e-05	1.2913956888046325e-05	5.0	1.2913956888046325e-05	0.0	1.0195932986491331e-05	1.2913956888046325e-05	5.0	1.2913956888046325e-05	0.0
NZ_FMTS01000007.1	1.016957214329649e-05	3.615907928652971e-05	14.0	3.615907928652971e-05	0.0	9.928876898353949e-06	2.5073878366493674e-05	9.708054078182288	2.582791377609265e-06	8.781490683871501e-05
NZ_CP037993.1	9.980056860440462e-06	2.066233102087412e-05	8.0	2.066233102087412e-05	0.0	7.707261690868437e-06	3.4800826284827495e-06	1.347411431930694	2.582791377609265e-06	3.3576287908920444e-05
NZ_WACO01000655.1	9.962442890289181e-06	1.8079539643264856e-05	7.0	1.8079539643264856e-05	0.0	9.962442890289181e-06	1.8079539643264856e-05	7.0	1.8079539643264856e-05	0.0
NZ_FNBZ01000018.1	9.93789914929567e-06	1.549674826565559e-05	6.0	1.549674826565559e-05	0.0	4.365043702575501e-06	1.6173050712506193e-06	0.6261849428766723	0.0	1.2913956888046325e-05
NZ_JH660660.1	9.937861818874902e-06	2.582791377609265e-06	1.0	2.582791377609265e-06	0.0	3.3126975750446647e-06	8.609304592030883e-07	0.3333333333333333	0.0	2.582791377609265e-06
NZ_CP064063.1	9.937840755083343e-06	1.8079539643264856e-05	7.0	1.8079539643264856e-05	0.0	4.917140119538621e-06	1.4044616055757116e-06	0.5437766355235929	0.0	1.2913956888046325e-05
NZ_JNYV01000019.1	9.937830258068583e-06	7.748374132827794e-06	3.0	7.748374132827794e-06	0.0	9.824808618174941e-06	2.734720282174516e-06	1.0588235294117647	2.582791377609265e-06	2.582791377609265e-06
NZ_CP040938.1	9.937809778677315e-06	1.2913956888046325e-05	5.0	1.2913956888046325e-05	0.0	9.93781036579836e-06	7.748374132827794e-06	3.0	7.748374132827794e-06	0.0
NZ_FQUU01000007.1	9.937809572711083e-06	7.748374132827794e-06	3.0	7.748374132827794e-06	0.0	3.2015671652006825e-07	1.0761630740038603e-07	0.041666666666666664	0.0	2.582791377609265e-06
NZ_SDIK01000016.1	9.937809194677907e-06	2.582791377609265e-06	1.0	2.582791377609265e-06	0.0	9.937809194677907e-06	2.582791377609265e-06	1.0	2.582791377609265e-06	0.0
NZ_NOIT01000005.1	9.937809194677907e-06	2.582791377609265e-06	1.0	2.582791377609265e-06	0.0	9.937809194677907e-06	2.582791377609265e-06	1.0	2.582791377609265e-06	0.0
NZ_MVAG01000088.1	9.937809194677907e-06	2.582791377609265e-06	1.0	2.582791377609265e-06	0.0	9.059308575622005e-06	2.582791377609265e-06	1.0	2.582791377609265e-06	0.0
NZ_MIPP01000034.1	9.937809194677907e-06	2.582791377609265e-06	1.0	2.582791377609265e-06	0.0	9.937809194677907e-06	2.582791377609265e-06	1.0	2.582791377609265e-06	0.0
NZ_JQCL01000046.1	9.937809194677907e-06	2.582791377609265e-06	1.0	2.582791377609265e-06	0.0	2.4313307690347983e-06	2.582791377609265e-06	1.0	0.0	2.582791377609265e-06
NZ_GG698761.1	9.937809194677907e-06	2.582791377609265e-06	1.0	2.582791377609265e-06	0.0	9.937809194677907e-06	2.582791377609265e-06	1.0	2.582791377609265e-06	0.0
NZ_BMTE01000138.1	9.937809194677907e-06	5.16558275521853e-06	2.0	5.16558275521853e-06	0.0	9.937809194677907e-06	5.16558275521853e-06	2.0	5.16558275521853e-06	0.0
NZ_ANID01000003.1	9.937809194677907e-06	2.582791377609265e-06	1.0	2.582791377609265e-06	0.0	9.937405481199107e-06	2.582791377609265e-06	1.0	2.582791377609265e-06	0.0
NZ_AEKI01000027.1	9.937809194677907e-06	2.582791377609265e-06	1.0	2.582791377609265e-06	0.0	9.937809194677907e-06	2.582791377609265e-06	1.0	2.582791377609265e-06	0.0
NZ_GL878520.1	9.937809194677163e-06	2.582791377609265e-06	1.0	2.582791377609265e-06	0.0	9.646894070443943e-06	2.582791377609265e-06	1.0	2.582791377609265e-06	0.0
NZ_LR590481.1	9.937809194670671e-06	5.16558275521853e-06	2.0	5.16558275521853e-06	0.0	4.115355278791884e-06	1.2913956888046324e-06	0.5	0.0	2.582791377609265e-06
NZ_JVHT01000021.1	9.937808374412119e-06	2.582791377609265e-06	1.0	2.582791377609265e-06	0.0	9.933647437045912e-06	2.582791377609265e-06	1.0	2.582791377609265e-06	0.0
NZ_VOIX01000005.1	9.937567152382084e-06	2.582791377609265e-06	1.0	2.582791377609265e-06	0.0	9.937808875786668e-06	2.582791377609265e-06	1.0	2.582791377609265e-06	0.0
NZ_WIPK01000033.1	9.93699662767527e-06	2.066233102087412e-05	8.0	2.066233102087412e-05	0.0	9.952082047708038e-06	4.550457440681299e-06	1.7618370109681039	2.582791377609265e-06	7.231815857305942e-05
NZ_LODL01000019.1	9.934013706960893e-06	7.748374132827794e-06	3.0	7.748374132827794e-06	0.0	2.2854952804060792e-06	6.743955263757525e-07	0.2611111111111111	0.0	5.16558275521853e-06
NC_017790.1	9.893400604104648e-06	3.615907928652971e-05	14.0	3.615907928652971e-05	0.0	9.893368160630786e-06	1.3181359354738469e-05	5.103532352248931	1.2913956888046325e-05	2.3245122398483386e-05
NZ_BCTM01000006.1	9.814371303182658e-06	7.748374132827794e-06	3.0	7.748374132827794e-06	0.0	9.814371303182658e-06	7.748374132827794e-06	3.0	7.748374132827794e-06	0.0
NZ_CZJT01000051.1	9.783110376435018e-06	2.3245122398483386e-05	9.0	2.3245122398483386e-05	0.0	3.0388180624031853e-05	5.028653815516704e-05	19.469841269841265	2.582791377609265e-05	0.00011622561199241693
NZ_KQ955310.1	9.69799750818225e-06	1.033116551043706e-05	4.0	1.033116551043706e-05	0.0	2.9130598589423872e-06	4.089419681214669e-06	1.5833333333333333	2.582791377609265e-06	5.16558275521853e-06
NZ_SELD02000019.1	9.354065453029505e-06	1.2913956888046325e-05	5.0	1.2913956888046325e-05	0.0	9.354065453029505e-06	1.2913956888046325e-05	5.0	1.2913956888046325e-05	0.0
NZ_VJOO01000010.1	9.162044750277775e-06	4.907303617457603e-05	19.0	4.907303617457603e-05	0.0	6.46156100693504e-06	1.7875439665474937e-05	6.920976978799255	7.748374132827794e-06	3.615907928652971e-05
NZ_UFUW01000001.1	9.134891490923638e-06	1.033116551043706e-05	4.0	1.033116551043706e-05	0.0	9.047262354637647e-06	5.19305925923565e-06	2.0106382978723403	5.16558275521853e-06	2.582791377609265e-06
NC_009614.1	9.131401340113166e-06	2.3245122398483386e-05	9.0	2.3245122398483386e-05	0.0	9.131372328264765e-06	5.16558275521853e-06	2.0	5.16558275521853e-06	0.0
NZ_VEDN01000005.1	9.13137235675334e-06	5.16558275521853e-06	2.0	5.16558275521853e-06	0.0	9.13137234870726e-06	5.16558275521853e-06	2.0	5.16558275521853e-06	0.0
NZ_LR134365.1	9.13137235675334e-06	5.16558275521853e-06	2.0	5.16558275521853e-06	0.0	9.216642003922627e-06	5.191410668994622e-06	2.01	5.16558275521853e-06	0.0
NZ_ATVG01000023.1	9.092270744090228e-06	5.16558275521853e-06	2.0	5.16558275521853e-06	0.0	9.418878057982294e-06	5.16558275521853e-06	2.0	5.16558275521853e-06	0.0
NZ_BNAQ01000023.1	9.005906702472392e-06	4.3907453419357505e-05	17.0	3.874187066413898e-05	5.16558275521853e-06	8.997344755088049e-06	1.4217547644283256e-05	5.504721661818302	1.033116551043706e-05	6.198699306262235e-05
NZ_JABASU010000044.1	8.864615750339045e-06	2.582791377609265e-06	1.0	2.582791377609265e-06	0.0	7.940092902905916e-06	4.338909177310064e-06	1.679930177452556	2.582791377609265e-06	3.3576287908920444e-05
NZ_LT906482.1	8.840666121103699e-06	6.198699306262235e-05	24.0	6.198699306262235e-05	0.0	6.478935317655873e-06	1.2026568839754993e-05	4.656422870238659	7.748374132827794e-06	2.066233102087412e-05
NZ_NSGN01000008.1	8.782285311902498e-06	7.748374132827794e-06	3.0	7.748374132827794e-06	0.0	5.022886678392033e-06	7.748374132827794e-06	3.0	7.748374132827794e-06	0.0
NZ_LDJJ01000011.1	8.424212173303465e-06	1.549674826565559e-05	6.0	1.549674826565559e-05	0.0	1.1649969190256386e-06	2.1422806861279333e-07	0.0829443951493641	0.0	1.033116551043706e-05
NZ_SMBU01000080.1	8.409894926718286e-06	1.2913956888046325e-05	5.0	1.2913956888046325e-05	0.0	6.936905483261741e-06	1.0471427399390371e-05	4.054306317641165	1.033116551043706e-05	1.033116551043706e-05
NZ_GL538194.1	8.390376539160621e-06	1.033116551043706e-05	4.0	1.033116551043706e-05	0.0	8.390376539160621e-06	1.033116551043706e-05	4.0	1.033116551043706e-05	0.0
NZ_JACHMW010000001.1	8.181091042387591e-06	2.8410705153701913e-05	11.0	2.8410705153701913e-05	0.0	2.7515676210306405e-05	5.5280355350921376e-05	21.403337424059035	2.3245122398483386e-05	0.00012139119474763545
NZ_BMSD01000326.1	8.074519321408303e-06	1.033116551043706e-05	4.0	1.033116551043706e-05	0.0	8.074519321408303e-06	1.033116551043706e-05	4.0	1.033116551043706e-05	0.0
NZ_BMUF01000096.1	7.803064556227261e-06	0.0001110600292371984	43.0	0.0001110600292371984	0.0	0.004534107971626564	0.0022775054367759925	881.8000000000552	0.0001110600292371984	0.009982488674459809
NZ_CP026116.1	7.256471318239352e-06	2.066233102087412e-05	8.0	2.066233102087412e-05	0.0	1.291772237042894e-05	2.420607611550979e-05	9.37206013825085	2.066233102087412e-05	2.582791377609265e-05
NZ_WACO01000170.1	7.219153561113094e-06	0.001257819400895712	487.0	0.001257819400895712	0.0	7.2209226305656155e-06	0.0013805019913321521	534.5	0.0014644427111044531	2.582791377609265e-06
NZ_CP044548.2	7.158163658336502e-06	1.549674826565559e-05	6.0	1.549674826565559e-05	0.0	5.876212450518569e-06	1.0528662149381984e-05	4.076466353673418	1.033116551043706e-05	1.549674826565559e-05
NZ_CP064338.1	7.048228672047355e-06	1.8079539643264856e-05	7.0	1.8079539643264856e-05	0.0	6.945906564173857e-06	1.0441423789377553e-05	4.042689579923622	1.033116551043706e-05	7.748374132827794e-06
NZ_AMRJ01000061.1	6.946825071503472e-06	5.16558275521853e-05	20.0	5.16558275521853e-05	0.0	2.8041834197109276e-05	9.686082616362748e-05	37.50238095238096	2.3245122398483386e-05	0.0001859609791878671
NZ_BMSH01000160.1	6.8710588573163265e-06	1.8079539643264856e-05	7.0	1.8079539643264856e-05	0.0	0.002489483124334846	0.001759397486427445	681.2000000000053	0.0004261605773055287	0.005126840884554391
NZ_JVHT01000003.1	6.829913516415462e-06	1.033116551043706e-05	4.0	1.033116551043706e-05	0.0	3.568941802635882e-06	7.983114884664022e-06	3.090886454814447	0.0	2.3245122398483386e-05
NZ_FMZX01000117.1	6.482986007339843e-06	0.0007360955426186405	285.0	0.0007335127512410313	2.582791377609265e-06	0.00014387587224643422	0.0013773830308034696	533.2924071004257	0.0008652351114991038	0.0016064962368729629
NZ_WACO01000076.1	6.392365300522259e-06	1.033116551043706e-05	4.0	1.033116551043706e-05	0.0	6.392365300522259e-06	1.033116551043706e-05	4.0	1.033116551043706e-05	0.0
NZ_CCBB010000001.1	6.375923203890887e-06	1.033116551043706e-05	4.0	1.033116551043706e-05	0.0	6.379389969900721e-06	2.646573725653884e-06	1.0246951219512195	2.582791377609265e-06	5.16558275521853e-06
NZ_CP021131.1	6.292782404370466e-06	7.748374132827794e-06	3.0	7.748374132827794e-06	0.0	6.2927721706324395e-06	7.748374132827794e-06	3.0	7.748374132827794e-06	0.0
NZ_BMJU01000034.1	6.264051314978442e-06	1.033116551043706e-05	4.0	1.033116551043706e-05	0.0	7.012052464566214e-06	4.304652296015442e-06	1.6666666666666665	5.16558275521853e-06	5.16558275521853e-06
NZ_JTBH02000001.1	6.087657419522743e-06	5.682141030740383e-05	22.0	5.682141030740383e-05	0.0	6.072081355677419e-06	5.062007588166744e-05	19.598979739712235	4.907303617457603e-05	1.8079539643264856e-05
NZ_JADLRJ010000040.1	6.0760415983597885e-06	7.231815857305942e-05	28.0	7.231815857305942e-05	0.0	6.0760415983597885e-06	7.231815857305942e-05	28.0	7.231815857305942e-05	0.0
NZ_CP007145.1	5.9577402059414684e-06	5.423861892979457e-05	21.0	5.423861892979457e-05	0.0	2.0767785367752035e-06	1.4312968884251342e-05	5.541666666666666	7.748374132827794e-06	2.066233102087412e-05
NZ_SUSS01000201.1	5.868135942273455e-06	0.00010589444648197986	41.0	0.00010589444648197986	0.0	5.868135942273455e-06	0.00010589444648197986	41.0	0.00010589444648197986	0.0
NZ_RXOF01000037.1	5.708521981499252e-06	1.2913956888046325e-05	5.0	1.2913956888046325e-05	0.0	6.851721457890848e-06	2.2145307388787115e-05	8.574175824175818	1.2913956888046325e-05	9.298048959393354e-05
NZ_BMSD01000210.1	5.7018520646670284e-06	5.16558275521853e-06	2.0	5.16558275521853e-06	0.0	5.7018520646670284e-06	5.16558275521853e-06	2.0	5.16558275521853e-06	0.0
NZ_CABKQE010000004.1	5.701852020082352e-06	5.16558275521853e-06	2.0	5.16558275521853e-06	0.0	5.900835478321921e-06	5.714741282103064e-06	2.2126221001221	5.16558275521853e-06	1.549674826565559e-05
NZ_BMSD01000328.1	5.701852020082352e-06	2.582791377609265e-06	1.0	2.582791377609265e-06	0.0	5.701852020082352e-06	2.582791377609265e-06	1.0	2.582791377609265e-06	0.0
NZ_JADKPO010000083.1	5.5212105639300405e-06	2.582791377609265e-05	10.0	2.582791377609265e-05	0.0	0.0025231617110213623	0.0016004523000659229	619.6599206349239	6.715257581784089e-05	0.010876134491112615
NZ_CP038853.1	5.257980550763921e-06	7.748374132827794e-06	3.0	7.748374132827794e-06	0.0	1.35531755102452e-06	3.978642472955833e-06	1.5404428353940935	2.582791377609265e-06	5.16558275521853e-05
NZ_SSSM01000011.1	5.244325838320189e-06	0.0003564252101100786	138.0	0.0003564252101100786	0.0	5.039907001347969e-06	0.0002332816114565708	90.32150776053217	0.00020920610158635047	5.423861892979457e-05
NZ_CP012405.1	5.2406328395657355e-06	6.456978444023163e-05	25.0	5.9404201685013094e-05	5.16558275521853e-06	1.0528274108724137e-06	1.5015653080980713e-06	0.581373052858795	0.0	4.132466204174824e-05
NZ_SMSJ01000370.1	5.211196325506218e-06	0.0002866898429146284	111.0	0.0002866898429146284	0.0	0.000900082922818437	0.0010350536445769074	400.74999999999784	0.000565631311696429	0.0014566943369716254
NZ_WACO01000024.1	5.172312428370387e-06	3.874187066413897e-06	1.5	7.748374132827794e-06	0.0	2.085352886033677e-06	2.2384191939280297e-06	0.8666666666666667	0.0	7.748374132827794e-06
NZ_BCMN01000064.1	5.172312428370387e-06	3.874187066413897e-06	1.5	7.748374132827794e-06	0.0	2.085352886033677e-06	2.2384191939280297e-06	0.8666666666666667	0.0	7.748374132827794e-06
NZ_SUSS01000211.1	5.104965474322186e-06	7.748374132827794e-06	3.0	7.748374132827794e-06	0.0	5.104965474322186e-06	7.748374132827794e-06	3.0	7.748374132827794e-06	0.0
NZ_PEBQ01000039.1	5.102241445425265e-06	2.066233102087412e-05	8.0	2.066233102087412e-05	0.0	0.0005749791244295235	0.0003468412092481642	134.2892857142857	3.615907928652971e-05	0.0021385512606604713
NZ_SUSS01000177.1	5.10224136622711e-06	2.582791377609265e-06	1.0	2.582791377609265e-06	0.0	5.10224136622711e-06	2.582791377609265e-06	1.0	2.582791377609265e-06	0.0
NZ_BMRL01000106.1	5.10224136622711e-06	2.582791377609265e-06	1.0	2.582791377609265e-06	0.0	0.0006438317183854178	0.0003233448253515239	125.19200278995231	2.582791377609265e-06	0.0041014727076435125
NZ_JADUCI010000091.1	5.102241365425155e-06	2.582791377609265e-06	1.0	2.582791377609265e-06	0.0	5.102241362272745e-06	2.582791377609265e-06	1.0	2.582791377609265e-06	0.0
NZ_ML133861.1	5.060460564178886e-06	5.16558275521853e-06	2.0	5.16558275521853e-06	0.0	5.060419621355007e-06	5.16558275521853e-06	2.0	5.16558275521853e-06	0.0
NC_021505.1	5.05627156298147e-06	9.039769821632427e-05	35.0	9.039769821632427e-05	0.0	1.0945190436883762e-05	9.017731753096573e-05	34.91467344700425	8.523211546110575e-05	0.00025569634638331724
NZ_NRST01000001.1	5.054767284965994e-06	1.549674826565559e-05	6.0	1.549674826565559e-05	0.0	2.6414427920181584e-05	2.7378387433495694e-05	10.600309289725995	1.2913956888046325e-05	0.0005449689806755549
NZ_BATI01000100.1	4.968904597338953e-06	1.2913956888046324e-06	0.5	2.582791377609265e-06	0.0	4.966514320142344e-06	1.2913956888046324e-06	0.5	0.0	2.582791377609265e-06
NZ_AUDU01000017.1	4.968904597338953e-06	1.2913956888046324e-06	0.5	2.582791377609265e-06	0.0	4.966514320142344e-06	1.2913956888046324e-06	0.5	0.0	2.582791377609265e-06
NZ_BMSD01000223.1	4.951079180926274e-06	5.16558275521853e-06	2.0	5.16558275521853e-06	0.0	4.951079180926274e-06	5.16558275521853e-06	2.0	5.16558275521853e-06	0.0
NZ_SUSS01000075.1	4.9181928194703854e-06	3.3576287908920444e-05	13.0	3.3576287908920444e-05	0.0	0.0008788385648988388	0.0004964408370809534	192.21097041932939	3.615907928652971e-05	0.005627902411810589
NZ_LN999809.1	4.885738054501175e-06	1.549674826565559e-05	6.0	1.549674826565559e-05	0.0	1.8000932992213823e-06	6.026513214421618e-06	2.333333333333333	5.16558275521853e-06	2.582791377609265e-06
NC_002695.2	4.855704153119042e-06	1.033116551043706e-05	4.0	1.033116551043706e-05	0.0	0.00020127689389545653	0.0001442474136684693	55.849425129330605	5.16558275521853e-06	0.0009814607234915208
NZ_SUSS01000212.1	4.803429985697666e-06	0.000214371684341569	83.0	0.000214371684341569	0.0	4.803429985697666e-06	0.000214371684341569	83.0	0.000214371684341569	0.0
NZ_CP024608.1	4.724711999793102e-06	2.582791377609265e-06	1.0	2.582791377609265e-06	0.0	7.508057561300498e-06	8.143396671917542e-06	3.1529440366396897	0.0	5.423861892979457e-05
NZ_QASO01000072.1	4.687576619215563e-06	7.748374132827794e-06	3.0	7.748374132827794e-06	0.0	4.689708210519215e-06	7.748374132827794e-06	3.0	7.748374132827794e-06	0.0
NZ_UAPR01000011.1	4.624279432399332e-06	2.3245122398483386e-05	9.0	2.3245122398483386e-05	0.0	4.161651153230581e-06	8.609304592030883e-06	3.3333333333333335	7.748374132827794e-06	2.582791377609265e-06
NZ_PDNI01000016.1	4.619604606901483e-06	7.748374132827794e-06	3.0	7.748374132827794e-06	0.0	0.00110016835282682	0.0005284905276314503	204.61990550728967	7.748374132827794e-06	0.00677982736622432
NZ_CP015961.1	4.567131203165408e-06	1.2913956888046325e-05	5.0	1.2913956888046325e-05	0.0	1.5263518693649788e-06	9.162548564096098e-07	0.3547537227949599	0.0	7.748374132827794e-06
NZ_NISI01000002.1	4.56568617837667e-06	2.582791377609265e-06	1.0	2.582791377609265e-06	0.0	4.56568617837667e-06	2.582791377609265e-06	1.0	2.582791377609265e-06	0.0
NZ_JVHT01000041.1	4.56568617837667e-06	2.582791377609265e-06	1.0	2.582791377609265e-06	0.0	3.3377840480347074e-06	2.582791377609265e-06	1.0	2.582791377609265e-06	0.0
NZ_CZJT01000018.1	4.56568617837667e-06	2.582791377609265e-06	1.0	2.582791377609265e-06	0.0	4.56568617837667e-06	2.582791377609265e-06	1.0	2.582791377609265e-06	0.0
NZ_CADILD010000001.1	4.56568617837667e-06	2.582791377609265e-06	1.0	2.582791377609265e-06	0.0	4.462594439425413e-06	2.582791377609265e-06	1.0	2.582791377609265e-06	0.0
NZ_BMRF01000065.1	4.56568617837667e-06	2.582791377609265e-06	1.0	2.582791377609265e-06	0.0	4.56049267672332e-06	2.582791377609265e-06	1.0	2.582791377609265e-06	0.0
NZ_CP035504.1	4.441699369565846e-06	1.033116551043706e-05	4.0	1.033116551043706e-05	0.0	9.491845096989407e-06	1.3173004713717254e-05	5.100297619047619	1.033116551043706e-05	2.066233102087412e-05
NZ_UGYX01000002.1	4.440689513333606e-06	2.3245122398483386e-05	9.0	2.3245122398483386e-05	0.0	1.8239235365678287e-06	5.197080211043034e-06	2.0121951219512195	5.16558275521853e-06	7.748374132827794e-06
NZ_QXGS01000123.1	4.383339359393084e-06	8.264932408349648e-05	32.0	8.264932408349648e-05	0.0	0.00036976516360902014	0.0007535565255079116	291.7605084331022	0.0004571540738368399	0.0013404687249792084
NZ_CP007220.1	4.286929243141302e-06	1.033116551043706e-05	4.0	5.16558275521853e-06	5.16558275521853e-06	2.606951232676923e-06	8.609304592030883e-07	0.3333333333333333	0.0	2.582791377609265e-06
NZ_AP019846.1	4.251060533879805e-06	2.3245122398483386e-05	9.0	2.3245122398483386e-05	0.0	4.221949903660236e-06	1.6357678724858678e-05	6.333333333333333	1.2913956888046325e-05	5.16558275521853e-06
NZ_QPMH01000064.1	4.2123920331177044e-06	4.907303617457603e-05	19.0	4.907303617457603e-05	0.0	0.0022330244836800055	0.0018565104422255739	718.8000000000133	4.907303617457603e-05	0.008970034454436978
NZ_CP019724.1	4.154527546563383e-06	3.3576287908920444e-05	13.0	3.3576287908920444e-05	0.0	1.0754057150767484e-05	1.6945837263395982e-05	6.561055379967129	0.0	0.00020920610158635047
NZ_NDYD01000025.1	4.001610516148809e-06	1.549674826565559e-05	6.0	1.549674826565559e-05	0.0	4.001610516148809e-06	1.549674826565559e-05	6.0	1.549674826565559e-05	0.0
NZ_LT906441.1	3.9309940652988045e-06	4.907303617457603e-05	19.0	4.907303617457603e-05	0.0	7.933287402394508e-06	4.614587261328554e-05	17.866666666666667	4.3907453419357505e-05	7.748374132827794e-06
NZ_LOQW01000006.1	3.892130490600605e-06	1.2913956888046325e-05	5.0	1.2913956888046325e-05	0.0	3.892130490600605e-06	1.2913956888046325e-05	5.0	1.2913956888046325e-05	0.0
NZ_JABAST010000002.1	3.854987296875203e-06	1.2913956888046325e-05	5.0	1.2913956888046325e-05	0.0	3.854936559357339e-06	1.2913956888046325e-05	5.0	1.2913956888046325e-05	0.0
NZ_BMVN01000224.1	3.721126249061744e-06	3.874187066413897e-06	1.5	7.748374132827794e-06	0.0	3.721126249061744e-06	3.874187066413897e-06	1.5	7.748374132827794e-06	0.0
NZ_BMTE01000070.1	3.721126249061744e-06	3.874187066413897e-06	1.5	7.748374132827794e-06	0.0	3.721126249061744e-06	3.874187066413897e-06	1.5	7.748374132827794e-06	0.0
NZ_BMWF01000097.1	3.6559156930065294e-06	2.582791377609265e-06	1.0	2.582791377609265e-06	0.0	4.4303810143842784e-06	1.46358178064525e-05	5.666666666666666	5.16558275521853e-06	1.2913956888046325e-05
NZ_CP012676.1	3.655783341920738e-06	4.132466204174824e-05	16.0	4.132466204174824e-05	0.0	2.147951083272927e-05	3.685171455823527e-05	14.268173139228416	2.3245122398483386e-05	0.000439074534193575
NZ_JQLK01000002.1	3.5926321206169485e-06	2.582791377609265e-06	1.0	5.16558275521853e-06	0.0	3.249435847000514e-06	2.582791377609265e-06	1.0	0.0	5.16558275521853e-06
NZ_JQLK01000001.1	3.5926321206169485e-06	5.16558275521853e-06	2.0	7.748374132827794e-06	0.0	3.249435847000514e-06	2.660044512564542e-06	1.0299107142857142	0.0	1.033116551043706e-05
NZ_CP029343.1	3.312904321742644e-06	1.2913956888046325e-05	5.0	1.2913956888046325e-05	0.0	1.3996654281508995e-05	3.384722558447733e-05	13.104901107346764	1.549674826565559e-05	8.264932408349648e-05
NZ_NOIT01000009.1	3.271457101060886e-06	2.582791377609265e-06	1.0	2.582791377609265e-06	0.0	3.271457101060886e-06	2.582791377609265e-06	1.0	2.582791377609265e-06	0.0
NZ_KN046795.1	3.0687838789350942e-06	1.2913956888046325e-05	5.0	1.2913956888046325e-05	0.0	1.86058681785407e-05	1.0206474001241356e-05	3.9517221908526254	7.748374132827794e-06	3.874187066413898e-05
NZ_BMSH01000100.1	3.0623216362257296e-06	5.16558275521853e-06	2.0	5.16558275521853e-06	0.0	2.840949849541478e-06	3.874187066413897e-06	1.5	5.16558275521853e-06	0.0
NZ_BMIV01000073.1	2.996377042580294e-06	2.582791377609265e-05	10.0	2.582791377609265e-05	0.0	0.0002876465022828811	0.00022857703691841954	88.49999999999984	0.00010072886372676134	0.0004416573255711843
NZ_BMQF01000127.1	2.8932042854389713e-06	1.033116551043706e-05	4.0	1.033116551043706e-05	0.0	3.1156741194407463e-06	1.3172236025807253e-05	5.1000000000000005	1.033116551043706e-05	1.033116551043706e-05
NZ_BMSD01000337.1	2.8911619722330476e-06	1.033116551043706e-05	4.0	1.033116551043706e-05	0.0	2.8911619722330476e-06	1.033116551043706e-05	4.0	1.033116551043706e-05	0.0
NZ_PHTD01000006.1	2.891066741606658e-06	7.748374132827794e-06	3.0	7.748374132827794e-06	0.0	2.891066741606658e-06	7.748374132827794e-06	3.0	7.748374132827794e-06	0.0
NZ_ANID01000013.1	2.891066741606658e-06	1.033116551043706e-05	4.0	1.033116551043706e-05	0.0	1.9809617549534895e-06	9.039769821632428e-06	3.5	1.033116551043706e-05	0.0
NZ_ADGQ01000002.1	2.891066741606658e-06	7.748374132827794e-06	3.0	7.748374132827794e-06	0.0	2.891066741606658e-06	7.748374132827794e-06	3.0	7.748374132827794e-06	0.0
NZ_WACO01000023.1	2.880079970933028e-06	6.887443673624706e-06	2.6666666666666665	5.16558275521853e-06	5.16558275521853e-06	2.8390764927862515e-06	3.013256607210809e-06	1.1666666666666665	0.0	1.033116551043706e-05
NZ_BMTN01000073.1	2.880079970933028e-06	1.7218609184061765e-06	0.6666666666666666	0.0	5.16558275521853e-06	2.8390764927862515e-06	1.7218609184061765e-06	0.6666666666666666	0.0	5.16558275521853e-06
NZ_BMSH01000061.1	2.880079970933028e-06	1.7218609184061765e-06	0.6666666666666666	0.0	5.16558275521853e-06	2.8390764927862515e-06	1.7218609184061765e-06	0.6666666666666666	0.0	5.16558275521853e-06
