Total Number of Aligned Reads:	1597105	Total Number of Mapped Genomes:	23211
Genome	Final Guess	Final Best Hit	Final Best Hit Read Numbers	Final High Confidence Hits	Final Low Confidence Hits	Initial Guess	Initial Best Hit	Initial Best Hit Read Numbers	Initial High Confidence Hits	Initial Low Confidence Hits
NZ_GG666997.1	0.7610486126959446	0.7834312709558858	1251222.0	0.7834306448229765	6.261329092326428e-07	0.4412788855991851	0.5709499615796727	911867.0383887033	0.42446113436499167	0.2593818189787146
NC_007795.1	0.1199565096371493	0.0768653282032177	122762.0	0.0768653282032177	0.0	0.024435528443642097	0.022163326775207905	35397.160009318424	0.007540518625888717	0.06829356867582281
NZ_JIAH01000003.1	0.02492221377396097	0.017417139136124426	27817.0	0.017412130072850564	5.009063273861142e-06	0.021134106584210985	0.015535560789740789	24811.92181509896	0.01206182436345763	0.01005256385773008
NZ_BMRF01000063.1	0.015599794092072015	0.013908916445693928	22214.0	0.013908916445693928	0.0	0.005778613634280398	0.005438141721009472	8685.283333332833	0.004917021736203944	0.008355743673709618
NZ_REGE01000035.1	0.0130348912246397	0.013943353755701722	22269.0	0.01393584016079093	7.513594910791714e-06	0.1240312506154967	0.09303924106557511	148593.43710203533	0.04402277871523788	0.13339573791328685
NZ_CP040938.1	0.008114248684880742	0.005528127455615003	8829.0	0.005528127455615003	0.0	0.007873985112420961	0.005476082515383535	8745.87876573162	0.005290196950106599	0.00022415558150528611
NZ_BMRF01000072.1	0.0059314856814731845	0.005596375942721362	8938.0	0.005596375942721362	0.0	0.0030499619550272733	0.0027890777375313746	4454.450000000046	0.0025878073138585127	0.002086274853563166
NZ_JIAH01000004.1	0.0053656984036506775	0.0045432203893920565	7256.0	0.004540089724845893	3.1306645461632142e-06	0.00431303797690304	0.003994923275035663	6380.311937175832	0.003395518766768622	0.006326446914886623
NZ_GG666993.1	0.0050222842316688	0.007407152316222164	11830.0	0.007407152316222164	0.0	0.004916584612647638	0.007243844927153163	11569.180952380953	0.007223695373817	7.137915165252128e-05
NZ_QPLJ01000067.1	0.003726931176796066	0.00569092201201549	9089.0	0.00569092201201549	0.0	0.001561850663990398	0.0021716237261240855	3468.3111111114076	0.0014156865077750054	0.004163157713487842
NZ_BHXD01000053.1	0.0036505322555954703	0.003411172089499438	5448.0	0.003411172089499438	0.0	0.0036505322555954703	0.0034067891591348094	5441.0	0.0034067891591348094	0.0
NZ_GG666994.1	0.003379923033347935	0.005040369919322774	8050.0	0.005040369919322774	0.0	0.0032986911177853174	0.004996337122480989	7979.675	0.004995914482767257	1.127039236618757e-05
NZ_JADKPO010000068.1	0.0026889577188507533	0.0026460376744171484	4226.0	0.0026460376744171484	0.0	0.0005261654898266177	0.0006715675994603874	1072.5639709361822	0.0005641457512186111	0.001914088303524189
NZ_BHXD01000057.1	0.0025780876476757066	0.002225902492322045	3555.0	0.002225902492322045	0.0	0.0025780876476757066	0.002225902492322045	3555.0	0.002225902492322045	0.0
NZ_BMIV01000059.1	0.0024307278253024997	0.0016279455640048712	2600.0	0.0016279455640048712	0.0	0.004212129579977811	0.003349138716913481	5348.926190476105	0.003067425122330717	0.0014325920963242868
NZ_BMRF01000099.1	0.0023555125024535576	0.0019954855817244325	3187.0	0.0019954855817244325	0.0	0.0012163380809473178	0.0011722251615683742	1872.1666666666583	0.0010356238318707913	0.0009473390916689885
NZ_RRUE01000006.1	0.002305429898321639	0.0019291154933457726	3081.0	0.0019291154933457726	0.0	0.00028371787562995516	0.00025674676229602055	410.0515377967859	8.139727820024356e-06	0.0018909213858825814
NZ_BMRF01000083.1	0.0015013790693530172	0.0011214040404356632	1791.0	0.0011214040404356632	0.0	0.0006387962631451344	0.0004293184647638506	685.6666666666696	0.0004433020997367111	0.0005885649346786842
NZ_JADKPO010000073.1	0.001374272704211735	0.0015697152034462355	2507.0	0.0015697152034462355	0.0	0.00019968406053147943	0.00023139129122666825	369.556188174568	0.0001008073983864555	0.0009592356169444088
NZ_BNBF01000096.1	0.0013682755681280402	0.0008916132627472833	1424.0	0.0008916132627472833	0.0	0.0013682755675216466	0.0008919263292018997	1424.5	0.0008916132627472833	6.261329092326428e-07
NZ_QPLJ01000097.1	0.0012185011229839423	0.0027919266422683545	4459.0	0.0027919266422683545	0.0	0.000729069992949416	0.0016368791389062818	2614.2678571429174	0.0014595158114212904	0.0005497446943062604
NZ_GG666998.1	0.0011271245128258221	0.0020793873915616067	3321.0	0.0020793873915616067	0.0	0.001120382609044922	0.002061751314618221	3292.8333333333335	0.002059977271375395	3.756797455395857e-06
NZ_BMRF01000125.1	0.000952672637550226	0.0011301699011649203	1805.0	0.0011301699011649203	0.0	0.0004926491454662591	0.0005529797143373006	883.1666666666745	0.00048024394138143704	0.000604844390318733
NZ_BNBF01000074.1	0.0009326120177969086	0.0006630747508773688	1059.0	0.0006630747508773688	0.0	0.0007392267670675465	0.0005481793620331788	875.5	0.0006630747508773688	0.0
NZ_GG666995.1	0.0009145005242389226	0.0019497778793504496	3114.0	0.0019485256135319843	1.2522658184652855e-06	0.000914381951445627	0.0019468559257740307	3109.3333333333335	0.0019322461578919357	2.19146518231425e-05
NZ_QPLJ01000113.1	0.0006893149524666284	0.0018765203289702304	2997.0	0.0018765203289702304	0.0	0.0001917990108502363	0.0007175274428836457	1145.966666666685	0.0006255067763234101	0.001046268091327746
NZ_BMIV01000076.1	0.00048570341678850614	0.0004389191693720826	701.0	0.0004389191693720826	0.0	0.0016188619007043545	0.0018408307531439753	2940.0000000000086	0.0026059651682262593	0.00016842975258358093
NZ_JACBZL010000001.1	0.0004679287027371841	0.005147438646801557	8221.0	0.005135542121526136	1.1896525275420214e-05	0.050532664823957775	0.035275154471860075	56338.125582780085	0.004846894850369888	0.08666743889725471
NZ_BNBF01000107.1	0.00042878478413224094	0.00032120618243634575	513.0	0.00032120618243634575	0.0	0.00042878478413224094	0.00032120618243634575	513.0	0.00032120618243634575	0.0
NZ_BMVC01000047.1	0.00038503814684325076	0.00023793050550840428	380.0	0.00023793050550840428	0.0	0.0003758164597530667	0.00031588405270786607	504.4999999999965	0.00021163292332063326	0.0003813149417226795
NZ_BMRF01000161.1	0.00034927399903480436	0.0004846268717460655	774.0	0.0004846268717460655	0.0	0.0003492739987562115	0.00048431380529144924	773.5	0.0004846268717460655	0.0
NZ_BNBF01000111.1	0.0002655149229981508	0.0002135113220483312	341.0	0.0002135113220483312	0.0	0.0002652382127279777	0.00021038065750216797	336.0	0.00021163292332063326	0.0
NZ_LR134304.1	0.00025322967818664985	0.00040009892899965877	639.0	0.00040009892899965877	0.0	0.014595813029759805	0.011209326810674521	17902.47189596233	0.00010519032875108399	0.062005315868399385
NZ_BMIV01000078.1	0.0002418116390286354	0.00021977265114065764	351.0	0.00021977265114065764	0.0	0.0004862882134961795	0.00045598129114867906	728.250000000011	0.0002736200813346649	0.0005741638777663335
NZ_MUYK01000052.1	0.00022359712972940346	0.00019660573349904983	314.0	0.00019660573349904983	0.0	0.00022359712972940346	0.00019660573349904983	314.0	0.00019660573349904983	0.0
NZ_GG666996.1	0.00022103160707795388	0.0007601253518084284	1214.0	0.0007601253518084284	0.0	0.00022101633696842922	0.0007457242948960776	1191.0	0.0007463504278053103	0.0
NZ_BHXD01000064.1	0.0002131413185964032	0.0004138738530027769	661.0	0.0004138738530027769	0.0	0.0002131413185964032	0.00041449998591200956	662.0	0.0004138738530027769	1.2522658184652855e-06
NZ_QGNX01000055.1	0.0002052300701071339	0.0003199539166178805	511.0	0.0003199539166178805	0.0	0.00032116378768917784	0.0005349001265832071	854.291666666673	0.0003230845811640437	0.0004195090491858707
NZ_SUSS01000085.1	0.00020380541217640958	0.00018345694240516435	293.0	0.00018345694240516435	0.0	0.00016444261637583071	0.0002736555893048416	437.0567099567091	0.00027988141042699133	0.00047836554265373913
NZ_BNBB01000081.1	0.00020152649488019514	0.0003043005938870644	486.0	0.0003043005938870644	0.0	0.0003145035318385652	0.00035767842439914565	571.2499999999975	0.0003262152457102069	0.00030304832806859913
NZ_BNBF01000121.1	0.00019502238491157984	0.00039008080245193645	623.0	0.00039008080245193645	0.0	0.00019502238448728507	0.0003897677359973202	622.5	0.00039008080245193645	0.0
NZ_LPWH01000037.1	0.00016823760738133873	0.00012084365148190007	193.0	0.00012084365148190007	0.0	0.0001870366421885236	0.00014924454053377975	238.35920190920228	0.00010331193002338606	0.00012960951221115707
NC_012704.1	0.00016212918665036772	0.0005553798904893542	887.0	0.0005428572323047013	1.2522658184652857e-05	0.0001786950077713668	0.00017208093562220042	274.8313226868944	0.00012773111348345913	0.0006975120608851641
NZ_JAATJR010000019.1	0.0001616872550549481	0.00012773111348345913	204.0	0.00012773111348345913	0.0	0.00022967534240819862	0.00022804364858793326	364.20965137803114	0.00012334818311883063	0.000517185783026163
NC_012590.1	0.00014596242274181347	0.0012021751857266743	1920.0	0.001188400261723556	1.3774924003118142e-05	0.014519611325569446	0.006727195851724791	10744.038130768922	0.0001709342842205115	0.03755482576286468
NZ_BHXD01000058.1	0.00013982469654317907	0.0002322953093253105	371.0	0.0002322953093253105	0.0	0.00013982469654317907	0.0002322953093253105	371.0	0.0002322953093253105	0.0
NZ_LR134242.1	0.0001251293763530865	0.0001358708413034835	217.0	0.0001358708413034835	0.0	0.0018742094529020784	0.0007480624662638864	1194.7343051823843	1.8783987276979285e-06	0.014706609772056314
NZ_QMIL01000023.1	0.00011755603561727043	0.00011520845529880628	184.0	0.00011520845529880628	0.0	0.00015062770841768635	0.0001517328750040438	242.33333333333337	0.00015402869567123013	5.635196183093785e-06
NZ_JADILU010000019.1	0.0001101081990915679	0.00017594334749437262	281.0	0.00017594334749437262	0.0	0.0003117789911721352	0.00041434345268470137	661.75	0.0003381117709856271	0.0003612786886272349
NZ_JXXV01000068.1	0.00010871470985863944	0.00018408307531439698	294.0	0.00018408307531439698	0.0	0.00010871470985863944	0.00018348989676880814	293.05263157894734	0.00018345694240516435	6.261329092326428e-07
NZ_WACO01000134.1	9.775693046366903e-05	0.00022165104986835555	354.0	0.00022165104986835555	0.0	9.775693046366903e-05	0.0002222771827775882	355.0	0.0002222771827775882	0.0
NZ_BHXD01000050.1	9.516526742157551e-05	9.705060093105963e-05	155.0	9.705060093105963e-05	0.0	9.516526742157551e-05	9.705060093105963e-05	155.0	9.705060093105963e-05	0.0
NZ_WACO01000046.1	8.463424044573795e-05	0.00010456419584185135	167.0	0.00010456419584185135	0.0	8.463424044573795e-05	0.00010456419584185135	167.0	0.00010456419584185135	0.0
NZ_CP014635.1	8.293530752298866e-05	0.0008815951361995611	1408.0	0.0008452794274640678	3.631570873549328e-05	0.010061774960222064	0.012232357444781393	19536.359236847587	0.0010951064582478923	0.027507897101317697
NZ_NISV01000002.1	8.164676977951582e-05	6.323942383249693e-05	101.0	6.323942383249693e-05	0.0	8.164676977951582e-05	6.323942383249693e-05	101.0	6.323942383249693e-05	0.0
NZ_JIAH01000008.1	6.926866026371905e-05	5.760422764940314e-05	92.0	5.760422764940314e-05	0.0	6.169203161170935e-05	5.384743019400728e-05	86.0	5.6351961830937856e-05	0.0
NZ_JIAH01000005.1	6.442150619261759e-05	8.32756769279415e-05	133.0	8.32756769279415e-05	0.0	6.089719488187705e-05	7.889274656331299e-05	126.0	7.951887947254563e-05	6.261329092326428e-07
NZ_BMSH01000105.1	6.429087237962047e-05	6.762235419712543e-05	108.0	6.762235419712543e-05	0.0	0.0001474940470579477	0.00020474546131907356	326.999999999999	9.955513256799021e-05	0.00036754001771956135
NC_006085.1	5.594650583593824e-05	0.0001008073983864555	161.0	0.0001008073983864555	0.0	3.8891334554258954e-05	3.669650614185543e-05	58.608173441688024	2.7549848006236283e-05	4.508156946475028e-05
NZ_QMIL01000014.1	5.5674089010084957e-05	9.579833511259435e-05	153.0	9.579833511259435e-05	0.0	9.362428925120526e-05	0.00014933269885198552	238.5000000000003	0.00013837537294041405	3.3811177098562715e-05
NZ_BNBF01000124.1	5.183726535071517e-05	4.6959968192448213e-05	75.0	4.6959968192448213e-05	0.0	5.18372649162152e-05	4.664690173783189e-05	74.5	4.6959968192448213e-05	0.0
NZ_JADLRJ010000039.1	4.9502663254093806e-05	5.009063273861143e-05	80.0	5.009063273861143e-05	0.0	4.9502663254093806e-05	5.009063273861143e-05	80.0	5.009063273861143e-05	0.0
NZ_BMRF01000060.1	4.883777807682301e-05	0.0003074312584332276	491.0	0.0003074312584332276	0.0	1.8312861369635067e-05	9.188649982185043e-05	146.75238829797644	5.572582892170521e-05	0.00010205966420492078
NZ_BMZP01000044.1	4.379539166430921e-05	5.4473563103239925e-05	87.0	5.4473563103239925e-05	0.0	3.441899572617792e-05	4.261386917542163e-05	68.05882352941177	3.318504418933007e-05	1.8783987276979285e-05
NZ_SUSS01000123.1	4.344912302570949e-05	4.7586101101680855e-05	76.0	4.7586101101680855e-05	0.0	5.763216657556395e-05	0.00020357696305325402	325.13378557716726	3.631570873549328e-05	0.0006455430294188548
NZ_JXXV01000071.1	4.150290077650486e-05	5.6351961830937856e-05	90.0	5.6351961830937856e-05	0.0	4.150290077650486e-05	5.6351961830937856e-05	90.0	5.6351961830937856e-05	0.0
NZ_LS483460.1	3.979540364010671e-05	0.0004126215871843116	659.0	0.00040260346063658933	1.0018126547722284e-05	0.008857766164944818	0.002101709082732969	3356.650084578239	7.889274656331299e-05	0.028770181046330705
NZ_JIAH01000006.1	3.874709018859813e-05	3.756797455395857e-05	60.0	3.756797455395857e-05	0.0	3.87480456892267e-05	3.694184164472593e-05	59.0	3.694184164472593e-05	0.0
NZ_JXXV01000067.1	3.828221417767626e-05	4.195090491858707e-05	67.0	4.195090491858707e-05	0.0	3.828221417767626e-05	4.257703782781971e-05	68.0	4.195090491858707e-05	6.261329092326428e-07
NZ_JADKPN010000028.1	3.6698008781224886e-05	2.5045316369305714e-05	40.0	2.5045316369305714e-05	0.0	0.00019488790067726991	0.0001625831829592735	259.6624144201705	0.0	0.0017619380065806568
NZ_LT906481.1	3.465863131967109e-05	0.00020224092968214362	323.0	0.00020224092968214362	0.0	2.9890613100743683e-05	6.840864842101465e-05	109.2557944364446	2.3793050550840427e-05	0.0003763058784488183
NZ_AMYT01000013.1	2.8433956756676347e-05	2.19146518231425e-05	35.0	2.19146518231425e-05	0.0	7.353491841763004e-05	5.615710579904088e-05	89.68879445717718	2.6297582187770997e-05	0.00022039878404989027
NZ_RRUE01000010.1	2.514101773563229e-05	2.0662386004677213e-05	33.0	2.0662386004677213e-05	0.0	0.00016320129583147623	0.00014106827458485152	225.3008466808393	6.637008837866013e-05	0.0008264954401870885
NZ_VSKS01000080.1	2.416926787182119e-05	5.071676564784407e-05	81.0	5.071676564784407e-05	0.0	1.7866550191343807e-05	4.054210587281362e-05	64.75	4.007250619088914e-05	1.0644259456954927e-05
NZ_LS483305.1	2.251452810667873e-05	6.449168965096221e-05	103.0	6.449168965096221e-05	0.0	0.0002225511324782009	0.00013081304350440255	208.92216584609884	1.2522658184652855e-06	0.0038907898979716423
NZ_BMIV01000061.1	2.2101011362399066e-05	2.942824673393421e-05	47.0	2.942824673393421e-05	0.0	0.0006545821044925333	0.0006658401712264843	1063.4166666666742	0.00046709515028755155	0.00126040554628531
NZ_QMIL01000028.1	2.2033570858543017e-05	2.3793050550840427e-05	38.0	2.3793050550840427e-05	0.0	7.802491757029258e-05	0.00017771739073719844	283.8333333333333	0.00017469108167590734	2.7549848006236283e-05
NZ_JIAH01000007.1	2.1837762297922256e-05	3.318504418933007e-05	53.0	3.318504418933007e-05	0.0	2.1830572537390523e-05	3.2558911280097425e-05	52.0	3.2558911280097425e-05	0.0
NZ_JIAH01000009.1	2.0975300866999874e-05	3.06805125523995e-05	49.0	3.06805125523995e-05	0.0	2.0913748958983907e-05	2.4106117005456748e-05	38.5	2.3166917641607783e-05	1.2522658184652855e-06
NZ_BMSD01000117.1	2.0860572369757557e-05	2.441918346007307e-05	39.0	2.441918346007307e-05	0.0	1.7246052836801097e-05	2.0975452459293534e-05	33.5	2.3166917641607783e-05	0.0
NZ_WACO01000608.1	2.013691050373944e-05	4.946449982937878e-05	79.0	4.946449982937878e-05	0.0	2.013691050373944e-05	4.946449982937878e-05	79.0	4.946449982937878e-05	0.0
NZ_CP012400.2	1.965979792360034e-05	1.3774924003118142e-05	22.0	1.3774924003118142e-05	0.0	1.6196898963236722e-06	2.772697419389233e-06	4.428288911993641	1.2522658184652855e-06	1.0018126547722284e-05
NZ_QOWJ01000045.1	1.8691185756784806e-05	2.942824673393421e-05	47.0	2.942824673393421e-05	0.0	0.00032370489963441944	0.0005053230490506013	807.0539682539605	1.3148791093885498e-05	0.002703015769157319
NZ_JVGP01000017.1	1.7365188786217654e-05	1.7531721458514e-05	28.0	1.7531721458514e-05	0.0	1.865770635514126e-06	1.8384330200969084e-06	2.936170568561873	0.0	8.765860729257e-06
NZ_WACO01000193.1	1.6334505961199922e-05	2.3793050550840427e-05	38.0	2.3793050550840427e-05	0.0	1.6334505961199922e-05	2.3793050550840427e-05	38.0	2.3793050550840427e-05	0.0
NZ_WACO01000125.1	1.4468043111283855e-05	2.3166917641607783e-05	37.0	2.3166917641607783e-05	0.0	5.4816873599338456e-05	8.344468034031357e-05	133.2699161949165	4.8212234010913496e-05	0.00021413745495756385
NC_000913.3	1.4283512578076799e-05	1.9410120186211927e-05	31.0	1.9410120186211927e-05	0.0	3.277565937287834e-06	6.45032033093732e-06	10.301838852141648	3.1306645461632142e-06	1.3774924003118142e-05
NZ_SUSS01000094.1	1.3790183754254351e-05	1.6905588549281357e-05	27.0	1.6905588549281357e-05	0.0	1.3790183754254351e-05	1.6905588549281357e-05	27.0	1.6905588549281357e-05	0.0
NZ_WACO01000229.1	1.3779666550545468e-05	4.8212234010913496e-05	77.0	4.8212234010913496e-05	0.0	1.3779666550545468e-05	4.8212234010913496e-05	77.0	4.8212234010913496e-05	0.0
NZ_CP045927.1	1.2644442998534614e-05	3.06805125523995e-05	49.0	3.06805125523995e-05	0.0	0.0014017920888649933	0.0005340897759556	852.9974516275686	0.0	0.010406328951446523
NZ_LT906467.1	1.2372065071388542e-05	0.00026548035351464053	424.0	0.00023730437259917163	2.8175980915468928e-05	0.002834374688124862	0.002336503757347986	3731.6418333792553	9.391993638489643e-06	0.033362239802642905
NZ_SUSS01000105.1	1.1692004087663785e-05	1.3774924003118142e-05	22.0	1.3774924003118142e-05	0.0	1.1692004087663785e-05	1.3774924003118142e-05	22.0	1.3774924003118142e-05	0.0
NZ_LR793266.1	1.1491043148884599e-05	1.565332273081607e-05	25.0	1.5027189821583428e-05	6.261329092326428e-07	3.900838998819044e-06	3.946302101319578e-06	6.302658817528004	2.504531636930571e-06	1.3148791093885498e-05
NZ_WACO01000384.1	1.1425137245150328e-05	1.7531721458514e-05	28.0	1.7531721458514e-05	0.0	1.1425137245150328e-05	1.7531721458514e-05	28.0	1.7531721458514e-05	0.0
NZ_BNBB01000054.1	1.1231897544734481e-05	6.073489219556635e-05	97.0	5.948262637710107e-05	1.2522658184652855e-06	1.010130172776686e-05	6.440870679326402e-05	102.86746766305593	3.756797455395857e-05	7.701434783561507e-05
NZ_JVTL01000090.1	1.1049765992676517e-05	3.568957582626064e-05	57.0	3.568957582626064e-05	0.0	1.1049767347988113e-05	3.631570873549328e-05	58.0	3.631570873549328e-05	0.0
NZ_WACO01000663.1	1.0783901970376673e-05	1.4401056912350785e-05	23.0	1.4401056912350785e-05	0.0	1.0783901970376673e-05	1.4401056912350785e-05	23.0	1.4401056912350785e-05	0.0
NZ_LS483464.1	1.0558125182171698e-05	0.0003024221951593665	483.0	0.000287395005337783	1.5027189821583428e-05	0.00015530147105956456	0.00022432709525666084	358.2739254698893	9.329380347566379e-05	0.004917021736203944
NZ_CP011311.1	1.0495513797552986e-05	0.00022728624605144934	363.0	0.00022039878404989027	6.887462001559071e-06	0.0021294337382019523	0.0010310580344751214	1646.7079421503888	0.00016842975258358093	0.011617896130811687
NZ_SUSS01000131.1	1.0390594812841167e-05	7.513594910791714e-06	12.0	7.513594910791714e-06	0.0	1.0390594812841167e-05	7.513594910791714e-06	12.0	7.513594910791714e-06	0.0
NZ_LS483383.1	1.0225223441965293e-05	6.887462001559071e-06	11.0	6.887462001559071e-06	0.0	4.710342702803743e-06	2.49081230013184e-06	3.978088778602062	1.2522658184652855e-06	8.765860729257e-06
NZ_WACO01000076.1	1.0123476248978992e-05	8.139727820024356e-06	13.0	8.139727820024356e-06	0.0	1.0123476248978992e-05	8.139727820024356e-06	13.0	8.139727820024356e-06	0.0
NZ_QMIL01000050.1	1.0067997477917103e-05	4.7586101101680855e-05	76.0	4.7586101101680855e-05	0.0	1.0067997477917103e-05	4.7586101101680855e-05	76.0	4.7586101101680855e-05	0.0
NZ_LR134479.1	9.882834010633866e-06	4.445543655551764e-05	71.0	4.257703782781971e-05	1.8783987276979285e-06	7.869841233333397e-06	6.554587023131868e-06	10.468363707579021	5.009063273861142e-06	1.4401056912350785e-05
NZ_CP015866.1	9.738614821154648e-06	3.5063442917028e-05	56.0	3.3811177098562715e-05	1.2522658184652855e-06	2.2224242116004887e-06	3.328391302039197e-06	5.315790390443312	2.504531636930571e-06	4.007250619088914e-05
NZ_SUSS01000130.1	9.614947187648022e-06	2.692371509700364e-05	43.0	2.692371509700364e-05	0.0	9.614947187648022e-06	2.692371509700364e-05	43.0	2.692371509700364e-05	0.0
NZ_SUSS01000134.1	8.884022403648915e-06	4.0698639100121785e-05	65.0	4.0698639100121785e-05	0.0	8.884022403648915e-06	4.0698639100121785e-05	65.0	4.0698639100121785e-05	0.0
NZ_CP006841.1	8.819877520961838e-06	0.00010894712620647985	174.0	0.0001008073983864555	8.139727820024356e-06	0.00013062474074951105	4.4040507247914e-05	70.33731432817969	1.7531721458514e-05	0.0006536827572388791
NZ_CP038157.1	8.642973361705467e-06	0.00024794863205612657	396.0	0.0002385566384176369	9.391993638489643e-06	0.0006591797678640616	0.00039540024636837624	631.4957104761655	9.391993638489643e-06	0.008325063161157218
NZ_CP010827.1	8.27869229719752e-06	0.00017531721458514	280.0	0.0001696820184020462	5.635196183093785e-06	0.007675491182617549	0.010677097099232463	17052.44516266966	0.002180820922857295	0.04140053409137157
NZ_BHXD01000040.1	7.825871531841279e-06	2.3793050550840427e-05	38.0	2.3793050550840427e-05	0.0	0.00017713648340579095	0.00035483995521062476	566.7166666666649	0.0001433844362142752	0.0009586094840351761
NZ_SUSS01000092.1	7.58115033876982e-06	3.0054379643166856e-05	48.0	3.0054379643166856e-05	0.0	7.58115033876982e-06	3.0054379643166856e-05	48.0	3.0054379643166856e-05	0.0
NZ_PKKP01000008.1	7.284086577219614e-06	2.8175980915468928e-05	45.0	2.8175980915468928e-05	0.0	1.6845284779023798e-06	2.1383981701813824e-06	3.4152464095875366	6.261329092326428e-07	1.3774924003118142e-05
NZ_SUSS01000147.1	7.210744965300316e-06	1.0644259456954927e-05	17.0	1.0644259456954927e-05	0.0	7.210744965300316e-06	1.0644259456954927e-05	17.0	1.0644259456954927e-05	0.0
NZ_JIAH01000010.1	7.0835933872581385e-06	1.8783987276979285e-05	30.0	1.8783987276979285e-05	0.0	7.074096362549043e-06	1.7531721458514e-05	28.0	1.7531721458514e-05	0.0
NZ_BMUF01000037.1	7.0734120637861196e-06	3.318504418933007e-05	53.0	3.318504418933007e-05	0.0	6.852221171644285e-06	3.464824152881608e-05	55.336879786879805	1.7531721458514e-05	4.6333835283215565e-05
NZ_SUSS01000110.1	7.065420838537263e-06	4.8212234010913496e-05	77.0	4.8212234010913496e-05	0.0	7.065420838537263e-06	4.8212234010913496e-05	77.0	4.8212234010913496e-05	0.0
NZ_BMTE01000135.1	6.7915626935806356e-06	5.635196183093785e-06	9.0	5.635196183093785e-06	0.0	8.571752094224479e-05	8.007616486708355e-05	127.89004329004348	5.009063273861142e-06	0.0004414237010090132
NZ_WACO01000289.1	6.331016740973579e-06	1.9410120186211927e-05	31.0	1.9410120186211927e-05	0.0	6.331016740973579e-06	1.9410120186211927e-05	31.0	1.9410120186211927e-05	0.0
NZ_JIAH01000011.1	6.1878682120371195e-06	1.3774924003118142e-05	22.0	1.3774924003118142e-05	0.0	6.187867125676088e-06	1.3774924003118142e-05	22.0	1.3774924003118142e-05	0.0
NZ_SUSS01000128.1	5.959585364902094e-06	1.0018126547722284e-05	16.0	1.0018126547722284e-05	0.0	5.959585364902094e-06	1.0018126547722284e-05	16.0	1.0018126547722284e-05	0.0
NZ_JXXV01000070.1	5.763359931622489e-06	1.6905588549281357e-05	27.0	1.6905588549281357e-05	0.0	5.763359931622489e-06	1.6905588549281357e-05	27.0	1.6905588549281357e-05	0.0
NZ_GG666999.1	5.582022141819886e-06	5.009063273861142e-06	8.0	5.009063273861142e-06	0.0	3.719388466574217e-06	4.3829303646285e-06	7.0	3.1306645461632142e-06	2.504531636930571e-06
NZ_MAYG01000035.1	5.5242924093081045e-06	2.504531636930571e-06	4.0	2.504531636930571e-06	0.0	9.183856002356378e-07	7.503656293184846e-07	1.1984126984126984	0.0	1.8783987276979285e-06
NZ_PDNI01000016.1	5.50654847405144e-06	1.127039236618757e-05	18.0	1.127039236618757e-05	0.0	5.4878661540636004e-05	4.736838014913875e-05	75.65227677809024	5.635196183093785e-06	0.0005616412195816806
NZ_BMTE01000132.1	5.439801317126769e-06	8.139727820024356e-06	13.0	8.139727820024356e-06	0.0	5.439801317126769e-06	8.139727820024356e-06	13.0	8.139727820024356e-06	0.0
NZ_BMSD01000324.1	5.264452520890642e-06	3.1306645461632142e-06	5.0	3.1306645461632142e-06	0.0	5.264452520890642e-06	3.1306645461632142e-06	5.0	3.1306645461632142e-06	0.0
NZ_JADLRJ010000035.1	5.1447570554660325e-06	4.6333835283215565e-05	74.0	4.6333835283215565e-05	0.0	5.421458398545862e-06	4.883836692014614e-05	78.0	4.946449982937878e-05	0.0
NZ_BMTE01000077.1	5.008184595456279e-06	3.756797455395857e-06	6.0	3.756797455395857e-06	0.0	4.954079650680574e-06	3.2871977734713746e-06	5.25	3.1306645461632142e-06	6.261329092326428e-07
NZ_BMSD01000246.1	4.977962748569111e-06	8.139727820024356e-06	13.0	8.139727820024356e-06	0.0	4.977962748569111e-06	8.139727820024356e-06	13.0	8.139727820024356e-06	0.0
NZ_JIAH01000002.1	4.930645149433378e-06	5.009063273861142e-06	8.0	5.009063273861142e-06	0.0	4.897907808698121e-06	3.756797455395857e-06	6.0	3.756797455395857e-06	0.0
NZ_QMIL01000049.1	4.926764458343585e-06	8.703247438333736e-05	139.0	8.703247438333736e-05	0.0	4.926764525958902e-06	8.953700602026792e-05	143.0	9.07892718387332e-05	0.0
NZ_CP053988.1	4.92015796200125e-06	7.513594910791714e-06	12.0	7.513594910791714e-06	0.0	3.6138918203155213e-06	2.0844403888894615e-06	3.3290701672973038	1.8783987276979285e-06	3.756797455395857e-06
NZ_WACO01000553.1	4.9108651618623575e-06	1.2522658184652857e-05	20.0	1.2522658184652857e-05	0.0	4.9108651618623575e-06	1.3148791093885498e-05	21.0	1.3148791093885498e-05	0.0
NZ_BMRF01000071.1	4.859436712341926e-06	3.1306645461632142e-06	5.0	3.1306645461632142e-06	0.0	4.859436712341926e-06	3.1306645461632142e-06	5.0	3.1306645461632142e-06	0.0
NZ_RKQG01000001.1	4.816181963571087e-06	6.887462001559071e-05	110.0	6.824848710635807e-05	6.261329092326428e-07	8.021835786759626e-07	2.6407755219962228e-06	4.217595790057778	0.0	0.0001784478791313032
NZ_JIAH01000013.1	4.459508104919835e-06	1.7531721458514e-05	28.0	1.7531721458514e-05	0.0	4.4595081758938315e-06	1.5966389185432392e-05	25.5	1.6279455640048713e-05	0.0
NZ_BMIV01000073.1	4.281845230978063e-06	1.0644259456954927e-05	17.0	1.0644259456954927e-05	0.0	0.00011844231227415837	0.00017823916816155953	284.66666666666754	7.889274656331299e-05	0.0003725490809934225
NZ_SUSS01000161.1	4.217497908584114e-06	4.3829303646285e-06	7.0	4.3829303646285e-06	0.0	4.217497908584114e-06	4.3829303646285e-06	7.0	4.3829303646285e-06	0.0
NZ_CP065712.1	4.116185550150522e-06	3.568957582626064e-05	57.0	3.4437310007795356e-05	1.2522658184652855e-06	0.0007610010359814745	0.0003134260580232173	500.57432439917045	1.3774924003118142e-05	0.006554359293847305
NZ_JIAH01000001.1	4.066582800929946e-06	5.009063273861142e-06	8.0	5.009063273861142e-06	0.0	4.066508816105173e-06	5.009063273861142e-06	8.0	5.009063273861142e-06	0.0
NC_012803.1	4.012464991936701e-06	1.815785436774664e-05	29.0	1.815785436774664e-05	0.0	2.5047683614824323e-06	2.226452723817431e-06	3.5558787774724387	1.2522658184652855e-06	9.391993638489643e-06
NZ_WACO01000412.1	3.798810325272362e-06	1.2522658184652857e-05	20.0	1.2522658184652857e-05	0.0	3.798810325272362e-06	1.2522658184652857e-05	20.0	1.2522658184652857e-05	0.0
NZ_GG667001.1	3.6188546875952412e-06	3.756797455395857e-06	6.0	3.756797455395857e-06	0.0	1.8702078255093472e-06	2.504531636930571e-06	4.0	1.2522658184652855e-06	2.504531636930571e-06
NZ_CP053391.1	3.6067554002941037e-06	5.009063273861142e-06	8.0	5.009063273861142e-06	0.0	1.1936342195001503e-06	1.0376848526970153e-06	1.6572916666666666	6.261329092326428e-07	3.1306645461632142e-06
NZ_SUSS01000207.1	3.5096813150287383e-06	1.4401056912350785e-05	23.0	1.4401056912350785e-05	0.0	3.5096813150287383e-06	1.4401056912350785e-05	23.0	1.4401056912350785e-05	0.0
NZ_BMRF01000274.1	3.477507012050551e-06	1.1896525275420214e-05	19.0	1.1896525275420214e-05	0.0	3.662288361469804e-05	4.184654943371499e-05	66.83333333333337	3.5063442917028e-05	3.631570873549328e-05
NZ_BMSD01000210.1	3.407415103930031e-06	3.1306645461632142e-06	5.0	3.1306645461632142e-06	0.0	3.407415103930031e-06	3.1306645461632142e-06	5.0	3.1306645461632142e-06	0.0
NZ_LZEM01000017.1	3.402957718084134e-06	1.6279455640048713e-05	26.0	1.6279455640048713e-05	0.0	1.8322735337024479e-07	4.2114125405691677e-07	0.672606802560572	0.0	1.565332273081607e-05
NZ_ACVO01000020.1	3.3351218466321927e-06	3.694184164472593e-05	59.0	3.568957582626064e-05	1.2522658184652855e-06	2.815031132060679e-06	1.4658983513492085e-06	2.3411935864315776	1.2522658184652855e-06	5.009063273861142e-06
NZ_LS990887.1	3.266624067699088e-06	5.4473563103239925e-05	87.0	5.134289855707671e-05	3.1306645461632142e-06	0.0011364950155977333	0.0005113585150025546	816.693241103155	2.3166917641607783e-05	0.014242019153405694
NZ_GG667014.1	3.262985374121106e-06	3.1306645461632142e-06	5.0	3.1306645461632142e-06	0.0	4.05555946229061e-06	5.322129728477464e-06	8.5	6.2613290923264285e-06	6.261329092326428e-07
NZ_UFXX01000001.1	3.2612458870409434e-06	1.8783987276979285e-05	30.0	1.6905588549281357e-05	1.8783987276979285e-06	1.5964735701721702e-06	1.1030364649496084e-06	1.7616650533533442	0.0	4.007250619088914e-05
NZ_BMSD01000183.1	3.2598097720782777e-06	1.2522658184652855e-06	2.0	1.2522658184652855e-06	0.0	3.2598097720782777e-06	1.2522658184652855e-06	2.0	1.2522658184652855e-06	0.0
NZ_VJYZ01000013.1	3.2588249457254484e-06	1.2522658184652855e-06	2.0	1.2522658184652855e-06	0.0	5.823759811564486e-07	9.391993638489642e-07	1.5	0.0	1.2522658184652855e-06
NZ_SMSJ01000397.1	3.2119427247229503e-06	8.765860729257e-06	14.0	8.765860729257e-06	0.0	3.894230310388869e-06	1.2313947214908636e-05	19.666666666666657	9.391993638489643e-06	8.139727820024356e-06
NZ_WACO01000681.1	3.1951461862713514e-06	8.139727820024356e-06	13.0	8.139727820024356e-06	0.0	3.8792477777868056e-06	1.0018126547722284e-05	16.0	1.0018126547722284e-05	1.2522658184652855e-06
NZ_JIAH01000012.1	3.1941810315831866e-06	9.391993638489643e-06	15.0	9.391993638489643e-06	0.0	3.1941789178450707e-06	9.391993638489643e-06	15.0	9.391993638489643e-06	0.0
NZ_QMIL01000034.1	3.133475336376389e-06	3.130664546163214e-05	50.0	3.130664546163214e-05	0.0	2.3596071364796124e-06	2.4210472490328855e-05	38.666666666666664	2.692371509700364e-05	2.504531636930571e-06
NZ_CP009215.1	3.113937502930672e-06	7.951887947254563e-05	127.0	7.513594910791714e-05	4.3829303646285e-06	0.001187077742262902	0.0004612272289584115	736.6283135056239	1.8783987276979285e-06	0.013700414186919457
NZ_SUSS01000113.1	3.087676384662111e-06	2.504531636930571e-06	4.0	2.504531636930571e-06	0.0	3.087676384662111e-06	2.504531636930571e-06	4.0	2.504531636930571e-06	0.0
NZ_GG667002.1	3.0345760678344844e-06	3.756797455395857e-06	6.0	3.756797455395857e-06	0.0	3.0368891851641513e-06	6.2613290923264285e-06	10.0	6.2613290923264285e-06	0.0
NZ_LFQR01000321.1	3.0291633774170174e-06	5.009063273861142e-06	8.0	5.009063273861142e-06	0.0	0.0003523503480027837	0.0003298926387268199	526.8731827737977	5.009063273861142e-06	0.0016429727538264547
NZ_SUSS01000193.1	2.852739142253497e-06	1.0018126547722284e-05	16.0	1.0018126547722284e-05	0.0	2.852739142253497e-06	1.0018126547722284e-05	16.0	1.0018126547722284e-05	0.0
NZ_BMSY01000161.1	2.78966085357438e-06	3.1306645461632142e-06	5.0	3.1306645461632142e-06	0.0	2.78966085357438e-06	3.1306645461632142e-06	5.0	3.1306645461632142e-06	0.0
NZ_CP013911.1	2.7760775754369327e-06	1.6279455640048713e-05	26.0	1.6279455640048713e-05	0.0	0.0037598342084274603	0.002465193173542493	3937.172343430583	2.504531636930571e-06	0.030061893238077647
NZ_AYTB01000022.1	2.768392094244006e-06	9.391993638489643e-06	15.0	8.765860729257e-06	6.261329092326428e-07	1.4664623891398459e-06	2.7720749225503033e-06	4.427294719179702	6.261329092326428e-07	8.077114529101093e-05
NZ_CP009246.1	2.734907464897092e-06	0.0001008073983864555	161.0	9.705060093105963e-05	3.756797455395857e-06	0.002492270449618815	0.0013209883508712163	2109.757100118174	5.885649346786842e-05	0.01805829923517865
NZ_CDSE01000102.1	2.625111790612043e-06	1.1896525275420214e-05	19.0	1.1896525275420214e-05	0.0	2.6247168537960438e-06	1.0644259456954927e-05	17.0	1.1896525275420214e-05	0.0
NZ_QPLJ01000130.1	2.610251610936228e-06	3.1306645461632142e-06	5.0	3.1306645461632142e-06	0.0	2.610251610936228e-06	3.1306645461632142e-06	5.0	3.1306645461632142e-06	0.0
NZ_BMSD01000223.1	2.610251610896775e-06	1.2522658184652855e-06	2.0	1.2522658184652855e-06	0.0	2.610251610896775e-06	1.2522658184652855e-06	2.0	1.2522658184652855e-06	0.0
NZ_BMTN01000049.1	2.5707512835960368e-06	3.694184164472593e-05	59.0	3.694184164472593e-05	0.0	8.190103616712891e-06	5.461043393464133e-05	87.21859708918535	3.5063442917028e-05	5.6351961830937856e-05
NZ_CP014234.1	2.5652323781961253e-06	2.504531636930571e-06	4.0	2.504531636930571e-06	0.0	5.188917650601418e-07	9.556436789518163e-07	1.5262632978723405	6.261329092326428e-07	2.504531636930571e-06
NZ_CDSE01000078.1	2.5612298312391983e-06	4.5707702373982924e-05	73.0	4.5707702373982924e-05	0.0	2.5616319761559507e-06	5.2908230830158314e-05	84.5	5.6351961830937856e-05	0.0
NZ_BMSH01000149.1	2.4845658945199474e-06	2.003625309544457e-05	32.0	2.003625309544457e-05	0.0	1.3764274898743334e-06	1.1166036881315462e-05	17.833333333333332	8.765860729257e-06	6.887462001559071e-06
NZ_BMSD01000168.1	2.4800671017084234e-06	1.8783987276979285e-06	3.0	1.8783987276979285e-06	0.0	2.4800671017084234e-06	1.8783987276979285e-06	3.0	1.8783987276979285e-06	0.0
NZ_LT629777.1	2.4342826521147068e-06	3.756797455395857e-06	6.0	3.756797455395857e-06	0.0	1.010291547127996e-07	6.063556865964436e-08	0.0968413698841613	0.0	3.756797455395857e-06
NZ_BMSH01000039.1	2.4323659986911496e-06	1.127039236618757e-05	18.0	1.127039236618757e-05	0.0	1.1558290213039557e-05	5.451232831122586e-05	87.06191210750038	2.692371509700364e-05	8.390180983717414e-05
NZ_BMTE01000074.1	2.3807995534587896e-06	2.504531636930571e-06	4.0	2.504531636930571e-06	0.0	1.0994304323862837e-06	7.826661365408036e-07	1.25	6.261329092326428e-07	1.2522658184652855e-06
NZ_HE998592.1	2.3782771675377935e-06	2.7549848006236283e-05	44.0	2.441918346007307e-05	3.1306645461632142e-06	0.0019236481989564859	0.0010474357958097313	1672.864946666701	8.765860729257e-06	0.020352450214607055
NZ_LT629736.1	2.363457696865313e-06	6.2613290923264285e-06	10.0	6.2613290923264285e-06	0.0	3.113653799814372e-07	1.9277085909473494e-06	3.0787530291449663	6.261329092326428e-07	6.2613290923264285e-06
NZ_CP057657.1	2.2812441414237945e-06	1.2522658184652855e-06	2.0	1.2522658184652855e-06	0.0	5.738509983387782e-07	5.303823602119797e-07	0.847076319406354	0.0	7.513594910791714e-06
NZ_JADLRJ010000046.1	2.2402893092899974e-06	1.2522658184652855e-06	2.0	1.2522658184652855e-06	0.0	1.5702670689987027e-05	1.1647382457747605e-05	18.602092760180987	1.2522658184652855e-06	0.0001214697843911327
NZ_QMIL01000046.1	2.2274123889568106e-06	2.254078473237514e-05	36.0	2.254078473237514e-05	0.0	9.551781759542614e-05	0.000545857452494777	871.7916666666708	0.00026485422060540793	0.0004520679604659681
NZ_SUSS01000112.1	2.19574209706152e-06	5.009063273861142e-06	8.0	5.009063273861142e-06	0.0	2.19574209706152e-06	5.009063273861142e-06	8.0	5.009063273861142e-06	0.0
NZ_BMTE01000057.1	2.1664581453170652e-06	1.2522658184652855e-06	2.0	1.2522658184652855e-06	0.0	1.0455364768055992e-06	6.261329092326428e-07	1.0	0.0	1.2522658184652855e-06
NZ_AMRJ01000061.1	2.0657057906788427e-06	1.6279455640048713e-05	26.0	1.6279455640048713e-05	0.0	2.310650489643708e-06	2.1267796630461092e-05	33.966904337492565	5.635196183093785e-06	4.883836692014614e-05
NZ_BMSD01000308.1	2.0547281554654558e-06	3.1306645461632142e-06	5.0	3.1306645461632142e-06	0.0	2.0547281554654558e-06	3.1306645461632142e-06	5.0	3.1306645461632142e-06	0.0
NZ_QYZP01000009.1	2.053977707376089e-06	3.1306645461632142e-06	5.0	3.1306645461632142e-06	0.0	1.3885125136813907e-05	1.4547154591171729e-05	23.233333333333324	6.2613290923264285e-06	3.06805125523995e-05
NZ_BMRF01000103.1	1.973932313236318e-06	1.2522658184652855e-06	2.0	1.2522658184652855e-06	0.0	1.973932313236318e-06	1.2522658184652855e-06	2.0	1.2522658184652855e-06	0.0
NZ_BMSD01000155.1	1.841679064726314e-06	1.2522658184652855e-06	2.0	1.2522658184652855e-06	0.0	1.841679064726314e-06	1.2522658184652855e-06	2.0	1.2522658184652855e-06	0.0
NZ_LT630337.1	1.7937830295549479e-06	6.887462001559071e-06	11.0	6.887462001559071e-06	0.0	3.8218882544870284e-06	2.331857018896206e-06	3.724220504164225	0.0	0.0001302356451203897
NZ_BANR01000046.1	1.7076490768264643e-06	2.1288518913909855e-05	34.0	1.9410120186211927e-05	1.8783987276979285e-06	3.7986300884853336e-06	2.9169075666891016e-06	4.658607659296997	6.261329092326428e-07	0.00016905588549281355
NZ_BMWF01000062.1	1.6895391691650793e-06	8.139727820024356e-06	13.0	8.139727820024356e-06	0.0	3.351272067687074e-06	1.6050562755750105e-05	25.63443403002227	8.139727820024356e-06	2.880211382470157e-05
NZ_BMSD01000340.1	1.6872247284845497e-06	2.504531636930571e-06	4.0	2.504531636930571e-06	0.0	1.6872247284845497e-06	2.504531636930571e-06	4.0	2.504531636930571e-06	0.0
NZ_SUSS01000104.1	1.6585918643742567e-06	3.1306645461632142e-06	5.0	3.1306645461632142e-06	0.0	1.6585918643742567e-06	3.1306645461632142e-06	5.0	3.1306645461632142e-06	0.0
NZ_PDNI01000038.1	1.6377764464891828e-06	1.2522658184652855e-06	2.0	1.2522658184652855e-06	0.0	7.75870686574219e-05	5.92224260018525e-05	94.58443267968863	6.261329092326428e-07	0.0007713957441746159
NZ_RCNS01000007.1	1.63633534956276e-06	1.815785436774664e-05	29.0	1.815785436774664e-05	0.0	2.8460930709737713e-06	3.0931236769300013e-05	49.4004329004329	2.003625309544457e-05	2.5045316369305714e-05
NZ_JXST01000086.1	1.6349352119406146e-06	1.4401056912350785e-05	23.0	1.4401056912350785e-05	0.0	1.5577502454400762e-06	9.902518398270258e-07	1.581536164646942	6.261329092326428e-07	3.06805125523995e-05
NZ_QLKS01000014.1	1.6309310183785532e-06	6.261329092326428e-07	1.0	6.261329092326428e-07	0.0	3.5982726517301124e-07	2.0871096974421425e-07	0.3333333333333333	0.0	6.261329092326428e-07
NZ_SUSS01000196.1	1.630772705796e-06	1.4401056912350785e-05	23.0	1.4401056912350785e-05	0.0	1.630772705796e-06	1.4401056912350785e-05	23.0	1.4401056912350785e-05	0.0
NZ_CP018809.1	1.6302428899288217e-06	3.1306645461632142e-06	5.0	3.1306645461632142e-06	0.0	8.060953155339039e-07	3.5886911063301275e-07	0.5731516509375378	0.0	3.756797455395857e-06
NZ_BMSH01000129.1	1.6301068677650718e-06	6.2613290923264285e-06	10.0	6.2613290923264285e-06	0.0	0.00021152003850700768	5.7499872164530964e-05	91.83333333333323	3.3811177098562715e-05	9.705060093105963e-05
NZ_CVRN01000007.1	1.6300909963681233e-06	1.2522658184652855e-06	2.0	1.2522658184652855e-06	0.0	3.949810717522184e-06	3.5121187177968005e-07	0.5609222364786859	0.0	1.6905588549281357e-05
NZ_VJOO01000010.1	1.62990501851393e-06	6.261329092326428e-07	1.0	6.261329092326428e-07	0.0	1.902303643980522e-07	7.826661365408035e-08	0.125	0.0	6.261329092326428e-07
NZ_WACO01000601.1	1.6299048860391388e-06	1.8783987276979285e-06	3.0	1.8783987276979285e-06	0.0	1.6299048860391388e-06	1.8783987276979285e-06	3.0	1.8783987276979285e-06	0.0
NZ_RXOF01000037.1	1.6299048860391388e-06	3.1306645461632142e-06	5.0	3.1306645461632142e-06	0.0	1.7552894262040108e-06	3.823309742457199e-06	6.106227106227105	3.1306645461632142e-06	4.3829303646285e-06
NZ_VZZK01000092.1	1.6299000717743973e-06	1.2522658184652855e-06	2.0	1.2522658184652855e-06	0.0	1.6207045379777666e-06	6.261329092326428e-07	1.0	6.261329092326428e-07	0.0
NZ_SNXW01000007.1	1.6298747048623464e-06	6.261329092326428e-07	1.0	6.261329092326428e-07	0.0	7.285709047468801e-07	6.261329092326428e-07	1.0	0.0	6.261329092326428e-07
NZ_VEDN01000015.1	1.6250978914069167e-06	1.4401056912350785e-05	23.0	1.4401056912350785e-05	0.0	1.3924874871238189e-06	2.0510815016488317e-06	3.2757925216908577	1.8783987276979285e-06	1.1896525275420214e-05
NZ_VTPZ01000030.1	1.6207978077898976e-06	7.513594910791714e-06	12.0	7.513594910791714e-06	0.0	5.085975129402774e-07	3.7978786056691153e-06	6.065610910507172	2.504531636930571e-06	5.635196183093785e-06
NZ_UAPR01000011.1	1.5701468569813683e-06	1.6279455640048713e-05	26.0	1.6279455640048713e-05	0.0	7.462852460002289e-07	7.306636447534334e-07	1.1669465603539322	0.0	8.765860729257e-06
NZ_QZCH01000134.1	1.521278406157062e-06	9.391993638489643e-06	15.0	9.391993638489643e-06	0.0	1.5262051397540442e-06	1.0644259456954927e-05	17.0	1.0018126547722284e-05	6.261329092326428e-07
NZ_SMSJ01000370.1	1.4730840788658265e-06	2.3793050550840427e-05	38.0	2.3793050550840427e-05	0.0	0.0001081200890815747	0.00017636076943386146	281.6666666666673	8.452794274640678e-05	0.0002679848851515711
NZ_LR738855.1	1.469680255740071e-06	0.0002636019547869426	421.0	0.0002585928915130815	5.009063273861142e-06	0.0008059592009200416	0.0007100030096265115	1133.9493566895496	0.00018533534113286226	0.006781645539898754
NZ_BMSY01000055.1	1.4693317379518428e-06	3.756797455395857e-06	6.0	3.756797455395857e-06	0.0	5.083851270908301e-06	7.200528456175392e-06	11.5	9.391993638489643e-06	0.0
NZ_FNRT01000002.1	1.4677452580714798e-06	1.9410120186211927e-05	31.0	1.8783987276979285e-05	6.261329092326428e-07	7.745182232993234e-07	2.353591718394769e-06	3.758933101406878	0.0	0.00010456419584185135
NZ_BMRF01000235.1	1.4276989225260003e-06	6.2613290923264285e-06	10.0	6.2613290923264285e-06	0.0	1.4276989225260003e-06	6.2613290923264285e-06	10.0	6.2613290923264285e-06	0.0
NZ_AP019846.1	1.4210674076434309e-06	1.0018126547722284e-05	16.0	1.0018126547722284e-05	0.0	2.1210412387406076e-05	1.2349307197478743e-05	19.723140271629287	2.504531636930571e-06	0.0002385566384176369
NZ_ACFY01000079.1	1.3733743301652819e-06	1.2522658184652855e-06	2.0	1.2522658184652855e-06	0.0	1.3733743301652819e-06	1.2522658184652855e-06	2.0	1.2522658184652855e-06	0.0
NZ_BMSD01000268.1	1.3632710215096017e-06	1.2522658184652855e-06	2.0	1.2522658184652855e-06	0.0	1.3632710215096017e-06	1.2522658184652855e-06	2.0	1.2522658184652855e-06	0.0
NC_004369.1	1.321196728424883e-06	4.3829303646285e-05	70.0	4.257703782781971e-05	1.2522658184652855e-06	1.1294340737198818e-05	1.940792434112654e-05	30.996493004834907	1.8783987276979285e-06	0.0007989455921808522
NZ_BMVC01000049.1	1.2955660136590136e-06	6.2613290923264285e-06	10.0	6.2613290923264285e-06	0.0	0.00020626501517906606	0.00018635685600665064	297.6314665125018	5.2595164375541994e-05	0.001383127596494908
NZ_SUSS01000125.1	1.2918304347244829e-06	3.1306645461632142e-06	5.0	3.1306645461632142e-06	0.0	1.2918304347244829e-06	3.1306645461632142e-06	5.0	3.1306645461632142e-06	0.0
NZ_JADLRJ010000041.1	1.2546830302764183e-06	5.635196183093785e-06	9.0	5.635196183093785e-06	0.0	1.2546830302764183e-06	5.635196183093785e-06	9.0	5.635196183093785e-06	0.0
NZ_JVTL01000030.1	1.2217256990389024e-06	1.8783987276979285e-06	3.0	1.8783987276979285e-06	0.0	2.7391579639590343e-05	1.699503610774316e-05	27.142857142857142	2.7549848006236283e-05	2.504531636930571e-06
NZ_BMSY01000166.1	1.1913426244617568e-06	2.504531636930571e-06	4.0	2.504531636930571e-06	0.0	1.1913426244617568e-06	2.504531636930571e-06	4.0	2.504531636930571e-06	0.0
NZ_KB849702.1	1.181148910127595e-06	1.2522658184652855e-06	2.0	1.2522658184652855e-06	0.0	1.1443675863417516e-07	8.944755846180611e-08	0.14285714285714285	0.0	6.261329092326428e-07
NZ_BMTE01000138.1	1.1678903906784248e-06	1.2522658184652855e-06	2.0	1.2522658184652855e-06	0.0	1.1678903906784248e-06	1.2522658184652855e-06	2.0	1.2522658184652855e-06	0.0
NZ_LN831197.1	1.086374729345334e-06	1.1896525275420214e-05	19.0	1.1896525275420214e-05	0.0	3.8546454063869976e-06	2.3001464724374466e-06	3.673575431862208	0.0	0.00014275830330504256
NZ_SUSS01000075.1	1.0605866567006832e-06	6.887462001559071e-06	11.0	6.887462001559071e-06	0.0	7.011851205997757e-05	6.807062660761783e-05	108.71593810815949	9.391993638489643e-06	0.000622376111777247
NZ_BMSY01000121.1	1.0548903636759504e-06	2.504531636930571e-06	4.0	2.504531636930571e-06	0.0	1.0499767058051965e-06	2.19146518231425e-06	3.5	2.504531636930571e-06	0.0
NZ_SUSS01000201.1	1.053787293570925e-06	7.513594910791714e-06	12.0	7.513594910791714e-06	0.0	1.053787293570925e-06	7.513594910791714e-06	12.0	7.513594910791714e-06	0.0
NZ_BMSD01000344.1	1.0450630479344426e-06	6.261329092326428e-07	1.0	6.261329092326428e-07	0.0	1.0450630479344426e-06	6.261329092326428e-07	1.0	6.261329092326428e-07	0.0
NC_014212.1	1.035546220573782e-06	3.1306645461632142e-06	5.0	3.1306645461632142e-06	0.0	1.0355462223330553e-06	3.1306645461632142e-06	5.0	3.1306645461632142e-06	0.0
NZ_UFXQ01000001.1	9.993673433013099e-07	0.00023730437259917163	379.0	0.00023667823968993897	6.261329092326428e-07	0.0004195837737735023	0.00029497494536371427	471.1059601151149	0.0001959796005898172	0.002704894167885017
NZ_CP033896.1	9.977244231184707e-07	4.8212234010913496e-05	77.0	4.6959968192448213e-05	1.2522658184652855e-06	0.0002725598636455262	0.0004771618256891724	762.0775376173057	1.0018126547722284e-05	0.0034186856844102297
NZ_CABGGT010000016.1	9.812054479017991e-07	1.2522658184652855e-06	2.0	1.2522658184652855e-06	0.0	1.7366072901226007e-07	6.261329092326428e-07	1.0	0.0	6.261329092326428e-07
NZ_LT906450.1	9.702019037289693e-07	6.1361025104799e-05	98.0	6.073489219556635e-05	6.261329092326428e-07	7.190491015907449e-05	4.219651639969332e-05	67.3922673245322	6.261329092326428e-07	0.0008058330541824113
NZ_JADIJF010000006.1	9.522916208798962e-07	1.2522658184652855e-06	2.0	1.2522658184652855e-06	0.0	1.7807958934254113e-05	1.657641177981991e-05	26.474270135609277	1.2522658184652855e-06	0.00024106117005456748
NZ_JVHT01000008.1	9.360842548795556e-07	6.261329092326428e-07	1.0	6.261329092326428e-07	0.0	2.1990166819777372e-07	1.565332273081607e-07	0.25	0.0	6.261329092326428e-07
NZ_BMRF01000242.1	9.351853403774928e-07	1.8783987276979285e-06	3.0	1.8783987276979285e-06	0.0	9.668745345274213e-05	0.00015728483526467944	251.20039682539587	0.00010331193002338606	0.0006386555674172957
NZ_BCMS01000001.1	9.351749959822245e-07	2.504531636930571e-06	4.0	2.504531636930571e-06	0.0	1.3359493236562692e-07	1.1160194578915215e-07	0.17824002562958385	0.0	2.504531636930571e-06
NZ_SUSS01000228.1	9.351635038416099e-07	1.2522658184652855e-06	2.0	1.2522658184652855e-06	0.0	9.351635038416099e-07	1.2522658184652855e-06	2.0	1.2522658184652855e-06	0.0
NZ_BMIV01000089.1	9.351635038416099e-07	6.261329092326428e-07	1.0	6.261329092326428e-07	0.0	0.0001506550401355133	0.00018877907213364192	301.50000000000017	0.00011583458820803892	0.0003600264228087696
NZ_BMSD01000242.1	9.275057161298479e-07	1.2522658184652855e-06	2.0	1.2522658184652855e-06	0.0	5.090951806861701e-07	9.391993638489642e-07	1.5	1.2522658184652855e-06	0.0
NZ_JRYB01000001.1	9.259238713181503e-07	1.8783987276979285e-06	3.0	1.2522658184652855e-06	6.261329092326428e-07	1.873393363361276e-07	3.32041469868082e-07	0.5303050917336631	0.0	1.8783987276979285e-06
NZ_PRKW01000018.1	8.65055220414369e-07	8.765860729257e-06	14.0	8.765860729257e-06	0.0	6.361531945066843e-05	4.693855033863631e-05	74.96579343858775	1.6279455640048713e-05	0.00030054379643166857
NZ_QGHH01000055.1	8.554299891229907e-07	4.3829303646285e-06	7.0	4.3829303646285e-06	0.0	1.2341049577886925e-06	5.27877212454608e-06	8.430753353973166	4.3829303646285e-06	5.009063273861142e-06
NZ_BMVN01000206.1	8.529677407054319e-07	8.765860729257e-06	14.0	8.765860729257e-06	0.0	7.76446357628332e-05	7.458408477752874e-05	119.11861471861504	1.7531721458514e-05	0.0003781842771765163
NZ_LT906460.1	8.272667334503067e-07	4.3829303646285e-06	7.0	4.3829303646285e-06	0.0	0.008776892054920906	0.005917486885049089	9450.847891546326	1.0644259456954927e-05	0.04589554224675272
NZ_VDDC01000074.1	8.154448561959841e-07	3.130664546163214e-07	0.5	6.261329092326428e-07	0.0	3.9330964572528266e-07	1.565332273081607e-07	0.25	0.0	6.261329092326428e-07
NZ_KQ976360.1	8.154448561959841e-07	3.130664546163214e-07	0.5	6.261329092326428e-07	0.0	3.9330964572528266e-07	1.565332273081607e-07	0.25	0.0	6.261329092326428e-07
NZ_BMRF01000091.1	7.763609496920534e-07	3.2558911280097425e-05	52.0	3.2558911280097425e-05	0.0	1.270124593957141e-06	3.099357900701582e-05	49.50000000000001	3.130664546163214e-05	1.8783987276979285e-06
NZ_BJNW01000033.1	7.575553094580062e-07	1.8783987276979285e-06	3.0	1.8783987276979285e-06	0.0	3.148426523848294e-07	3.6375289501904647e-07	0.5809515673993942	0.0	3.756797455395857e-06
NZ_CP015758.1	7.551735244832946e-07	1.0018126547722284e-05	16.0	1.0018126547722284e-05	0.0	0.014829476942499477	0.010687077032565235	17068.3841640951	6.073489219556635e-05	0.06157704095848426
NZ_CABIYR010000012.1	7.516910858929345e-07	3.1306645461632142e-06	5.0	3.1306645461632142e-06	0.0	2.288121671815336e-06	7.722305880535929e-06	12.333333333333334	5.635196183093785e-06	4.3829303646285e-06
NZ_JADLRJ010000052.1	7.488203953692871e-07	1.8783987276979285e-06	3.0	1.8783987276979285e-06	0.0	7.488203953692871e-07	1.8783987276979285e-06	3.0	1.8783987276979285e-06	0.0
NZ_JADLRJ010000032.1	7.488203953687085e-07	6.261329092326428e-07	1.0	6.261329092326428e-07	0.0	7.488203953687085e-07	6.261329092326428e-07	1.0	6.261329092326428e-07	0.0
NZ_BMSY01000091.1	7.488203953687085e-07	6.261329092326428e-07	1.0	6.261329092326428e-07	0.0	7.488203953687085e-07	6.261329092326428e-07	1.0	6.261329092326428e-07	0.0
NZ_BMSH01000177.1	7.488203953687085e-07	1.2522658184652855e-06	2.0	1.2522658184652855e-06	0.0	9.09809443454511e-05	6.584831095429947e-05	105.16666666666646	2.5671449278538355e-05	0.00012460044893729591
NZ_BMJU01000018.1	7.488203953687085e-07	6.261329092326428e-07	1.0	6.261329092326428e-07	0.0	7.488203953687085e-07	6.261329092326428e-07	1.0	6.261329092326428e-07	0.0
NZ_UFWE01000006.1	7.481403113842688e-07	1.2522658184652855e-06	2.0	1.2522658184652855e-06	0.0	2.795529531513024e-07	3.7436475260087046e-07	0.5978998182026132	0.0	3.756797455395857e-06
NZ_QXML01000029.1	7.206667603648652e-07	5.009063273861142e-06	8.0	5.009063273861142e-06	0.0	1.7117666230884097e-06	1.419183102327807e-05	22.66584428643252	5.009063273861142e-06	2.441918346007307e-05
